buscoID	query_chr	position	assigned_chr
0at6231	IV	2285950.5	IV
4at6231	V	4625612.5	I
6at6231	V	8010490.0	V
7at6231	III	7315238.0	III
9at6231	III	13506669.0	III
18at6231	I	7772171.5	I
19at6231	V	15083370.5	V
20at6231	II	8091024.5	II
21at6231	V	17811742.5	V
22at6231	I	17916030.5	I
23at6231	III	9740402.5	III
25at6231	X	17615421.5	X
28at6231	III	15055074.0	III
29at6231	IV	10232425.5	V
31at6231	V	16825463.5	V
32at6231	X	16883996.0	X
35at6231	V	8397019.5	V
39at6231	X	15826821.0	X
40at6231	V	1422408.0	V
43at6231	I	17474754.5	I
45at6231	III	12041829.5	III
48at6231	I	517171.0	I
49at6231	X	2796473.5	X
55at6231	III	7163892.5	III
57at6231	I	8053963.5	I
60at6231	IV	18083958.5	IV
63at6231	IV	9793925.5	IV
65at6231	X	6675890.5	X
67at6231	X	1491609.0	X
68at6231	I	5529304.5	I
72at6231	III	14806640.5	III
74at6231	I	14080969.5	I
76at6231	I	15038043.5	I
86at6231	X	5835933.5	X
90at6231	IV	18012431.5	IV
91at6231	IV	13078607.5	IV
92at6231	III	7510820.5	III
96at6231	IV	12668408.5	IV
97at6231	V	11897196.5	V
101at6231	X	11026085.5	X
107at6231	II	6395954.5	II
112at6231	X	6450513.0	X
117at6231	I	16937191.5	I
121at6231	I	476890.0	I
125at6231	V	11437333.5	V
127at6231	X	16899598.0	X
131at6231	II	6505540.0	II
132at6231	III	13008482.0	III
137at6231	III	297279.5	III
139at6231	X	3805097.0	X
144at6231	IV	12170704.5	IV
146at6231	II	6376162.5	II
147at6231	X	8435884.5	X
149at6231	II	7195960.5	II
151at6231	III	16140916.0	III
152at6231	II	908547.5	II
161at6231	II	672430.5	II
164at6231	X	12294621.0	X
165at6231	X	9739498.5	X
166at6231	III	7434093.0	III
170at6231	III	11306108.0	III
172at6231	IV	8015412.0	IV
174at6231	III	11186884.5	III
175at6231	I	1719188.0	I
181at6231	II	4814588.5	II
183at6231	III	11110108.5	III
184at6231	II	10623564.0	II
185at6231	III	12778523.0	III
189at6231	X	9191780.5	X
190at6231	II	13630868.5	II
194at6231	IV	15258538.0	IV
196at6231	III	15238072.0	III
197at6231	II	9896597.0	II
198at6231	II	410228.5	II
201at6231	II	6574874.5	II
204at6231	I	14101114.0	I
210at6231	III	15793135.5	III
211at6231	III	10475217.5	III
216at6231	I	7902502.0	I
217at6231	V	18517819.5	V
219at6231	II	3061010.5	II
223at6231	III	11558866.0	III
225at6231	II	11531753.5	II
229at6231	I	3571869.0	I
232at6231	X	17683409.5	X
233at6231	IV	12272082.0	IV
238at6231	I	8422893.5	I
241at6231	I	13913259.5	I
243at6231	IV	13300777.0	IV
252at6231	X	14915751.0	X
255at6231	III	11469708.5	III
256at6231	II	6980410.0	II
257at6231	V	9372580.0	V
265at6231	III	18428588.5	III
267at6231	III	12827707.5	III
270at6231	V	18593406.5	V
277at6231	V	13990335.0	II
279at6231	III	14625099.5	III
286at6231	V	11313281.5	V
287at6231	V	9649394.5	V
288at6231	I	14397919.0	I
293at6231	III	13803326.5	III
294at6231	I	11166311.0	I
299at6231	III	8524446.0	III
300at6231	III	17541759.5	III
301at6231	IV	8198527.0	IV
302at6231	II	6793235.5	II
318at6231	I	4722544.5	I
319at6231	II	13864386.0	II
321at6231	I	7617664.0	I
322at6231	X	7474162.0	X
323at6231	IV	17290390.0	IV
334at6231	III	10283851.5	III
344at6231	IV	8730977.0	V
345at6231	III	11718834.0	III
346at6231	I	11353559.0	I
347at6231	II	16163734.0	II
348at6231	IV	6887789.0	IV
350at6231	IV	3411522.5	IV
359at6231	I	7757392.5	I
364at6231	IV	571170.0	IV
366at6231	I	11465737.0	I
369at6231	IV	9330686.5	IV
373at6231	III	2896011.0	III
375at6231	X	7022524.5	X
378at6231	I	6321269.5	I
382at6231	II	10614119.5	II
384at6231	II	7441426.5	II
390at6231	II	623879.5	II
394at6231	X	7587001.0	X
402at6231	X	331817.5	X
403at6231	X	10660302.0	X
405at6231	II	12884441.0	II
411at6231	I	14016084.0	I
416at6231	V	16689385.0	V
421at6231	X	932666.5	X
422at6231	I	16068431.5	I
423at6231	III	6221224.0	III
425at6231	IV	9062486.5	IV
428at6231	III	12103818.5	III
430at6231	I	11190971.0	I
432at6231	X	9439082.5	X
435at6231	III	18601635.0	III
436at6231	X	14584172.5	X
438at6231	X	7932789.0	X
439at6231	X	7433161.0	X
446at6231	II	12017042.0	II
450at6231	II	7040137.0	II
451at6231	III	13171040.5	III
452at6231	IV	13800722.0	IV
454at6231	V	10657137.5	V
455at6231	V	9227772.0	V
459at6231	IV	10517923.0	IV
461at6231	III	11426068.0	III
462at6231	I	12318123.0	I
473at6231	V	10767068.0	V
479at6231	III	6465777.5	III
482at6231	V	7050390.5	V
487at6231	V	15645500.5	V
488at6231	I	12178043.0	I
489at6231	I	6996472.5	I
490at6231	V	221844.5	V
493at6231	X	6360260.5	X
494at6231	II	13175480.0	II
495at6231	IV	9196706.5	IV
499at6231	V	6244540.0	III
501at6231	II	7543668.5	II
503at6231	I	4234415.0	I
509at6231	I	13238940.0	I
514at6231	IV	8749830.0	II
516at6231	X	11003687.5	III
518at6231	III	11922699.5	III
522at6231	I	14204325.0	I
523at6231	I	11902881.0	I
525at6231	II	8862296.5	II
527at6231	III	5568597.0	III
529at6231	III	314902.5	III
531at6231	I	17063433.0	I
532at6231	I	14526173.0	I
534at6231	II	10751965.5	II
536at6231	II	7482101.0	II
537at6231	II	8013016.0	II
539at6231	V	12249694.5	V
543at6231	I	13295251.5	I
544at6231	V	13220291.0	V
545at6231	X	17634317.0	X
546at6231	IV	8223766.0	IV
547at6231	V	6233772.5	V
548at6231	I	1521214.0	II
551at6231	II	10175636.5	II
559at6231	III	13819805.0	III
562at6231	I	11909937.5	I
568at6231	X	13862277.5	X
569at6231	V	11937862.0	V
570at6231	IV	13824236.5	IV
572at6231	II	2486203.5	II
575at6231	X	7911147.0	X
581at6231	I	14342464.5	I
585at6231	II	2406856.0	II
590at6231	I	673792.0	I
593at6231	II	4586633.0	II
594at6231	I	6535966.5	I
596at6231	X	16843718.5	X
597at6231	III	13855178.5	III
600at6231	X	18016455.0	X
603at6231	III	6854042.5	III
604at6231	II	8796423.5	II
605at6231	III	17385242.5	III
606at6231	V	12179997.0	V
609at6231	II	752513.5	II
612at6231	IV	5555634.5	IV
613at6231	I	12806229.5	I
620at6231	III	18336603.5	III
625at6231	X	14397013.0	X
627at6231	II	3734765.0	II
629at6231	III	9955738.5	III
631at6231	I	13579651.5	I
632at6231	III	18852185.5	III
634at6231	IV	11014739.5	IV
635at6231	IV	10993804.0	IV
638at6231	IV	7523591.0	IV
639at6231	III	18190959.5	III
641at6231	IV	12436806.0	IV
642at6231	V	8646659.5	V
644at6231	I	9792656.0	I
645at6231	II	824254.5	II
646at6231	I	16307240.0	I
650at6231	II	8787825.5	II
655at6231	II	11209071.5	II
657at6231	II	9035852.5	II
659at6231	IV	12772158.5	IV
662at6231	IV	16818306.5	IV
665at6231	I	11394215.5	I
670at6231	I	15372693.5	I
675at6231	I	7009359.0	I
683at6231	V	5022890.0	V
687at6231	III	18732815.0	III
689at6231	I	4669972.5	I
693at6231	III	10486503.0	III
700at6231	III	12311952.5	III
701at6231	V	16796899.0	V
702at6231	II	10641952.0	II
704at6231	II	13476589.0	II
708at6231	V	2413860.0	V
710at6231	II	17949654.5	II
712at6231	I	16250494.0	II
716at6231	III	16853446.5	III
718at6231	X	16953219.5	X
721at6231	I	1831375.5	I
722at6231	III	13324511.0	III
724at6231	III	4844025.0	III
725at6231	II	8055125.0	II
728at6231	IV	10365791.5	IV
734at6231	III	10376552.0	III
735at6231	X	8460724.5	X
736at6231	II	9174925.5	II
737at6231	III	10073049.5	III
740at6231	IV	8170244.0	I
741at6231	III	10764250.0	I
743at6231	V	258899.0	V
746at6231	II	8625911.5	II
747at6231	III	7472271.0	III
753at6231	II	14748972.5	II
754at6231	II	7162305.0	II
759at6231	IV	9665395.5	IV
764at6231	X	15481780.5	X
765at6231	II	6740430.5	II
772at6231	II	9436078.0	II
777at6231	I	10108947.5	I
780at6231	II	18288262.0	II
781at6231	X	14316682.5	X
782at6231	III	13309597.5	III
786at6231	IV	12939123.0	IV
787at6231	V	8477145.0	V
788at6231	X	5755756.5	X
790at6231	X	12676507.0	X
792at6231	III	6585520.5	III
794at6231	II	272121.5	II
798at6231	I	12794736.0	I
800at6231	II	10659117.0	II
801at6231	X	16492661.0	X
802at6231	X	15766252.5	X
803at6231	III	6994700.0	III
810at6231	II	2247554.0	II
813at6231	II	7085925.5	II
814at6231	X	7527903.5	X
815at6231	III	604656.5	III
816at6231	X	9249631.0	X
817at6231	II	12164852.0	II
821at6231	III	12666428.0	III
825at6231	II	5217377.0	II
826at6231	III	8682113.0	III
829at6231	III	12390224.0	III
837at6231	III	5857662.5	III
838at6231	III	10168533.0	III
842at6231	III	14035127.5	III
844at6231	IV	17372033.0	IV
845at6231	V	7801464.0	V
846at6231	I	10948648.5	I
849at6231	I	14473953.0	I
850at6231	V	11974480.0	V
851at6231	IV	17424140.0	IV
853at6231	I	17685493.0	I
857at6231	V	244923.5	V
860at6231	III	16935163.0	III
862at6231	II	1225875.5	II
868at6231	V	14981331.5	V
869at6231	III	16611103.5	III
872at6231	V	8168368.5	V
875at6231	IV	15690571.0	IV
876at6231	X	13476807.5	X
879at6231	X	7143227.5	X
881at6231	I	7932518.5	I
885at6231	V	9365976.5	V
890at6231	V	12834656.0	V
894at6231	X	18127420.5	X
895at6231	IV	16349979.5	IV
899at6231	I	10118342.0	I
900at6231	III	10274093.5	III
902at6231	V	7617872.5	V
903at6231	III	12523763.5	III
904at6231	X	11635236.5	X
908at6231	V	13101553.5	V
912at6231	V	5528037.0	V
916at6231	I	16841896.5	I
917at6231	V	10564738.5	V
918at6231	I	13230117.5	I
920at6231	II	6733923.5	II
921at6231	IV	8526276.5	IV
922at6231	IV	16905457.5	IV
925at6231	III	10868614.5	III
933at6231	V	13821876.5	V
934at6231	IV	13721538.0	IV
937at6231	I	10322648.0	I
939at6231	II	11065652.0	II
943at6231	V	425841.5	V
944at6231	IV	7763846.0	IV
951at6231	III	15590514.5	III
952at6231	X	7452064.0	X
957at6231	II	1060908.0	II
958at6231	II	8813080.5	II
960at6231	III	481701.5	III
961at6231	X	16096300.0	X
962at6231	I	12734391.5	I
963at6231	III	9045199.0	III
965at6231	X	1389150.0	X
968at6231	II	6329636.5	II
969at6231	I	17268887.5	I
982at6231	V	6140592.5	V
984at6231	X	11143589.0	X
987at6231	III	16984699.5	III
989at6231	II	5274015.0	II
993at6231	V	17898504.5	V
994at6231	X	5510409.5	X
995at6231	V	9140276.5	V
997at6231	II	12186712.5	II
998at6231	X	739448.5	X
1003at6231	II	9121447.0	II
1008at6231	II	8006870.5	II
1013at6231	X	17182072.5	X
1014at6231	V	12127772.0	V
1016at6231	II	15542720.0	II
1017at6231	III	11275700.0	III
1018at6231	III	8708325.5	III
1019at6231	IV	14628893.5	IV
1022at6231	IV	16494564.0	IV
1024at6231	II	7558876.0	II
1027at6231	X	14579183.5	X
1032at6231	III	6788602.0	III
1033at6231	I	11035096.5	I
1034at6231	III	11231276.0	III
1035at6231	II	18310367.0	II
1037at6231	IV	498729.0	IV
1040at6231	II	631800.5	II
1042at6231	X	11608747.5	X
1045at6231	I	3849385.0	I
1047at6231	III	6236687.0	III
1053at6231	I	6758501.0	X
1055at6231	III	18834773.5	III
1056at6231	I	16672817.5	I
1057at6231	IV	9839774.5	IV
1060at6231	III	9426373.5	III
1066at6231	X	17102089.0	X
1072at6231	IV	4949655.5	IV
1073at6231	II	17556006.0	II
1075at6231	X	17541884.5	X
1076at6231	I	12121790.0	I
1078at6231	V	8991056.0	V
1082at6231	II	1728310.5	II
1083at6231	V	18221025.5	V
1086at6231	IV	10333671.0	IV
1087at6231	I	7859537.5	I
1088at6231	II	1134962.5	II
1093at6231	II	46539.0	II
1099at6231	III	13206924.0	X
1101at6231	I	4343307.0	I
1104at6231	II	7248707.5	III
1109at6231	II	12799851.0	V
1112at6231	V	7331029.0	V
1113at6231	I	15540354.5	I
1115at6231	III	12331994.0	III
1118at6231	III	4318841.5	III
1121at6231	X	11533719.0	X
1122at6231	IV	10798255.5	IV
1123at6231	X	7816218.0	X
1125at6231	V	1384991.5	V
1128at6231	V	5542811.5	V
1129at6231	IV	7795543.5	IV
1131at6231	III	12903487.0	III
1133at6231	IV	9871251.0	IV
1134at6231	I	6510027.0	I
1135at6231	V	5370116.0	V
1140at6231	IV	7742831.0	IV
1142at6231	I	11025403.5	I
1144at6231	III	6841176.0	III
1147at6231	I	11513252.0	I
1148at6231	III	18092315.5	III
1150at6231	I	14298515.5	I
1152at6231	III	10808670.0	III
1153at6231	V	15772507.5	V
1155at6231	I	3502880.0	I
1156at6231	III	12170556.0	III
1157at6231	I	6824211.0	IV
1158at6231	II	8076709.5	II
1159at6231	III	13298760.0	III
1160at6231	I	8306735.5	I
1161at6231	II	7229997.5	I
1169at6231	III	17010335.5	III
1173at6231	IV	15614881.0	II
1174at6231	I	7709141.5	I
1175at6231	X	8169402.5	X
1177at6231	III	14264802.0	III
1179at6231	I	7052203.0	I
1180at6231	X	5902265.0	V
1181at6231	X	11943245.0	X
1182at6231	X	16305149.0	X
1183at6231	X	7984951.0	III
1187at6231	V	5342994.0	V
1193at6231	III	11018538.5	III
1194at6231	V	14021237.0	V
1196at6231	I	17381209.0	V
1199at6231	II	8520048.5	II
1200at6231	II	2993363.5	II
1202at6231	III	239216.0	III
1205at6231	IV	8590442.0	III
1207at6231	V	8769640.5	V
1211at6231	I	13127438.5	I
1212at6231	III	9313812.5	III
1215at6231	V	9833899.5	V
1219at6231	IV	13317506.5	IV
1222at6231	X	12640775.0	X
1223at6231	IV	6680639.0	IV
1228at6231	V	267992.0	V
1230at6231	IV	9432790.5	IV
1233at6231	X	10603565.5	X
1235at6231	IV	7978694.5	IV
1247at6231	II	10351487.0	II
1250at6231	V	5380051.5	V
1252at6231	I	1773485.5	I
1255at6231	III	19005376.5	III
1262at6231	IV	1398654.5	IV
1263at6231	I	12752458.5	I
1264at6231	IV	9414388.0	IV
1266at6231	IV	11540440.0	IV
1270at6231	I	17358145.5	I
1272at6231	III	9249808.5	III
1273at6231	V	9408281.5	V
1275at6231	I	9591044.0	I
1278at6231	II	11108943.0	II
1279at6231	X	9480380.5	X
1281at6231	III	7373426.5	III
1285at6231	X	208405.5	X
1288at6231	I	7701625.0	I
1293at6231	I	8078638.0	I
1301at6231	I	8899749.0	I
1314at6231	II	7379645.0	II
1315at6231	V	6955985.0	IV
1316at6231	III	8865605.5	III
1317at6231	V	6345646.0	V
1318at6231	II	11465539.0	II
1320at6231	V	3502872.0	V
1322at6231	I	14123383.0	I
1326at6231	IV	17497059.0	IV
1327at6231	III	17757156.5	III
1331at6231	V	6857778.0	IV
1332at6231	V	11465412.5	V
1344at6231	II	17731393.5	II
1346at6231	V	12470385.5	V
1347at6231	IV	11006900.0	IV
1350at6231	II	6314786.5	II
1352at6231	III	11069669.5	III
1355at6231	IV	186086.5	II
1358at6231	II	5479807.5	II
1360at6231	II	6904959.0	II
1361at6231	I	17213592.5	I
1362at6231	V	6829549.5	V
1366at6231	IV	10401813.0	IV
1369at6231	I	13397079.5	III
1373at6231	I	16740832.0	I
1374at6231	II	17178266.5	I
1375at6231	I	2913526.0	I
1376at6231	V	17176098.0	V
1378at6231	III	8586910.0	III
1381at6231	I	7992462.0	I
1383at6231	I	15382027.5	I
1389at6231	I	15403395.5	I
1395at6231	II	8781789.0	II
1400at6231	V	8149074.0	V
1401at6231	I	16352105.5	IV
1404at6231	IV	14541788.5	IV
1405at6231	I	10546460.0	I
1407at6231	V	2512308.0	V
1409at6231	IV	8162260.0	IV
1411at6231	IV	9744032.5	IV
1412at6231	II	11566673.0	II
1413at6231	I	1795797.0	I
1416at6231	V	11245332.0	V
1417at6231	I	2760039.5	I
1427at6231	I	15100991.0	I
1430at6231	X	2622624.0	X
1432at6231	X	17008187.0	X
1434at6231	III	10849545.5	III
1437at6231	I	11010689.5	I
1438at6231	I	6782662.0	I
1441at6231	III	3669835.5	III
1444at6231	II	2524264.0	II
1449at6231	III	11087171.0	III
1450at6231	X	1447401.5	X
1452at6231	I	14942862.0	I
1453at6231	I	6967785.5	I
1454at6231	III	13942856.0	III
1457at6231	I	13061592.5	I
1459at6231	V	6371194.0	V
1463at6231	V	2959166.0	V
1466at6231	I	8127893.5	I
1471at6231	V	7077348.0	V
1473at6231	I	13600106.0	I
1478at6231	V	6990501.5	V
1482at6231	III	18768565.0	III
1484at6231	I	15389585.0	I
1489at6231	I	6489729.5	I
1490at6231	X	14475111.5	X
1491at6231	IV	13962969.5	IV
1492at6231	I	3085408.5	I
1495at6231	X	8013031.0	X
1498at6231	IV	11890882.0	IV
1499at6231	I	10685663.0	I
1504at6231	III	15871101.5	III
1506at6231	II	8029829.0	II
1509at6231	III	7209752.0	III
1514at6231	IV	5574749.0	IV
1517at6231	X	11422466.0	X
1518at6231	I	16149820.0	I
1519at6231	X	8021140.5	X
1530at6231	X	15959686.5	X
1533at6231	IV	344966.5	IV
1535at6231	IV	8534549.5	V
1537at6231	III	16194436.5	III
1541at6231	X	8825922.0	V
1543at6231	II	12098970.0	II
1546at6231	V	8066908.0	V
1548at6231	III	11529932.5	III
1551at6231	III	5936217.5	III
1552at6231	I	17504686.0	I
1556at6231	I	12345919.0	I
1566at6231	X	10956592.0	X
1571at6231	II	7453100.5	II
1572at6231	III	17694664.0	III
1574at6231	IV	5520046.5	IV
1575at6231	I	17301228.0	I
1576at6231	X	367593.5	X
1587at6231	X	411711.5	X
1588at6231	V	17957156.5	V
1590at6231	II	6640974.5	II
1592at6231	I	10956475.5	I
1594at6231	I	16905123.5	I
1596at6231	I	14217326.5	I
1598at6231	X	10927196.5	X
1601at6231	IV	1024432.0	IV
1602at6231	IV	12215289.0	I
1603at6231	V	11675189.5	V
1604at6231	V	9078464.5	V
1605at6231	V	15744133.0	V
1608at6231	II	10930110.0	II
1611at6231	X	9003906.0	X
1613at6231	II	9605792.0	II
1617at6231	II	13219756.0	II
1620at6231	I	14318458.0	I
1635at6231	III	15006328.5	III
1636at6231	X	12039372.0	X
1638at6231	IV	9303965.0	IV
1639at6231	IV	12537733.0	IV
1642at6231	IV	10599459.0	IV
1643at6231	III	5999127.0	III
1645at6231	I	5287810.5	I
1647at6231	II	6155953.0	II
1649at6231	I	8433324.0	I
1653at6231	I	1957946.0	I
1656at6231	III	10647821.0	III
1663at6231	V	13163393.0	V
1666at6231	III	18103751.5	III
1669at6231	V	11249853.5	V
1670at6231	V	6205999.5	V
1671at6231	V	11420373.0	V
1673at6231	I	8641572.0	I
1682at6231	I	17593126.0	I
1683at6231	III	6659261.5	III
1686at6231	V	7061613.5	V
1687at6231	IV	8328857.0	IV
1691at6231	V	6967544.0	V
1698at6231	II	7532808.0	II
1701at6231	X	8174290.5	X
1702at6231	I	17316480.5	I
1704at6231	II	10939055.0	II
1705at6231	X	14862499.5	X
1706at6231	II	2378310.0	II
1708at6231	I	11753239.5	I
1712at6231	II	6772563.5	II
1713at6231	III	7767973.5	III
1715at6231	III	17567594.0	V
1717at6231	IV	8642994.5	III
1724at6231	III	1401626.0	III
1739at6231	IV	11363680.5	IV
1743at6231	X	16620648.0	X
1750at6231	IV	9104710.0	IV
1754at6231	I	14037977.0	I
1757at6231	I	18013173.5	I
1759at6231	II	199116.5	II
1760at6231	V	9856876.5	V
1761at6231	II	6207757.0	II
1762at6231	V	11162377.0	V
1770at6231	V	9487553.5	V
1771at6231	IV	13614227.5	IV
1778at6231	I	14799370.0	I
1780at6231	II	8770598.0	II
1785at6231	III	268919.0	III
1794at6231	II	10935042.5	II
1797at6231	II	9198616.0	II
1801at6231	V	9359942.5	V
1816at6231	X	14510671.5	X
1821at6231	X	13526609.5	X
1822at6231	V	10828336.5	V
1823at6231	III	13263133.5	III
1831at6231	I	11934902.5	I
1835at6231	X	6188470.5	X
1838at6231	V	10371123.5	V
1847at6231	IV	2848809.0	IV
1849at6231	III	6527132.0	III
1852at6231	III	10430175.5	III
1856at6231	I	17999111.0	I
1857at6231	III	7491884.0	III
1865at6231	V	14917803.5	II
1868at6231	III	5916293.5	III
1870at6231	IV	4533518.0	IV
1871at6231	I	17569438.5	I
1872at6231	III	3702194.0	III
1873at6231	X	5667252.0	X
1877at6231	III	6847290.5	III
1884at6231	X	14098909.5	X
1885at6231	X	15029273.0	X
1887at6231	III	2088880.5	III
1890at6231	V	16428846.0	V
1894at6231	IV	13284231.5	IV
1895at6231	IV	6166161.5	IV
1898at6231	III	15136462.5	III
1899at6231	I	6669710.5	I
1900at6231	V	10438396.0	V
1914at6231	II	11411683.0	II
1915at6231	III	11942560.0	III
1918at6231	IV	9685044.0	IV
1920at6231	II	11621038.5	II
1921at6231	III	10329038.5	III
1927at6231	X	13436514.5	X
1931at6231	I	10616848.5	I
1942at6231	II	6073244.5	II
1952at6231	III	11416319.0	III
1956at6231	X	2116090.0	X
1963at6231	III	414005.0	III
1964at6231	X	12352944.0	X
1966at6231	X	2390349.5	X
1967at6231	I	15209620.5	I
1968at6231	III	6654937.5	III
1971at6231	I	15251218.5	I
1978at6231	I	15148161.0	I
1979at6231	I	5119685.0	I
1980at6231	I	13848975.5	I
1998at6231	III	7863066.5	III
2000at6231	III	7856806.5	III
2008at6231	X	10838176.0	X
2012at6231	I	16343928.0	I
2014at6231	II	15273635.0	II
2018at6231	V	7120437.0	V
2019at6231	II	6922523.0	II
2021at6231	V	18604757.0	I
2022at6231	X	11493756.5	X
2023at6231	I	13099731.0	I
2026at6231	IV	15822519.5	IV
2028at6231	II	9142595.0	II
2032at6231	I	10772721.0	I
2035at6231	I	12019378.5	V
2037at6231	X	12769873.0	X
2038at6231	V	7496241.0	V
2041at6231	I	7468200.5	I
2042at6231	II	8853920.5	II
2052at6231	III	7685822.0	III
2058at6231	III	7218176.5	III
2064at6231	I	17994659.0	I
2072at6231	I	13461943.5	I
2073at6231	I	12031261.5	I
2075at6231	V	10941342.5	V
2077at6231	V	7756745.5	V
2080at6231	II	7388590.0	II
2085at6231	X	17298696.5	X
2089at6231	II	6550250.5	II
2092at6231	I	6894517.5	I
2093at6231	X	1274112.5	X
2096at6231	III	6835774.0	III
2099at6231	III	11498756.0	III
2102at6231	II	7871978.0	II
2103at6231	II	6953694.0	II
2104at6231	II	9500143.0	II
2105at6231	III	10545174.0	III
2107at6231	III	11596253.5	III
2112at6231	V	7523288.0	V
2115at6231	X	8845209.0	X
2116at6231	X	14519998.5	X
2119at6231	X	521724.0	X
2120at6231	III	9457077.5	III
2125at6231	X	1062066.5	X
2126at6231	IV	12713493.5	IV
2128at6231	V	12774082.5	V
2131at6231	V	3385052.5	V
2133at6231	II	9104834.5	II
2137at6231	V	10167933.0	V
2152at6231	V	9449493.5	V
2159at6231	X	12439560.0	X
2160at6231	IV	11755953.0	II
2164at6231	II	14991291.0	II
2170at6231	III	10679806.5	II
2173at6231	II	11028254.0	II
2178at6231	III	11994283.5	III
2182at6231	I	15427666.5	I
2185at6231	X	1307734.5	X
2187at6231	I	13615017.0	I
2198at6231	III	10206939.5	III
2201at6231	III	3770880.0	III
2202at6231	IV	354300.5	IV
2204at6231	IV	3577157.0	IV
2206at6231	X	15949743.0	X
2208at6231	X	505051.5	X
2209at6231	III	11590879.5	IV
2213at6231	I	8937464.5	I
2228at6231	I	12878445.5	I
2229at6231	I	4754788.0	I
2232at6231	I	17009371.5	I
2233at6231	IV	8895991.0	IV
2236at6231	V	13333341.5	V
2240at6231	I	3271419.0	I
2249at6231	II	9477907.5	II
2251at6231	X	12077968.0	X
2255at6231	I	13445784.5	I
2257at6231	III	14360275.0	III
2263at6231	IV	12679212.5	IV
2267at6231	I	16023823.0	I
2268at6231	IV	11660453.5	V
2270at6231	IV	9659557.5	IV
2274at6231	V	8296084.0	V
2277at6231	II	17830630.0	II
2279at6231	III	12056166.0	III
2281at6231	II	15505836.5	II
2285at6231	V	11047797.0	I
2286at6231	III	5008455.0	III
2287at6231	III	10420979.5	III
2288at6231	II	96152.0	II
2294at6231	V	6124804.5	V
2295at6231	IV	8924148.0	III
2297at6231	II	18347025.0	II
2302at6231	X	10796003.0	X
2304at6231	III	8543292.0	III
2306at6231	II	12530200.0	III
2308at6231	X	16257419.0	X
2311at6231	I	954380.0	I
2312at6231	III	11727559.0	III
2313at6231	IV	10108591.0	IV
2316at6231	II	1717286.5	II
2319at6231	I	10009202.5	I
2321at6231	V	9631731.0	V
2324at6231	III	10744864.5	III
2327at6231	X	11205278.5	X
2329at6231	III	10138715.0	III
2332at6231	I	2353696.0	I
2338at6231	IV	350115.0	IV
2339at6231	I	10135978.5	I
2341at6231	X	15993664.0	X
2342at6231	I	11554376.5	I
2345at6231	II	15345208.5	X
2351at6231	I	14553286.5	I
2353at6231	I	15399089.0	I
2357at6231	V	4175216.0	V
2367at6231	III	12451919.5	III
2368at6231	IV	2462306.0	V
2369at6231	V	4816799.5	V
2370at6231	X	17785540.5	X
2378at6231	IV	15086981.5	IV
2380at6231	III	3525848.0	III
2383at6231	II	456285.5	II
2384at6231	III	10176495.5	III
2387at6231	II	1199755.0	II
2390at6231	I	10642242.0	I
2393at6231	IV	4432287.5	IV
2401at6231	II	17309006.0	II
2403at6231	X	9197801.0	X
2408at6231	II	6363673.0	II
2409at6231	I	7403388.5	I
2410at6231	I	6543023.5	I
2411at6231	IV	9155475.0	IV
2418at6231	I	17788772.5	I
2419at6231	V	10444576.5	V
2420at6231	II	6973247.0	II
2422at6231	I	7754563.5	I
2423at6231	III	10996448.5	III
2424at6231	III	12178931.5	III
2426at6231	III	3376996.0	III
2427at6231	III	15322080.5	III
2430at6231	V	8773979.5	V
2436at6231	III	6591630.5	III
2437at6231	II	7153616.5	II
2441at6231	II	4562154.0	II
2453at6231	X	2004981.5	X
2454at6231	IV	9109248.0	IV
2458at6231	III	10185293.5	III
2460at6231	V	11066603.5	V
2464at6231	V	5595038.0	V
2467at6231	X	7975014.5	X
2469at6231	II	15265491.5	II
2471at6231	I	15912773.5	I
2473at6231	I	16526449.5	I
2474at6231	X	13884057.0	X
2475at6231	V	8920897.5	V
2476at6231	V	14999465.0	V
2478at6231	III	1267656.5	III
2480at6231	X	16064387.0	X
2487at6231	II	6566579.0	II
2494at6231	I	8886744.5	I
2495at6231	III	12511421.5	III
2498at6231	I	17295349.0	I
2515at6231	III	12196906.0	III
2516at6231	III	18109939.0	III
2523at6231	I	10021418.0	I
2524at6231	I	16083297.0	I
2527at6231	IV	16518597.5	IV
2531at6231	III	11180242.5	III
2538at6231	I	16200311.5	I
2539at6231	IV	13214561.5	IV
2546at6231	II	15073992.5	V
2547at6231	X	1653317.0	X
2550at6231	V	5487407.5	V
2551at6231	I	13392979.0	III
2557at6231	II	7422020.5	II
2562at6231	V	10450149.5	V
2565at6231	V	9738966.5	V
2568at6231	X	9816478.0	X
2569at6231	III	18119858.0	III
2573at6231	III	9780642.5	III
2574at6231	X	6368188.5	X
2577at6231	IV	10585630.5	IV
2581at6231	V	16862184.5	V
2582at6231	III	3012803.0	III
2595at6231	III	12607294.0	III
2601at6231	IV	7562342.0	IV
2605at6231	X	6203954.5	X
2611at6231	III	2339706.5	III
2614at6231	II	13240410.5	II
2622at6231	IV	8089969.5	IV
2627at6231	II	6652091.5	II
2628at6231	V	10669600.0	V
2629at6231	I	10094045.5	I
2634at6231	III	11292673.5	I
2635at6231	V	12032241.0	V
2643at6231	II	6776144.0	II
2649at6231	II	8429980.0	II
2650at6231	V	9312170.0	V
2652at6231	I	15551605.5	I
2653at6231	V	8754763.0	IV
2660at6231	II	11615405.5	II
2661at6231	X	881792.0	X
2667at6231	I	17810269.0	I
2678at6231	III	15371990.0	III
2687at6231	X	10419838.0	X
2689at6231	X	8186069.5	X
2690at6231	IV	14407409.5	IV
2707at6231	IV	8074204.0	IV
2710at6231	X	7927015.0	X
2712at6231	II	5507510.0	II
2714at6231	V	10257907.5	V
2725at6231	III	12087792.0	III
2732at6231	III	7478839.0	III
2754at6231	I	13621080.0	I
2756at6231	I	7450387.0	I
2757at6231	I	9780110.0	I
2760at6231	I	5889711.0	I
2761at6231	II	16874742.0	II
2764at6231	II	9329922.0	II
2765at6231	X	14199730.0	X
2769at6231	V	10375220.0	V
2772at6231	IV	13546469.5	IV
2773at6231	V	7384214.5	V
2774at6231	X	8123611.5	X
2778at6231	I	15494368.0	I
2786at6231	V	801201.0	III
2792at6231	III	11907665.5	III
2795at6231	I	4376728.5	I
2802at6231	I	8018882.0	I
2805at6231	IV	7458520.0	III
2815at6231	I	12677100.5	I
2817at6231	III	2575844.5	III
2830at6231	III	8300006.0	III
2833at6231	V	18587135.0	V
2844at6231	X	14853704.0	X
2845at6231	III	9494625.5	III
2847at6231	V	18413481.5	V
2848at6231	V	5292209.5	V
2858at6231	II	4324731.5	II
2865at6231	III	12366279.5	III
2873at6231	III	12327784.5	III
2875at6231	V	11169944.0	V
2885at6231	IV	13066094.0	IV
2889at6231	V	8994813.0	V
2890at6231	IV	13648985.5	IV
2891at6231	I	5102532.0	I
2893at6231	I	12521591.5	I
2896at6231	I	3837602.0	I
2900at6231	IV	9771492.5	IV
2906at6231	X	17240370.0	X
2914at6231	III	1222942.0	III
2918at6231	X	9730097.0	X
2927at6231	III	3684002.5	III
2931at6231	V	8665135.5	V
2933at6231	IV	17880664.0	IV
2943at6231	IV	7608209.0	IV
2946at6231	I	15824342.0	I
2948at6231	I	8295712.5	I
2950at6231	V	10225721.0	V
2951at6231	I	8001606.0	I
2952at6231	X	14332987.5	X
2957at6231	V	11111144.0	V
2959at6231	II	18178422.5	II
2961at6231	V	11777958.0	V
2962at6231	X	8259291.0	X
2966at6231	I	7686807.5	I
2970at6231	IV	10293663.5	IV
2972at6231	V	10154535.0	V
2982at6231	V	7877578.5	V
2989at6231	III	9200124.5	III
2990at6231	X	10567558.0	X
2992at6231	V	2360165.0	V
2997at6231	III	13051033.5	III
2999at6231	I	13328145.5	I
3008at6231	X	1770967.0	X
3010at6231	X	1467835.5	X
3012at6231	I	16048109.5	I
3014at6231	IV	5757493.0	IV
3024at6231	X	10876006.5	X
3031at6231	III	15724610.0	III
3035at6231	III	8698333.5	III
3037at6231	X	14024744.5	X
3039at6231	I	11973835.5	I
3040at6231	IV	8602762.5	III
3045at6231	X	13321081.5	X
3047at6231	II	13187670.5	II
3051at6231	III	15843727.0	III
3059at6231	II	6857447.0	II
3060at6231	V	15480255.5	V
3063at6231	III	10497481.5	III
3070at6231	I	15274918.5	I
3074at6231	V	3105608.0	V
3077at6231	X	8380133.5	X
3084at6231	III	18997479.0	III
3085at6231	V	12008606.0	V
3086at6231	I	4811948.5	I
3088at6231	I	13649629.0	I
3089at6231	V	6083478.5	V
3091at6231	X	13888014.0	X
3097at6231	X	14163132.0	X
3103at6231	X	6209679.5	X
3108at6231	II	5809542.5	I
3112at6231	III	17713932.0	III
3122at6231	X	17465431.0	X
3125at6231	I	7840458.0	I
3129at6231	II	3969131.5	II
3153at6231	IV	1834131.0	IV
3156at6231	II	3268475.5	II
3157at6231	I	14118777.0	I
3158at6231	V	12954126.0	V
3167at6231	II	17980554.5	II
3171at6231	IV	6215954.0	IV
3182at6231	II	14427782.0	II
3183at6231	V	10195473.5	V
3191at6231	X	562060.0	X
3193at6231	III	6396204.0	III
3205at6231	II	4861794.0	II
3209at6231	IV	17444017.5	IV
3211at6231	II	4389752.5	II
3214at6231	II	15298479.5	II
3215at6231	II	16238044.0	II
3218at6231	IV	5194846.5	IV
3219at6231	I	16699593.0	I
3223at6231	III	2719971.0	III
3225at6231	V	13971823.5	V
3226at6231	I	14746625.0	II
3228at6231	IV	8475831.5	IV
3230at6231	IV	9338333.5	IV
3231at6231	III	13303428.5	III
3232at6231	III	10000418.0	III
3233at6231	I	12820748.0	I
3235at6231	I	5508568.0	I
3237at6231	IV	16733067.0	IV
3239at6231	III	18569856.0	III
3240at6231	IV	7621746.5	IV
3251at6231	II	7415419.0	II
3254at6231	III	15079292.0	III
3259at6231	I	14233174.0	I
3260at6231	I	15810222.5	I
3270at6231	I	11147679.0	I
3275at6231	III	5796216.0	III
3276at6231	X	6199064.5	X
3281at6231	V	7968145.5	V
3288at6231	III	12245927.5	III
3291at6231	II	7933736.0	II
3292at6231	II	11100916.0	II
3293at6231	I	8921466.5	I
3295at6231	I	13830988.5	I
3300at6231	IV	364161.5	IV
3302at6231	I	11325953.0	I
3308at6231	II	9456201.0	II
3312at6231	II	10817694.0	II
3317at6231	II	7117978.5	II
3321at6231	III	12580531.5	III
3324at6231	V	10261399.5	V
3325at6231	II	5322193.0	II
3326at6231	I	7464311.0	I
3330at6231	X	15390043.5	X
3331at6231	I	11283593.5	I
3335at6231	I	16161262.5	I
3340at6231	II	7396528.5	II
3344at6231	V	3596540.0	V
3345at6231	X	2615610.5	X
3347at6231	X	4655196.0	X
3349at6231	V	11651402.0	V
3350at6231	III	4967601.5	III
3360at6231	IV	11359427.0	IV
3365at6231	II	12749447.0	II
3369at6231	I	8764972.5	I
3373at6231	V	11019206.0	V
3376at6231	I	7833368.0	I
3377at6231	III	11258055.0	III
3378at6231	I	9118612.5	I
3379at6231	I	9013661.0	I
3381at6231	I	17349406.5	I
3388at6231	X	8681444.0	X
3393at6231	II	1654505.0	II
3396at6231	III	12805761.0	III
3398at6231	V	9877531.5	V
3400at6231	III	11933762.0	III
3401at6231	II	3127534.5	II
3404at6231	X	12150504.0	X
3408at6231	X	10872304.5	X
3411at6231	I	14646563.5	I
3412at6231	II	11606732.0	II
3414at6231	III	14177804.0	III
3417at6231	V	272418.0	V
3419at6231	III	11200160.0	III
3420at6231	I	10045600.5	I
3422at6231	III	12624839.0	V
3433at6231	I	13713041.0	I
3434at6231	X	16498186.0	X
3442at6231	X	14752203.5	X
3444at6231	III	15149193.5	III
3445at6231	IV	937265.0	IV
3450at6231	I	15689946.5	I
3452at6231	III	10506037.0	III
3464at6231	X	2097011.0	X
3472at6231	X	17491183.0	X
3473at6231	II	11222692.5	II
3474at6231	IV	14256005.5	IV
3480at6231	III	1159828.0	III
3486at6231	V	17993840.5	V
3487at6231	I	3866081.0	I
3490at6231	X	583543.5	X
3493at6231	V	10904024.0	V
3496at6231	II	17518855.0	III
3502at6231	V	987098.0	IV
3509at6231	III	8517777.5	III
3516at6231	I	16695488.5	I
3520at6231	III	4933602.5	III
3523at6231	X	8165837.0	X
3524at6231	V	10238727.0	V
3529at6231	III	16744595.5	III
3531at6231	X	595056.5	X
3534at6231	III	14938932.0	III
3545at6231	V	8471245.0	V
3547at6231	II	8211604.0	II
3550at6231	X	12492670.0	X
3553at6231	I	14236357.5	I
3558at6231	I	16686742.5	I
3561at6231	V	7977677.0	V
3570at6231	IV	12303400.5	IV
3572at6231	III	15069972.5	III
3574at6231	X	12764148.5	V
3577at6231	I	11802898.5	I
3581at6231	III	18611858.0	III
3582at6231	V	8034160.0	V
3583at6231	X	5311121.5	X
3584at6231	II	6082153.5	II
3585at6231	I	9337003.5	I
3587at6231	IV	1173042.0	IV
3593at6231	IV	4484078.0	IV
3594at6231	II	11215056.5	II
3601at6231	III	6815076.0	III
3607at6231	V	10832067.5	V
3609at6231	I	13077531.0	I
3611at6231	I	15844003.0	I
3612at6231	I	14914416.5	I
3626at6231	II	17904745.5	II
3629at6231	X	5991495.0	X
3630at6231	V	6809206.0	V
3635at6231	II	7125777.5	II
3637at6231	I	7240565.0	I
3638at6231	IV	6281919.5	IV
3640at6231	V	7959336.5	V
3642at6231	II	10503129.5	II
3644at6231	I	4958191.5	I
3666at6231	V	10180825.0	V
3667at6231	III	7193592.5	III
3669at6231	I	13331669.5	I
3671at6231	I	14417147.5	I
3676at6231	I	4606363.5	I
3678at6231	I	16177448.5	I
3679at6231	X	9523985.0	X
3688at6231	IV	4983927.0	IV
3696at6231	IV	15811902.5	IV
3698at6231	X	15847079.5	X
3699at6231	I	13141557.5	I
3701at6231	III	4436655.5	III
3712at6231	I	7653623.0	I
3718at6231	II	7956795.5	II
3719at6231	IV	1214471.5	IV
3723at6231	IV	18103801.5	IV
3741at6231	IV	8381516.0	IV
3746at6231	X	12357730.5	X
3748at6231	II	10240514.5	II
3754at6231	X	5575107.0	X
3760at6231	III	11984632.0	III
3763at6231	III	10905802.5	III
3771at6231	X	17144318.5	X
3774at6231	III	9059066.0	III
3776at6231	III	11662171.5	III
3780at6231	III	16995895.0	III
3781at6231	III	9870998.0	III
3793at6231	I	964109.5	I
3794at6231	I	9583053.0	I
3798at6231	V	2024731.5	V
3802at6231	II	12405954.0	II
3816at6231	I	7246995.0	I
3818at6231	X	7828278.5	X
3827at6231	III	7395204.5	I
3828at6231	IV	93042.5	IV
3830at6231	V	7656496.0	V
3835at6231	IV	7790593.0	IV
3836at6231	III	9468272.0	III
3842at6231	III	9977228.5	III
3843at6231	II	1212670.0	II
3845at6231	X	15446769.0	X
3850at6231	X	12509459.5	X
3852at6231	I	12373212.5	I
3853at6231	II	7365229.0	II
3857at6231	II	15305443.5	II
3863at6231	I	13573167.5	I
3869at6231	I	8749733.0	I
3871at6231	V	7142314.5	V
3878at6231	X	10104404.0	X
3879at6231	I	16778134.5	I
3880at6231	I	13686642.5	I
3885at6231	III	5368088.5	III
3887at6231	V	15617221.5	V
3891at6231	IV	18317848.0	IV
3892at6231	III	11154631.5	III
3894at6231	I	15489080.0	I
3901at6231	III	16331403.0	III
3903at6231	I	5776784.5	I
3907at6231	I	3239576.5	I
3908at6231	V	6845458.0	V
3919at6231	III	7180917.5	III
3927at6231	X	16893398.0	X
3929at6231	III	5953795.5	III
3930at6231	II	9001303.5	II
3931at6231	III	16101724.5	III
3933at6231	III	18125681.0	III
3935at6231	V	9071013.5	V
3939at6231	V	6740818.0	V
3944at6231	II	844950.0	II
3947at6231	X	1316517.0	X
3954at6231	IV	14724272.0	IV
3957at6231	III	8596879.5	III
3960at6231	III	9879640.5	III
3963at6231	II	9345098.0	II
3968at6231	III	7460674.5	III
3969at6231	V	4088856.0	V
3970at6231	I	15986623.0	I
3971at6231	IV	15026878.5	IV
3976at6231	I	14815051.0	I
3987at6231	IV	12511598.5	IV
3989at6231	X	9619537.5	X
3990at6231	X	2211245.5	X
3992at6231	III	5600605.5	III
3993at6231	X	9851592.5	X
3995at6231	I	14952362.5	I
4001at6231	II	6418362.0	II
4002at6231	III	12710472.5	III
4003at6231	IV	11623981.5	IV
4008at6231	II	2014389.0	II
4026at6231	III	1114727.5	II
4028at6231	II	5538117.0	II
4030at6231	IV	13220512.5	IV
4039at6231	V	767522.0	V
4046at6231	III	12211545.5	III
4050at6231	III	3006946.5	III
4054at6231	V	9685227.5	V
4055at6231	X	14354063.0	X
4059at6231	III	8858003.5	II
4061at6231	III	9422518.5	III
4063at6231	I	12891152.0	I
4069at6231	V	11745642.0	V
4071at6231	III	9070914.5	III
4072at6231	II	5937936.5	II
4075at6231	IV	1992509.5	IV
4076at6231	IV	13854980.5	IV
4088at6231	III	10120699.5	III
4089at6231	IV	9424244.0	IV
4093at6231	X	7478014.0	X
4094at6231	X	1780736.0	X
4098at6231	I	11522700.5	I
4104at6231	III	11862937.0	III
4106at6231	I	7591111.5	I
4108at6231	I	13701628.5	I
4120at6231	III	11535502.5	III
4123at6231	V	10015856.5	V
4125at6231	III	10724536.0	III
4128at6231	V	7864361.5	V
4130at6231	III	14766083.5	III
4132at6231	I	15555017.0	I
4137at6231	II	10792530.5	II
4147at6231	II	9395582.5	II
4150at6231	IV	17102245.5	IV
4151at6231	I	15954304.5	I
4153at6231	III	11448246.5	III
4155at6231	IV	12471276.0	IV
4161at6231	IV	10145447.0	IV
4166at6231	I	11387756.5	I
4168at6231	I	2192949.5	I
4173at6231	I	15899720.5	I
4176at6231	IV	16807752.0	IV
4178at6231	V	7703790.5	V
4181at6231	III	18928175.5	III
4182at6231	I	16575637.5	I
4183at6231	III	10531049.5	III
4192at6231	II	17793297.0	II
4202at6231	I	10992977.5	I
4208at6231	I	16808023.5	I
4209at6231	V	10329309.5	V
4211at6231	III	11096602.5	III
4213at6231	I	387580.0	I
4225at6231	II	14671663.5	II
4226at6231	I	11727886.0	I
4238at6231	III	7172820.0	III
4242at6231	IV	7934236.0	IV
4246at6231	I	17561632.5	I
4258at6231	I	7130876.5	II
4265at6231	X	8952931.0	X
4269at6231	IV	10761304.5	IV
4272at6231	IV	13808988.5	IV
4275at6231	X	11880393.0	X
4277at6231	III	7935717.0	III
4282at6231	X	12082506.0	X
4285at6231	III	6712868.0	III
4296at6231	II	12444725.0	II
4301at6231	I	7445582.0	I
4303at6231	IV	9261785.5	IV
4307at6231	X	8342596.5	X
4310at6231	I	13164796.5	I
4316at6231	III	10066786.0	III
4318at6231	III	12370207.0	III
4320at6231	IV	18311741.0	IV
4333at6231	V	11072141.5	V
4337at6231	II	6219520.5	II
4340at6231	X	6890963.0	X
4345at6231	II	10366989.5	II
4355at6231	X	9842433.5	X
4357at6231	V	16167276.5	V
4359at6231	I	12999875.5	I
4364at6231	III	7493115.0	III
4368at6231	IV	10135912.0	IV
4389at6231	IV	10410859.0	IV
4404at6231	II	5882059.5	III
4405at6231	II	9009214.0	II
4407at6231	II	209050.5	II
4412at6231	II	6824434.0	II
4415at6231	III	10540339.0	III
4417at6231	IV	12656552.5	IV
4422at6231	III	18584758.0	III
4424at6231	I	17029396.0	I
4427at6231	X	11639787.5	X
4428at6231	II	11548707.0	II
4430at6231	IV	8606996.0	III
4435at6231	I	8458438.0	I
4436at6231	III	12676409.0	III
4444at6231	IV	17595116.0	IV
4454at6231	II	15284501.5	II
4461at6231	I	12761900.0	I
4465at6231	V	15008830.5	V
4468at6231	I	3045347.5	II
4469at6231	III	12438862.0	III
4476at6231	V	7972912.0	V
4482at6231	I	14387784.5	I
4483at6231	V	11175171.5	V
4487at6231	III	14777371.5	III
4489at6231	I	2661235.5	I
4492at6231	III	17993025.5	III
4496at6231	V	7986220.0	V
4498at6231	X	15405551.5	X
4504at6231	V	13414131.5	V
4509at6231	II	3134937.5	II
4512at6231	I	13289166.0	I
4516at6231	II	9334544.0	II
4519at6231	I	3481426.0	I
4521at6231	II	10530352.5	II
4525at6231	III	7039420.0	III
4526at6231	X	7132205.5	X
4532at6231	II	10411288.0	II
4536at6231	III	9052823.5	III
4539at6231	III	10826509.0	III
4540at6231	II	9525891.0	II
4542at6231	I	12839738.5	I
4548at6231	V	9572208.0	V
4549at6231	V	4184278.0	V
4551at6231	IV	8956436.5	IV
4559at6231	I	15496937.5	I
4561at6231	II	6827014.5	II
4572at6231	IV	8764014.5	IV
4579at6231	II	8578478.0	II
4580at6231	III	9798310.5	III
4581at6231	II	13351462.5	II
4585at6231	V	11054808.0	V
4586at6231	I	3712183.0	I
4588at6231	V	10877055.0	V
4590at6231	III	18560540.0	III
4593at6231	II	10356597.5	II
4594at6231	II	9792588.0	II
4597at6231	X	15536368.0	X
4598at6231	I	13428819.0	I
4602at6231	I	8674743.5	I
4607at6231	V	17774942.0	V
4611at6231	I	13752765.5	I
4612at6231	II	8886368.5	II
4621at6231	II	7325790.0	II
4622at6231	III	10690909.5	III
4635at6231	III	13068898.0	III
4639at6231	IV	7492883.0	IV
4642at6231	X	11503397.5	X
4650at6231	II	12478338.5	II
4657at6231	I	7529062.5	I
4669at6231	X	18288041.5	X
4670at6231	X	14858372.5	X
4673at6231	IV	17404086.0	IV
4675at6231	III	12835038.5	III
4679at6231	III	10339227.5	III
4680at6231	II	3977889.5	II
4690at6231	III	11476616.5	III
4692at6231	I	15660170.5	I
4702at6231	I	17373101.5	I
4703at6231	III	9182253.0	III
4722at6231	II	12939299.0	II
4723at6231	II	11469436.5	II
4726at6231	III	4869820.0	III
4731at6231	III	6194956.0	III
4735at6231	I	602792.0	I
4739at6231	III	8603061.0	III
4746at6231	V	11932045.0	V
4747at6231	III	12844895.5	II
4750at6231	I	9437990.0	I
4752at6231	II	16362866.5	II
4756at6231	X	9318654.5	III
4757at6231	III	5987070.5	III
4760at6231	III	18435127.0	III
4763at6231	I	5995749.0	I
4766at6231	I	17241892.0	I
4771at6231	II	10359968.5	II
4775at6231	X	8363083.5	X
4777at6231	I	17642710.0	I
4779at6231	V	530505.5	V
4780at6231	I	7663988.0	I
4786at6231	II	5266359.5	II
4793at6231	V	2343675.0	X
4794at6231	V	9569227.5	V
4797at6231	X	237537.0	X
4798at6231	III	15993728.5	III
4799at6231	II	3361997.5	II
4802at6231	I	3660459.0	I
4804at6231	I	11924843.5	I
4806at6231	III	7225388.5	III
4811at6231	I	16536260.5	I
4814at6231	IV	1255710.5	IV
4815at6231	V	8717936.0	V
4816at6231	II	15054501.0	II
4825at6231	III	12853574.0	III
4834at6231	V	4820481.5	V
4848at6231	III	16151140.0	III
4856at6231	I	9017851.5	I
4859at6231	III	12395864.0	III
4861at6231	II	7604514.5	II
4863at6231	I	17668580.5	I
4871at6231	III	11467490.0	III
4873at6231	II	18397036.5	II
4877at6231	I	12849278.0	I
4879at6231	X	2217419.0	X
4881at6231	III	2951516.5	III
4883at6231	X	10098529.0	X
4887at6231	I	15557787.0	I
4895at6231	II	5744718.0	II
4900at6231	II	11182455.5	II
4903at6231	II	15849924.0	II
4905at6231	V	9909250.0	V
4906at6231	V	7376387.0	V
4919at6231	V	8234911.5	V
4925at6231	III	8103599.5	III
4932at6231	IV	17408730.5	IV
4940at6231	III	12077818.5	III
4942at6231	III	11144830.5	III
4951at6231	V	805251.5	V
4961at6231	II	9813085.5	II
4968at6231	V	7669525.0	V
4973at6231	V	6778106.0	V
4977at6231	I	14242384.5	I
4978at6231	III	9051052.0	III
4982at6231	II	14726514.5	II
4983at6231	X	12004527.0	X
4988at6231	IV	9298993.0	IV
4992at6231	II	7385600.0	II
4993at6231	I	598147.5	I
5001at6231	II	4617786.0	II
5011at6231	X	14464979.5	X
5013at6231	I	7629102.5	I
5016at6231	V	7420048.0	V
5017at6231	IV	12413288.5	IV
5019at6231	V	6292474.5	V
5021at6231	I	16433455.5	I
5034at6231	II	7371906.0	II
5038at6231	III	10749010.5	III
5044at6231	III	10097683.0	III
5045at6231	V	9702633.0	V
5047at6231	V	10251900.5	V
5057at6231	X	13617057.5	X
5062at6231	III	8361971.0	III
5067at6231	X	13961419.5	X
5070at6231	I	5130736.5	I
5071at6231	X	7370425.0	X
5074at6231	III	18084929.5	III
5082at6231	I	16853486.0	I
5083at6231	III	11346578.5	III
5087at6231	III	12500454.0	III
5088at6231	I	10151619.5	I
5090at6231	I	7582531.0	I
5091at6231	V	9736398.0	V
5096at6231	II	11446441.5	II
5103at6231	IV	6867140.5	IV
5113at6231	II	6605750.0	II
5117at6231	III	18787539.5	III
5127at6231	IV	12926649.5	IV
5131at6231	III	15313354.0	III
5132at6231	X	9305283.0	X
5135at6231	III	3447414.0	III
5136at6231	V	9946388.0	II
5142at6231	I	15606246.0	I
5147at6231	II	10596635.0	II
5158at6231	III	11412749.0	III
5165at6231	X	7624811.0	X
5179at6231	II	11039050.0	II
5188at6231	V	16660306.0	V
5189at6231	III	9862187.0	III
5190at6231	IV	15136339.5	IV
5191at6231	III	11793775.0	III
5198at6231	III	13105492.5	II
5199at6231	I	11040284.5	I
5200at6231	IV	3760912.0	IV
5202at6231	I	8893267.5	I
5207at6231	II	8446235.5	II
5208at6231	X	9161028.5	X
5220at6231	IV	358612.0	IV
5229at6231	V	6178454.5	V
5240at6231	I	13406304.0	I
5248at6231	III	13316442.5	III
5249at6231	II	9710699.5	II
5251at6231	III	10954866.0	III
5256at6231	I	13466878.5	I
5261at6231	III	7886252.0	III
5268at6231	I	15485015.5	I
5269at6231	IV	7450102.0	III
5276at6231	I	544598.5	I
5280at6231	I	11780797.0	I
5283at6231	II	5756057.5	II
5285at6231	II	8752645.0	II
5289at6231	X	10675381.5	X
5290at6231	II	12754662.5	II
5291at6231	III	7361404.0	III
5294at6231	II	10789624.5	II
5295at6231	II	5961504.0	II
5296at6231	X	2365264.0	X
5297at6231	IV	5970831.5	IV
5298at6231	V	9159349.5	V
5306at6231	IV	3748439.0	IV
5309at6231	III	706933.5	III
5311at6231	I	15611209.5	I
5318at6231	IV	16721948.5	IV
5319at6231	V	14992804.0	V
5324at6231	X	12658690.5	X
5330at6231	I	10606223.5	I
5331at6231	III	11064827.5	III
5334at6231	II	9018878.0	II
5340at6231	III	10290913.5	III
5342at6231	IV	7878523.0	IV
5344at6231	V	1911982.0	V
5347at6231	II	11406028.5	II
5351at6231	II	18228858.0	II
5357at6231	II	7492566.5	II
5363at6231	X	6025932.0	X
5364at6231	I	12817712.5	I
5365at6231	I	11533233.0	I
5373at6231	V	12056206.0	V
5379at6231	I	5573572.0	I
5387at6231	III	12458595.0	III
5398at6231	V	9461624.0	V
5406at6231	II	645221.0	II
5415at6231	II	226878.5	II
5420at6231	III	12029406.5	III
5434at6231	II	10967318.0	II
5441at6231	X	7084682.0	X
5452at6231	II	4801871.5	II
5458at6231	III	13835142.5	III
5465at6231	IV	16371314.0	IV
5466at6231	I	15866494.0	I
5470at6231	I	17966062.5	I
5480at6231	X	6719704.5	X
5481at6231	I	13121172.0	I
5482at6231	II	8779008.5	II
5484at6231	I	8909045.0	I
5487at6231	II	6213736.5	II
5488at6231	X	8049348.0	X
5490at6231	III	10902334.0	III
5499at6231	IV	10348452.0	IV
5500at6231	III	10710214.5	I
5501at6231	III	18989169.0	V
5502at6231	X	16574183.0	X
5505at6231	I	13208484.0	I
5508at6231	V	9387333.5	V
5510at6231	V	10754423.0	V
5513at6231	X	8082372.0	X
5514at6231	I	6070714.0	I
5515at6231	III	13686003.5	I
5517at6231	III	16867136.0	III
5521at6231	I	14828040.0	I
5522at6231	X	11653005.5	X
5535at6231	III	5977871.5	III
5542at6231	I	14489068.0	I
5545at6231	V	1325413.0	II
5548at6231	II	9012520.5	II
5556at6231	II	4852578.0	II
5566at6231	I	12887957.5	I
5569at6231	II	4062303.0	II
5572at6231	IV	8372869.5	IV
5574at6231	II	3562911.5	II
5576at6231	V	1977708.0	V
5579at6231	III	18922095.5	III
5581at6231	I	1862705.0	I
5585at6231	I	17369753.5	I
5594at6231	X	10158893.5	X
5607at6231	III	5340792.5	III
5608at6231	I	10935349.0	I
5610at6231	IV	13550671.5	I
5611at6231	I	11452825.5	I
5614at6231	IV	13778117.0	IV
5621at6231	I	14706304.0	I
5626at6231	III	219200.0	III
5643at6231	X	14653972.0	X
5655at6231	I	647796.5	I
5660at6231	V	7336027.5	V
5664at6231	V	6752162.5	V
5668at6231	III	1538229.0	III
5671at6231	III	10509443.0	III
5676at6231	I	14240553.0	I
5680at6231	V	4746661.0	V
5685at6231	X	15623663.0	X
5693at6231	IV	7808296.0	IV
5694at6231	V	4134553.5	V
5703at6231	I	5568275.0	I
5705at6231	I	15946576.5	I
5707at6231	III	14508900.0	III
5714at6231	IV	13399728.5	IV
5715at6231	I	15140363.0	I
5717at6231	V	10887947.5	V
5718at6231	IV	755364.5	IV
5725at6231	I	763398.0	I
5726at6231	II	7077154.0	II
5737at6231	IV	9419885.0	IV
5739at6231	II	8650471.0	II
5740at6231	I	14854468.5	I
5741at6231	III	9916198.0	III
5750at6231	II	7394092.5	II
5752at6231	II	8396758.0	II
5754at6231	X	6904629.0	X
5755at6231	X	8699146.0	X
5761at6231	I	16009218.0	I
5767at6231	I	8088242.5	I
5769at6231	III	12287047.5	III
5771at6231	V	15149718.5	V
5773at6231	I	14245198.0	I
5779at6231	II	1124896.0	II
5785at6231	I	17338448.5	I
5789at6231	I	11711295.0	I
5793at6231	II	15357102.5	II
5800at6231	I	7422241.0	I
5805at6231	V	11157094.5	V
5807at6231	IV	7750737.5	IV
5811at6231	I	5468593.5	I
5812at6231	X	1471465.5	X
5818at6231	III	18684125.0	III
5822at6231	II	7504124.5	II
5834at6231	III	10928964.5	III
5839at6231	II	17966398.5	II
5842at6231	V	17569702.0	X
5844at6231	IV	7571155.5	IV
5854at6231	IV	8094289.0	IV
5855at6231	IV	10175479.5	IV
5856at6231	IV	9074534.0	IV
5858at6231	III	1625012.0	III
5864at6231	I	13519419.5	I
5868at6231	I	14520263.0	I
5869at6231	IV	13765434.0	I
5872at6231	X	13599842.0	X
5875at6231	V	13306773.0	V
5882at6231	III	8050176.0	III
5888at6231	III	18054811.0	III
5891at6231	III	10769956.0	III
5892at6231	II	7026700.5	II
5895at6231	I	17865170.5	I
5900at6231	I	7297524.0	I
5909at6231	V	3297013.0	V
5913at6231	II	15292625.0	II
5915at6231	III	12882792.0	III
5916at6231	III	15894542.5	III
5919at6231	V	1316416.0	II
5923at6231	III	6332079.0	III
5928at6231	II	8125717.5	II
5930at6231	II	7291605.5	II
5945at6231	III	6522586.5	III
5947at6231	II	13160083.0	II
5952at6231	I	18003889.5	I
5957at6231	I	9419648.0	I
5962at6231	III	12760771.0	III
5965at6231	II	801899.5	II
5978at6231	I	690769.0	I
5979at6231	II	6016534.5	II
5988at6231	X	9345840.5	V
5996at6231	V	5724638.5	V
5999at6231	X	11433345.5	X
6021at6231	II	2468092.0	II
6022at6231	III	17806730.0	III
6023at6231	I	16425997.5	I
6028at6231	III	328140.0	III
6031at6231	III	8650097.0	III
6032at6231	IV	9269437.5	IV
6036at6231	IV	8397398.0	IV
6037at6231	II	11615714.0	II
6041at6231	I	13471286.0	I
6046at6231	IV	8559639.5	IV
6052at6231	II	14970764.5	II
6057at6231	IV	7707942.0	IV
6060at6231	III	12707615.5	III
6065at6231	I	11494159.5	I
6080at6231	III	8435297.5	III
6081at6231	V	10628150.5	V
6082at6231	IV	8930291.5	IV
6083at6231	II	866244.0	II
6102at6231	X	13850732.5	X
6103at6231	IV	7737141.0	IV
6104at6231	X	12248648.0	X
6105at6231	IV	1259608.0	IV
6106at6231	II	10804804.0	II
6111at6231	I	14443133.5	I
6122at6231	III	11281601.5	III
6132at6231	IV	7914797.0	IV
6134at6231	I	14657704.5	I
6137at6231	II	11284781.0	II
6138at6231	I	9022739.5	I
6146at6231	II	9761550.0	II
6148at6231	IV	12915880.5	IV
6156at6231	III	6567969.5	III
6167at6231	I	1129740.0	I
6172at6231	III	8800577.0	V
6176at6231	IV	15008454.5	IV
6182at6231	IV	10793680.5	IV
6186at6231	III	10412482.0	III
6192at6231	V	16090359.5	V
6197at6231	X	6175112.0	X
6202at6231	II	7066562.5	II
6207at6231	I	13680339.5	I
6209at6231	V	4741585.5	V
6214at6231	I	14363211.0	I
6218at6231	X	17903768.5	X
6222at6231	IV	7891377.5	IV
6224at6231	II	7435363.5	II
6233at6231	II	10512257.5	II
6234at6231	V	15266582.0	V
6237at6231	I	10296772.0	V
6250at6231	II	17148354.5	IV
6265at6231	V	14853719.5	V
6268at6231	IV	8258061.5	IV
6269at6231	IV	13268214.0	III
6270at6231	I	13808190.5	I
6293at6231	IV	18145460.5	IV
6299at6231	I	14892333.5	I
6303at6231	V	1938847.5	V
6305at6231	II	1049886.5	II
6309at6231	III	5586800.5	III
6310at6231	III	17224664.0	III
6311at6231	II	8725216.0	II
6318at6231	III	12318352.0	III
6328at6231	III	11878416.5	III
6333at6231	X	10346905.0	X
6338at6231	III	8837376.0	III
6340at6231	III	7825049.0	III
6348at6231	X	14485281.5	X
6350at6231	I	17548064.0	I
6359at6231	IV	6871654.5	V
6360at6231	I	12403049.0	I
6366at6231	III	4425373.0	III
6374at6231	IV	13701698.5	IV
6379at6231	II	3802475.5	II
6387at6231	V	1773272.0	V
6415at6231	III	18114595.0	III
6423at6231	V	17922426.0	V
6427at6231	II	11219273.5	II
6434at6231	IV	13707329.0	IV
6438at6231	X	13409180.0	X
6439at6231	V	7271931.0	V
6440at6231	I	15305372.5	I
6448at6231	II	9470412.5	II
6451at6231	II	6608123.5	II
6462at6231	III	14491773.5	III
6479at6231	V	10113574.0	V
6481at6231	X	3508103.0	X
6482at6231	II	15024204.0	II
6487at6231	II	17488737.0	III
6496at6231	I	16882772.0	I
6503at6231	X	499995.0	X
6507at6231	III	14062141.0	III
6514at6231	V	10651048.0	V
6523at6231	II	12615795.0	II
6531at6231	X	14489131.0	X
6532at6231	II	15868160.0	II
6553at6231	III	1175292.0	III
6557at6231	II	252735.0	II
6566at6231	III	6668011.0	III
6569at6231	III	10635486.5	III
6570at6231	X	8335404.5	X
6571at6231	III	12082840.5	III
6590at6231	I	16595415.5	I
6594at6231	X	7779869.0	X
6597at6231	I	3698393.5	I
6599at6231	III	9974480.5	III
6600at6231	III	11372254.5	III
6601at6231	II	1848939.5	II
6610at6231	III	14692196.0	III
6614at6231	II	7467927.0	II
6630at6231	V	14488578.5	V
6635at6231	IV	13069296.5	IV
6636at6231	II	7538008.0	II
6637at6231	III	18773486.5	III
6642at6231	I	11831647.5	I
6649at6231	II	5905408.0	II
6652at6231	II	451274.5	II
6663at6231	I	8777800.0	I
6666at6231	I	13206364.5	I
6671at6231	IV	7906088.5	IV
6675at6231	I	16335802.0	I
6679at6231	III	16325579.0	III
6683at6231	X	7833142.0	X
6686at6231	I	6311760.0	I
6687at6231	X	11626734.0	X
6689at6231	II	11195009.0	II
6690at6231	V	8709458.0	V
6693at6231	V	3062604.0	V
6704at6231	IV	14161002.0	IV
6706at6231	I	15271417.0	I
6707at6231	III	7075880.0	III
6708at6231	IV	15527677.5	III
6709at6231	II	1722443.5	II
6711at6231	IV	8087034.0	IV
6716at6231	V	7473629.5	V
6736at6231	IV	8647045.0	II
6740at6231	IV	15184656.0	IV
6743at6231	III	4695827.5	III
6745at6231	V	10021607.5	V
6752at6231	V	2844358.5	V
6753at6231	IV	240171.0	IV
6756at6231	IV	17263987.5	IV
6757at6231	V	9480294.5	V
6764at6231	III	6424415.0	III
6765at6231	III	10023198.5	V
6768at6231	I	7793160.0	I
6772at6231	III	7926547.0	III
6778at6231	II	1377815.5	II
6806at6231	III	13035293.5	III
6812at6231	V	11696716.5	V
6813at6231	III	333421.0	III
6815at6231	I	9560810.0	I
6816at6231	X	7739231.5	X
6827at6231	I	9127747.5	I
6830at6231	III	11672198.5	III
6833at6231	V	3236016.0	V
6835at6231	III	8687042.5	III
6838at6231	V	8265287.5	V
6843at6231	II	7081119.0	II
6846at6231	V	18174088.5	V
6848at6231	III	12434769.5	III
6857at6231	IV	16605436.5	IV
6861at6231	I	16254297.0	I
6862at6231	III	4689508.0	III
6875at6231	I	16602342.0	I
6876at6231	IV	9951619.5	IV
6877at6231	III	1549470.0	III
6879at6231	X	7136638.0	X
6880at6231	I	16043695.0	I
6886at6231	V	7054680.0	V
6898at6231	II	9828688.5	II
6900at6231	IV	8084780.5	IV
6902at6231	I	11043532.5	I
6907at6231	V	757519.5	I
6910at6231	II	7093649.0	II
6914at6231	IV	15211093.5	IV
6917at6231	II	10801846.5	II
6924at6231	X	17020777.0	X
6932at6231	IV	7299519.0	IV
6935at6231	II	11374494.5	II
6937at6231	I	11481430.5	I
6941at6231	III	10696500.5	III
6942at6231	IV	12905288.0	IV
6943at6231	IV	6861192.0	IV
6945at6231	V	16219678.5	V
6946at6231	I	15624298.5	I
6947at6231	I	3258750.0	I
6949at6231	III	12445366.0	III
6960at6231	IV	10917837.5	IV
6967at6231	III	16258194.0	III
6977at6231	I	15597542.5	I
6979at6231	III	8598256.0	III
6984at6231	III	13330722.0	III
6989at6231	III	18914411.0	III
6991at6231	I	8199996.5	I
6997at6231	V	15703823.5	V
6998at6231	II	11205082.0	II
7002at6231	I	11408984.5	I
7003at6231	X	8114483.5	X
7004at6231	I	12867187.0	I
7005at6231	I	17375401.5	I
7007at6231	I	8878961.0	I
7008at6231	III	15977988.0	III
7009at6231	I	7870703.0	I
7010at6231	II	5510555.0	II
7012at6231	II	10242824.0	II
7020at6231	II	12961337.5	II
7026at6231	II	17472089.0	II
7029at6231	IV	12423028.0	IV
7045at6231	III	10033405.0	V
7046at6231	V	10920265.5	V
7050at6231	V	7659968.0	V
7056at6231	X	15694284.0	X
7061at6231	II	10225399.0	II
7063at6231	III	11731326.5	III
7068at6231	I	16108916.0	I
7076at6231	V	5546319.0	V
7086at6231	IV	15138539.0	IV
7088at6231	II	8260054.0	II
7089at6231	I	16092633.5	I
7094at6231	X	15790203.5	X
7108at6231	IV	14011920.5	IV
7109at6231	II	13079570.0	II
7110at6231	X	8357654.0	X
7114at6231	III	10147010.0	III
7116at6231	V	9136265.0	V
7119at6231	I	11003302.0	I
7123at6231	I	17047110.0	I
7125at6231	IV	143910.5	V
7127at6231	V	13839440.0	V
7130at6231	IV	16535148.0	IV
7146at6231	I	2556500.0	I
7148at6231	I	17683700.0	I
7151at6231	III	8541011.5	III
7161at6231	V	9293644.0	V
7163at6231	IV	10540663.5	IV
7169at6231	III	15158583.5	III
7175at6231	III	6038166.5	III
7182at6231	V	10871492.5	V
7183at6231	II	6285566.5	II
7186at6231	III	18147297.5	III
7187at6231	X	12549434.5	X
7196at6231	V	6729961.5	V
7197at6231	I	7425876.5	I
7201at6231	X	4886104.0	X
7202at6231	IV	617586.5	IV
7205at6231	IV	12266565.0	IV
7210at6231	II	10063763.0	II
7216at6231	III	11849255.0	III
7219at6231	V	6887485.0	V
7223at6231	V	13978665.5	V
7224at6231	IV	3554221.0	IV
7225at6231	III	12938970.0	III
7230at6231	III	7154954.5	III
7232at6231	I	5935947.0	I
7234at6231	III	12673383.5	III
7246at6231	IV	4513623.5	IV
7250at6231	X	17250632.5	X
7251at6231	V	6742569.5	V
7252at6231	V	843368.5	V
7260at6231	I	2060196.0	I
7264at6231	IV	4448531.5	IV
7265at6231	III	10212004.5	III
7266at6231	III	7400458.5	V
7269at6231	III	11732635.5	III
7275at6231	II	9475059.5	II
7278at6231	I	15599121.5	I
7280at6231	I	5164840.5	I
7281at6231	I	15940286.5	I
7285at6231	II	3593325.5	II
7287at6231	II	10023463.0	II
7288at6231	I	15396613.5	I
7289at6231	II	9609353.0	II
7292at6231	I	12881580.0	I
7293at6231	III	12972202.0	III
7299at6231	I	15442730.0	I
7302at6231	X	9449821.0	X
7305at6231	I	13364903.5	I
7311at6231	II	1518618.0	III
7318at6231	V	6924750.5	V
7319at6231	I	5487467.0	I
7322at6231	III	3317107.5	III
7325at6231	X	15712695.0	X
7327at6231	II	6648407.0	II
7330at6231	III	12223366.5	III
7340at6231	V	7741370.5	V
7345at6231	I	12480842.5	I
7347at6231	X	8457468.5	X
7351at6231	I	3434733.5	I
7353at6231	III	10352906.5	III
7363at6231	III	12373268.5	III
7367at6231	I	15984365.0	I
7371at6231	V	9454569.5	V
7381at6231	V	17142409.5	V
7384at6231	II	9503996.5	II
7385at6231	I	16053889.0	I
7401at6231	II	1846310.0	II
7402at6231	V	10885052.5	V
7416at6231	I	13382928.5	I
7418at6231	I	531785.5	I
7419at6231	V	7117943.5	V
7422at6231	III	12496593.5	III
7423at6231	X	14032046.5	X
7430at6231	I	11018363.0	I
7447at6231	IV	4375374.0	IV
7460at6231	V	6026161.0	III
7469at6231	II	15856892.0	II
7473at6231	II	7993447.5	II
7474at6231	V	582858.5	V
7475at6231	II	17977590.5	II
7476at6231	I	679781.0	I
7478at6231	V	14809627.5	V
7479at6231	II	17921553.0	II
7480at6231	II	18321590.0	II
7481at6231	X	7786026.5	X
7490at6231	III	11198230.5	III
7492at6231	I	17599746.5	I
7500at6231	IV	14731518.5	IV
7507at6231	X	15591491.5	X
7519at6231	V	5315421.5	V
7520at6231	IV	16736960.5	IV
7521at6231	III	12007399.5	III
7525at6231	I	14347944.5	I
7526at6231	IV	12292907.5	IV
7528at6231	I	16965130.5	I
7540at6231	V	3047304.0	V
7546at6231	I	11028927.0	I
7555at6231	I	7884024.0	I
7557at6231	II	10253996.5	III
7558at6231	III	18938283.0	III
7560at6231	IV	2765288.5	IV
7561at6231	V	9089432.0	V
7565at6231	III	6849825.5	III
7566at6231	X	10249089.0	X
7571at6231	III	9964061.5	III
7573at6231	I	12876198.5	I
7579at6231	I	7437097.0	I
7586at6231	IV	5512774.0	IV
7591at6231	I	12981571.0	I
7601at6231	X	2207914.5	X
7606at6231	X	9909099.5	X
7615at6231	III	7235911.5	III
7617at6231	X	2371273.0	X
7626at6231	I	12262309.0	I
7627at6231	I	12505099.0	I
7628at6231	II	2502486.5	II
7633at6231	X	10267522.0	X
7651at6231	II	18517592.5	II
7662at6231	V	7396342.0	V
7663at6231	I	1781327.5	III
7664at6231	IV	7909804.5	IV
7665at6231	IV	8383321.0	IV
7669at6231	III	10347214.5	III
7670at6231	II	16150196.0	II
7672at6231	IV	18022694.0	IV
7675at6231	II	6806045.0	II
7678at6231	III	15181549.0	III
7696at6231	IV	13686129.5	IV
7697at6231	III	11036106.0	III
7701at6231	X	16600071.5	X
7702at6231	II	11842983.0	II
7703at6231	III	6574899.0	III
7706at6231	III	8312114.5	III
7707at6231	I	8075355.5	I
7716at6231	III	8490445.0	III
7720at6231	III	7985896.0	III
7729at6231	IV	301467.5	IV
7736at6231	IV	1252926.5	IV
7738at6231	I	8844341.5	I
7743at6231	III	13060662.5	III
7746at6231	V	7135921.0	V
7752at6231	V	9601598.0	V
7763at6231	V	6355266.5	V
7764at6231	III	16254343.5	III
7772at6231	I	8873923.5	I
7788at6231	I	9154171.5	I
7795at6231	I	9310394.0	I
7800at6231	II	5913386.5	II
7806at6231	II	16969393.5	II
7810at6231	V	12138610.5	V
7811at6231	X	10578897.0	X
7814at6231	I	12638302.5	I
7824at6231	II	1098079.0	II
7825at6231	II	11200489.0	II
7839at6231	II	7909171.0	II
7847at6231	X	5793768.5	X
7849at6231	I	3523834.0	I
7851at6231	I	14590935.0	I
7866at6231	I	10653520.0	I
7885at6231	III	14512710.0	III
7889at6231	III	9267559.5	III
7900at6231	III	7932111.5	III
7912at6231	IV	12964742.5	IV
7913at6231	III	10346093.5	III
7921at6231	III	12006271.0	III
7926at6231	III	12064070.0	III
7927at6231	III	11406367.0	III
7942at6231	II	4420144.5	II
7943at6231	I	9508827.0	I
7955at6231	II	12778869.5	II
7961at6231	II	9340552.5	II
7970at6231	X	4416334.0	X
7975at6231	IV	13053940.0	III
7983at6231	V	3033489.0	V
7984at6231	II	5255269.0	II
7987at6231	II	7548722.5	II
7991at6231	III	14445170.0	III
7992at6231	IV	1818030.5	IV
7993at6231	II	4579083.5	II
8002at6231	III	8740204.0	III
8005at6231	I	3172726.0	I
8006at6231	V	808400.5	V
8007at6231	I	2428876.0	I
8009at6231	III	9316435.5	III
8019at6231	III	8507081.5	III
8021at6231	III	4953300.0	III
8025at6231	II	9348393.0	II
8033at6231	V	5625627.5	V
8037at6231	III	18076175.0	IV
8040at6231	I	7998023.5	I
8044at6231	X	12701431.0	X
8052at6231	III	10714577.0	III
8055at6231	I	8911220.5	I
8058at6231	I	17396621.5	I
8060at6231	III	11060482.0	III
8061at6231	I	392250.0	I
8063at6231	III	9130647.0	III
8068at6231	II	4857062.5	II
8072at6231	II	1785462.0	II
8073at6231	IV	9428155.0	IV
8081at6231	II	7817847.5	II
8086at6231	X	18034787.5	X
8087at6231	I	6048077.5	I
8088at6231	I	8461494.0	I
8090at6231	X	16031123.0	X
8093at6231	II	683855.0	II
8094at6231	I	12040554.0	I
8107at6231	IV	13111763.5	IV
8110at6231	V	10645802.5	V
8117at6231	V	6396417.0	V
8124at6231	II	14769078.0	II
8130at6231	III	18460230.0	III
8131at6231	III	12267604.0	III
8132at6231	X	18337370.5	X
8134at6231	III	6572125.0	III
8139at6231	II	3021176.0	II
8146at6231	V	9643594.5	V
8153at6231	III	17146820.5	III
8155at6231	III	13200564.0	I
8156at6231	IV	7887791.0	IV
8164at6231	I	13073870.0	I
8183at6231	V	1790603.0	V
8184at6231	III	12034769.0	III
8187at6231	IV	7693644.5	IV
8190at6231	II	11834734.0	II
8195at6231	I	15850277.0	I
8215at6231	V	6289199.0	V
8225at6231	I	7456636.0	I
8228at6231	III	8583137.5	III
8229at6231	III	10814451.5	III
8231at6231	I	15887619.5	I
8234at6231	X	16702021.0	X
8238at6231	V	13256883.0	V
8242at6231	III	6662723.5	III
8246at6231	III	12251705.0	III
8249at6231	III	11781016.5	III
8250at6231	IV	12764653.5	IV
8258at6231	V	10611226.0	V
8273at6231	III	14002971.0	III
8275at6231	IV	12509318.5	IV
8280at6231	I	5329584.0	I
8282at6231	X	9676609.5	X
8283at6231	I	14719117.5	I
8288at6231	IV	1386422.5	IV
8295at6231	II	9337969.0	II
8300at6231	IV	3714640.0	IV
8304at6231	X	17746319.0	X
8309at6231	V	1321818.0	II
8312at6231	II	18282712.5	II
8314at6231	III	8448794.5	III
8316at6231	IV	10369196.0	IV
8326at6231	V	3073845.5	X
8328at6231	I	17395069.0	I
8329at6231	I	7543424.5	I
8337at6231	III	8532881.5	III
8340at6231	IV	236518.5	IV
8342at6231	I	12648800.0	I
8344at6231	IV	17138071.5	IV
8348at6231	II	6182071.5	II
8361at6231	IV	14716281.5	IV
8362at6231	V	5267638.5	III
8363at6231	II	11504240.0	II
8377at6231	X	2400030.0	X
8379at6231	X	12392618.5	X
8383at6231	IV	17875614.5	IV
8392at6231	I	16968040.0	I
8395at6231	III	10767796.0	III
8399at6231	II	4385314.5	II
8408at6231	IV	12920497.0	IV
8417at6231	I	7854324.0	I
8433at6231	II	3316743.0	II
8446at6231	I	13618526.0	I
8447at6231	V	12422222.5	III
8448at6231	I	17785661.0	I
8449at6231	IV	436045.5	IV
8450at6231	IV	10677871.5	IV
8452at6231	IV	10771793.5	IV
8453at6231	IV	7895711.5	IV
8457at6231	III	12199779.0	III
8467at6231	X	18031500.0	X
8469at6231	X	15353082.5	X
8471at6231	III	11011725.5	III
8473at6231	II	10052953.0	II
8478at6231	V	5398812.5	V
8480at6231	I	3859587.0	I
8482at6231	I	8883202.5	I
8486at6231	II	241131.0	II
8491at6231	IV	9215437.0	IV
8492at6231	II	9615860.0	II
8494at6231	X	8818328.5	X
8502at6231	II	2299294.5	II
8505at6231	I	5124333.0	I
8506at6231	I	17578538.0	I
8508at6231	X	6326186.0	X
8511at6231	IV	8570034.0	IV
8517at6231	III	9324278.0	III
8518at6231	V	5771170.0	IV
8519at6231	III	9448828.0	III
8522at6231	III	11375034.0	III
8545at6231	IV	8007161.5	IV
8552at6231	V	8787726.0	V
8556at6231	II	12773991.5	II
8560at6231	I	12859475.0	I
8561at6231	V	7751318.0	V
8565at6231	X	17958825.5	X
8569at6231	X	16334958.0	X
8577at6231	V	804890.0	V
8579at6231	III	6336539.0	III
8581at6231	X	15772951.5	X
8588at6231	IV	12097466.5	IV
8595at6231	III	12126542.5	III
8602at6231	V	9322590.0	V
8603at6231	I	16877317.0	I
8604at6231	V	6326510.0	V
8615at6231	II	4517548.0	II
8619at6231	IV	7860297.5	IV
8622at6231	III	13398136.5	III
8625at6231	I	10101652.5	I
8636at6231	I	11171660.5	I
8643at6231	V	9943885.0	V
8647at6231	I	17083879.0	I
8654at6231	II	3208864.5	II
8664at6231	X	14686072.5	X
8669at6231	III	11128741.0	III
8674at6231	V	10184108.5	V
8675at6231	IV	17068599.0	X
8676at6231	X	15451778.0	X
8687at6231	II	454290.5	II
8691at6231	I	9077512.0	I
8692at6231	I	6529795.5	I
8700at6231	I	13768841.0	I
8712at6231	I	13721512.0	I
8714at6231	III	13870368.5	III
8732at6231	IV	3227702.0	I
8736at6231	X	7360095.0	X
8737at6231	V	13646615.5	V
8739at6231	II	6786714.5	II
8742at6231	III	8132782.0	III
8746at6231	V	18613759.5	V
8749at6231	I	8184044.5	I
8750at6231	IV	16502239.0	IV
8755at6231	II	6711614.0	II
8767at6231	IV	10328162.5	IV
8768at6231	X	11692535.5	X
8774at6231	I	8119674.0	I
8776at6231	I	13558760.0	I
8777at6231	I	7838060.5	I
8780at6231	I	11105003.0	III
8781at6231	II	5504860.5	II
8794at6231	I	13432818.5	I
8796at6231	IV	17297482.0	IV
8810at6231	IV	9453809.5	IV
8817at6231	III	8895010.0	III
8827at6231	IV	13761014.0	IV
8834at6231	I	7745470.5	I
8837at6231	I	10395857.5	I
8842at6231	III	14060916.5	III
8850at6231	III	16717720.5	III
8856at6231	V	6586996.0	V
8862at6231	I	13321433.0	I
8869at6231	II	9990440.0	II
8878at6231	III	9138929.0	III
8879at6231	V	9214452.5	V
8888at6231	V	412472.5	V
8902at6231	I	13544016.0	I
8911at6231	IV	9828853.5	IV
8914at6231	I	11330946.5	I
8917at6231	I	13661702.5	I
8918at6231	IV	9914322.5	IV
8926at6231	II	4552265.5	II
8934at6231	III	10984569.5	III
8949at6231	I	13203893.5	I
8969at6231	II	16079806.0	II
8983at6231	II	6568472.5	II
8994at6231	IV	6288793.0	IV
9000at6231	II	4952711.0	II
9014at6231	I	15669582.0	I
9019at6231	X	12431698.5	III
9040at6231	V	6795587.5	V
9041at6231	III	9420020.0	III
9042at6231	IV	4691307.0	IV
9048at6231	II	10488155.5	II
9049at6231	III	9404727.0	III
9051at6231	IV	17083051.5	III
9055at6231	X	9541205.5	X
9059at6231	X	15871702.5	X
9060at6231	I	7647496.0	I
9066at6231	III	10738572.0	III
9072at6231	IV	1363936.5	IV
9077at6231	III	13221266.0	X
9081at6231	I	6946376.0	I
9082at6231	II	11119900.0	II
9092at6231	I	15828210.5	I
9097at6231	II	7912444.5	II
9098at6231	III	10947352.0	III
9099at6231	V	8448399.5	V
9118at6231	III	14487687.0	III
9120at6231	I	17535924.5	I
9150at6231	III	1386144.5	III
9163at6231	II	6782401.5	II
9164at6231	III	9840413.5	III
9166at6231	III	11333041.0	III
9186at6231	X	7096143.0	X
9187at6231	IV	16865896.0	IV
9192at6231	X	8317849.5	X
9194at6231	IV	15133980.0	IV
9200at6231	IV	609860.0	IV
9206at6231	I	677925.0	I
9208at6231	X	14230985.5	X
9213at6231	III	18908873.5	III
9221at6231	IV	1347257.5	IV
9229at6231	I	17564938.5	I
9236at6231	III	11452746.5	III
9243at6231	III	18075918.5	III
9244at6231	III	3059068.5	III
9253at6231	III	6580325.5	III
9260at6231	I	12236992.0	I
9264at6231	II	10510611.0	II
9270at6231	IV	138146.5	V
9275at6231	IV	10674722.5	IV
9278at6231	IV	2973109.0	IV
9279at6231	IV	8003486.5	IV
9299at6231	V	9302930.5	V
9300at6231	V	12978336.5	V
9313at6231	V	6744397.0	V
9321at6231	II	8973710.5	II
9327at6231	X	16143387.5	X
9328at6231	V	10796792.5	V
9329at6231	III	9596604.5	III
9332at6231	III	16914609.5	III
9333at6231	I	12892882.5	I
9343at6231	I	15221626.5	I
9344at6231	II	12863445.5	II
9367at6231	I	15616082.5	I
9370at6231	V	9734100.5	V
9387at6231	II	1287700.5	II
9390at6231	X	8338219.0	X
9393at6231	X	261254.0	X
9403at6231	III	8133731.0	III
9411at6231	II	4312013.5	II
9425at6231	II	4055305.5	II
9436at6231	IV	7494805.5	IV
9440at6231	I	17232603.5	I
9441at6231	III	7214131.0	III
9443at6231	III	287318.0	III
9448at6231	X	3499200.5	X
9451at6231	III	7803291.0	III
9453at6231	IV	7443446.5	III
9458at6231	III	12431751.5	III
9466at6231	IV	8101328.5	IV
9467at6231	X	355038.5	X
9486at6231	V	18378234.0	V
9494at6231	I	15520458.5	I
9499at6231	V	6816215.0	V
9500at6231	V	12419624.5	V
9504at6231	III	15872518.0	III
9512at6231	III	12578065.5	III
9515at6231	III	1108637.0	III
9516at6231	II	7814593.5	II
9526at6231	I	1305063.0	I
9532at6231	I	8525008.5	I
9534at6231	III	6029638.0	III
9541at6231	IV	4960772.0	IV
9543at6231	III	17005595.5	III
9547at6231	V	16276527.0	V
9548at6231	III	10089968.5	III
9557at6231	IV	14125135.5	IV
9559at6231	I	17288114.0	I
9563at6231	III	13283086.0	III
9564at6231	I	14682747.0	I
9574at6231	III	16816411.5	III
9579at6231	II	10256226.0	II
9582at6231	II	7946482.0	II
9588at6231	II	17358546.0	X
9611at6231	III	16056057.0	III
9613at6231	V	9035463.0	V
9614at6231	V	5628122.0	V
9615at6231	I	7393742.0	I
9627at6231	II	17982657.0	II
9630at6231	I	9812977.0	I
9632at6231	II	5328945.5	II
9639at6231	I	4315523.5	I
9649at6231	III	8901675.0	III
9651at6231	III	12137789.5	III
9657at6231	II	9422344.0	II
9662at6231	V	7087658.5	V
9669at6231	IV	9694938.0	IV
9671at6231	V	9428840.0	V
9672at6231	IV	5919344.5	IV
9676at6231	I	7995724.0	I
9677at6231	II	82892.0	II
9681at6231	I	13906422.5	I
9693at6231	III	18936510.5	III
9714at6231	I	11021393.0	I
9719at6231	I	18023680.5	I
9736at6231	II	10006633.5	II
9739at6231	V	14805457.5	V
9748at6231	III	1380613.5	III
9774at6231	V	10324530.0	V
9785at6231	I	13464178.0	I
9788at6231	I	2431012.5	II
9792at6231	III	7563478.0	X
9802at6231	IV	607536.0	IV
9816at6231	V	1849390.0	V
9828at6231	IV	17820169.0	IV
9838at6231	II	14772559.5	II
9840at6231	X	15055277.5	X
9847at6231	III	8725252.5	III
9857at6231	V	9692150.5	V
9898at6231	III	12410897.0	III
9899at6231	II	11198071.5	II
9903at6231	IV	9856835.5	IV
9915at6231	II	8394035.5	II
9922at6231	III	18116018.5	III
9923at6231	IV	15205186.0	IV
9936at6231	IV	17266977.5	IV
9937at6231	IV	8100135.0	IV
9938at6231	II	9796414.0	II
9940at6231	X	16419331.5	X
9946at6231	II	7499269.5	II
9959at6231	V	12559478.5	V
9967at6231	III	7445308.5	III
9976at6231	I	13416317.0	I
9986at6231	III	6795115.5	III
9987at6231	II	15270033.0	II
9998at6231	II	18326359.5	II
9999at6231	III	1383152.0	III
10010at6231	II	16945509.0	II
10018at6231	I	5896739.5	I
10021at6231	III	14135753.0	III
10025at6231	I	15295459.5	I
10032at6231	II	10370103.5	II
10044at6231	I	13724148.0	I
10045at6231	IV	7676166.0	IV
10063at6231	III	12706301.5	III
10068at6231	V	12195182.5	V
10076at6231	II	678725.5	II
10099at6231	II	7294639.5	II
10121at6231	I	2905066.5	I
10127at6231	I	7728750.5	I
10128at6231	IV	10178085.0	IV
10139at6231	III	12411851.0	III
10150at6231	II	10278350.0	II
10161at6231	III	9969324.0	III
10165at6231	V	9642141.0	V
10170at6231	V	10028800.5	V
10177at6231	X	16206135.5	X
10185at6231	V	18428619.0	V
10190at6231	II	4918741.0	II
10196at6231	IV	16953563.0	III
10222at6231	I	11478933.0	I
10233at6231	II	7369351.5	II
10237at6231	I	4849228.0	IV
10251at6231	I	3469400.5	I
10258at6231	III	13721166.5	III
10260at6231	IV	7674951.0	IV
10271at6231	I	3653484.0	I
10273at6231	IV	1257522.0	IV
10294at6231	IV	7839149.0	IV
10313at6231	II	9666428.5	II
10317at6231	V	15715796.0	V
10321at6231	III	12432680.5	III
10340at6231	X	16056699.0	X
10344at6231	III	12762924.0	III
10350at6231	IV	9021167.5	IV
10353at6231	I	13096708.5	I
10354at6231	II	9521470.5	II
10356at6231	IV	10170858.5	IV
10373at6231	IV	8324930.5	IV
10379at6231	II	7217695.5	III
10388at6231	III	9971325.5	III
10389at6231	V	6134587.5	V
10441at6231	I	13442607.5	I
10448at6231	II	17032588.5	II
10449at6231	II	9533001.0	II
10450at6231	I	7227200.5	III
10461at6231	II	10603145.5	II
10466at6231	III	15760064.5	III
10473at6231	III	475373.5	IV
10513at6231	I	12332353.0	I
10522at6231	III	3026233.5	III
10532at6231	I	17176836.0	I
10534at6231	I	15990722.0	I
10541at6231	III	10332252.0	III
10545at6231	III	8891209.0	III
10555at6231	I	5678860.5	I
10562at6231	III	10918041.5	III
10575at6231	I	12645765.0	I
10610at6231	III	288222.5	III
10615at6231	I	17985933.0	I
10625at6231	IV	7396059.5	IV
10627at6231	IV	1358968.5	IV
10631at6231	I	11835047.0	I
10640at6231	I	10015291.0	I
10661at6231	I	6789974.0	I
10678at6231	X	9625169.0	II
10679at6231	V	17864273.0	V
10698at6231	III	10145221.0	III
10705at6231	III	9168359.5	III
10709at6231	V	17438032.0	V
10710at6231	IV	14297541.5	IV
10717at6231	II	18520286.5	II
10732at6231	V	12921697.5	V
10735at6231	III	10295259.0	III
10741at6231	II	17394501.0	II
10750at6231	II	3986980.5	II
10755at6231	III	13122999.0	II
10769at6231	IV	4779359.5	IV
10777at6231	V	7983037.0	V
10791at6231	I	14230514.0	I
10794at6231	IV	18087625.0	IV
10803at6231	III	276203.0	III
10822at6231	X	12015523.0	X
10827at6231	I	7303548.5	I
10848at6231	I	15968533.0	I
10853at6231	III	9099376.0	III
10864at6231	III	6652467.5	III
10898at6231	I	14439937.5	I
10907at6231	I	16897640.0	I
10910at6231	V	16722852.5	V
10918at6231	I	4937038.5	I
10928at6231	I	5069020.5	I
10935at6231	III	10188144.0	III
10953at6231	I	11734312.0	I
10979at6231	X	8702712.5	X
10987at6231	II	7808296.5	II
11021at6231	V	15166710.0	V
11034at6231	V	9379317.0	I
11036at6231	III	18759698.5	III
11046at6231	I	6674288.0	I
11066at6231	I	7003540.5	I
11082at6231	III	16338683.5	III
11111at6231	III	10437620.0	III
11115at6231	IV	283351.5	V
11124at6231	IV	10299092.0	IV
11126at6231	III	7922483.0	III
11127at6231	IV	12973867.0	IV
11144at6231	II	3752352.0	II
11179at6231	III	8411048.0	III
11187at6231	V	10411500.5	V
11192at6231	III	10256212.0	III
11194at6231	I	1275813.0	I
11201at6231	II	14318845.5	II
11227at6231	I	16310763.5	I
11229at6231	III	897844.5	III
11250at6231	X	15643233.0	X
11267at6231	V	17124256.0	V
11289at6231	X	18043081.5	X
11295at6231	I	10753252.5	I
11307at6231	V	16451256.5	V
11314at6231	III	13402798.5	III
11363at6231	I	5055259.5	I
11367at6231	X	16345332.5	X
11372at6231	I	10042454.0	I
11385at6231	I	10909583.0	I
11412at6231	II	8466701.0	II
11490at6231	I	14137624.0	I
