0at6231	IV	IV	5396291.5	IV	2285950.5
4at6231	I	II	10505620.5	V	4625612.5
6at6231	V	V	1670631.0	V	8010490.0
7at6231	III	III	15345876.0	III	7315238.0
9at6231	III	III	15631804.0	III	13506669.0
18at6231	I	I	3945509.5	I	7772171.5
19at6231	V	V	11962527.0	V	15083370.5
20at6231	II	II	6031284.0	II	8091024.5
21at6231	V	V	6120039.5	V	17811742.5
22at6231	I	I	4935897.0	I	17916030.5
23at6231	III	III	10814806.0	III	9740402.5
25at6231	X	X	13969397.0	X	17615421.5
28at6231	III	III	16021002.0	III	15055074.0
29at6231	V	IV	14825252.0	IV	10232425.5
32at6231	X	X	4064428.0	X	16883996.0
35at6231	V	V	7528159.0	V	8397019.5
39at6231	X	X	14756245.0	X	15826821.0
40at6231	V	V	14304315.5	V	1422408.0
43at6231	I	I	2692942.5	I	17474754.5
45at6231	III	III	5698340.0	III	12041829.5
48at6231	I	I	8401120.0	I	517171.0
49at6231	X	X	13707218.0	X	2796473.5
55at6231	III	III	12323117.0	III	7163892.5
60at6231	IV	IV	8250581.5	IV	18083958.5
63at6231	IV	IV	9312342.0	IV	9793925.5
65at6231	X	X	9377175.0	X	6675890.5
67at6231	X	X	983560.0	X	1491609.0
68at6231	I	I	9151469.5	I	5529304.5
72at6231	III	III	14619060.5	III	14806640.5
74at6231	I	I	3459430.0	I	14080969.5
76at6231	I	I	2844113.0	I	15038043.5
86at6231	X	X	9514101.0	X	5835933.5
90at6231	IV	IV	8293431.5	IV	18012431.5
91at6231	IV	IV	12794612.0	IV	13078607.5
92at6231	III	III	11374453.5	III	7510820.5
96at6231	IV	IV	10403654.0	IV	12668408.5
97at6231	V	V	15389580.0	V	11897196.5
101at6231	X	X	3095967.0	X	11026085.5
112at6231	X	X	11514503.0	X	6450513.0
117at6231	I	I	2482045.0	I	16937191.5
119at6231	unassigned	I	15427349.5	I	9617689.5
125at6231	V	V	15545749.5	V	11437333.5
127at6231	X	X	595051.5	X	16899598.0
131at6231	II	II	228780.5	II	6505540.0
132at6231	III	III	9343550.0	III	13008482.0
137at6231	III	III	13565965.0	III	297279.5
139at6231	X	X	15770108.0	X	3805097.0
144at6231	IV	IV	4751093.5	IV	12170704.5
146at6231	II	II	4030510.0	II	6376162.5
147at6231	X	X	8979769.5	X	8435884.5
149at6231	II	II	1916894.0	II	7195960.5
151at6231	III	III	12923897.0	III	16140916.0
152at6231	II	II	10799062.0	II	908547.5
161at6231	II	II	7680043.0	II	672430.5
164at6231	X	X	8120238.0	X	12294621.0
165at6231	X	X	16290263.0	X	9739498.5
166at6231	III	III	3884695.0	III	7434093.0
172at6231	IV	IV	9930351.0	IV	8015412.0
174at6231	III	III	2469611.5	III	11186884.5
175at6231	I	I	15078020.0	I	1719188.0
183at6231	III	III	6060782.5	III	11110108.5
184at6231	II	II	2625353.5	II	10623564.0
185at6231	III	III	3227175.5	III	12778523.0
189at6231	X	X	18195547.5	X	9191780.5
190at6231	II	II	4242539.5	II	13630868.5
194at6231	IV	IV	9476631.0	IV	15258538.0
196at6231	III	III	15465990.5	III	15238072.0
197at6231	II	II	9156014.0	II	9896597.0
198at6231	II	II	13564865.0	II	410228.5
201at6231	II	II	8181387.5	II	6574874.5
204at6231	I	I	7797293.5	I	14101114.0
210at6231	III	III	14313770.5	III	15793135.5
211at6231	III	III	14905662.5	III	10475217.5
216at6231	I	I	10595019.5	I	7902502.0
217at6231	V	V	9077601.5	V	18517819.5
219at6231	II	II	16421480.5	II	3061010.5
223at6231	III	III	6418098.0	III	11558866.0
225at6231	II	II	17073123.5	II	11531753.5
229at6231	I	I	5524330.5	I	3571869.0
232at6231	X	X	15005338.5	X	17683409.5
233at6231	IV	IV	1051172.0	IV	12272082.0
238at6231	I	I	394383.5	I	8422893.5
241at6231	I	I	6288213.5	I	13913259.5
243at6231	IV	IV	5038949.5	IV	13300777.0
252at6231	X	X	13231093.0	X	14915751.0
255at6231	III	III	11494036.0	III	11469708.5
256at6231	II	II	11390734.0	II	6980410.0
257at6231	V	V	9111571.5	V	9372580.0
265at6231	III	III	14592220.5	III	18428588.5
267at6231	III	III	15044201.0	III	12827707.5
270at6231	V	V	12428109.0	V	18593406.5
277at6231	II	V	1758391.0	V	13990335.0
279at6231	III	III	9744791.5	III	14625099.5
286at6231	V	V	15695655.5	V	11313281.5
287at6231	V	V	2379236.5	V	9649394.5
288at6231	I	I	8415319.5	I	14397919.0
293at6231	III	III	5244833.0	III	13803326.5
294at6231	I	I	14282611.5	I	11166311.0
299at6231	III	III	3586180.5	III	8524446.0
300at6231	III	III	5770557.0	III	17541759.5
301at6231	IV	IV	5781164.5	IV	8198527.0
302at6231	II	II	17179491.0	II	6793235.5
318at6231	I	I	11502385.5	I	4722544.5
319at6231	II	II	7213493.0	II	13864386.0
322at6231	X	X	10638638.5	X	7474162.0
323at6231	IV	IV	4387160.0	IV	17290390.0
327at6231	unassigned	I	3024004.0	I	14759904.0
344at6231	V	IV	10203227.5	IV	8730977.0
345at6231	III	III	11033194.5	III	11718834.0
346at6231	I	I	3119002.0	I	11353559.0
348at6231	IV	IV	11079345.5	IV	6887789.0
350at6231	IV	IV	2652506.5	IV	3411522.5
364at6231	IV	IV	15684424.0	IV	571170.0
366at6231	I	I	11057471.5	I	11465737.0
369at6231	IV	IV	6540714.5	IV	9330686.5
373at6231	III	III	7098982.0	III	2896011.0
375at6231	X	X	10896470.5	X	7022524.5
378at6231	I	I	8477333.5	I	6321269.5
382at6231	II	II	2647362.0	II	10614119.5
384at6231	II	II	9405194.5	II	7441426.5
390at6231	II	II	16821961.0	II	623879.5
394at6231	X	X	10525493.0	X	7587001.0
402at6231	X	X	7510211.5	X	331817.5
405at6231	II	II	4729028.5	II	12884441.0
411at6231	I	I	8432047.0	I	14016084.0
416at6231	V	V	13580121.5	V	16689385.0
420at6231	unassigned	V	12419135.5	V	9928152.0
421at6231	X	X	2868730.5	X	932666.5
422at6231	I	I	13592217.0	I	16068431.5
423at6231	III	III	14867719.0	III	6221224.0
425at6231	IV	IV	7861958.5	IV	9062486.5
428at6231	III	III	424236.5	III	12103818.5
430at6231	I	I	7270078.5	I	11190971.0
432at6231	X	X	5074700.5	X	9439082.5
435at6231	III	III	14750039.5	III	18601635.0
436at6231	X	X	904159.5	X	14584172.5
438at6231	X	X	10380134.0	X	7932789.0
439at6231	X	X	10713925.0	X	7433161.0
450at6231	II	II	11314226.0	II	7040137.0
451at6231	III	III	11515540.0	III	13171040.5
452at6231	IV	IV	7255067.5	IV	13800722.0
454at6231	V	V	11770956.0	V	10657137.5
459at6231	IV	IV	3015055.5	IV	10517923.0
461at6231	III	III	9363270.0	III	11426068.0
462at6231	I	I	11003426.5	I	12318123.0
473at6231	V	V	10959846.5	V	10767068.0
479at6231	III	III	8944428.0	III	6465777.5
482at6231	V	V	12278579.0	V	7050390.5
487at6231	V	V	6095584.0	V	15645500.5
488at6231	I	I	15756095.0	I	12178043.0
489at6231	I	I	7377990.5	I	6996472.5
490at6231	V	V	7389378.5	V	221844.5
493at6231	X	X	10233445.0	X	6360260.5
494at6231	II	II	1214810.0	II	13175480.0
501at6231	II	II	14432521.0	II	7543668.5
503at6231	I	I	13146108.0	I	4234415.0
509at6231	I	I	1576556.0	I	13238940.0
514at6231	II	IV	3187632.5	IV	8749830.0
516at6231	III	X	1571596.5	X	11003687.5
518at6231	III	III	8197371.0	III	11922699.5
522at6231	I	I	6804480.5	I	14204325.0
523at6231	I	I	7742774.5	I	11902881.0
527at6231	III	III	6728404.5	III	5568597.0
529at6231	III	III	7024558.0	III	314902.5
531at6231	I	I	15894891.0	I	17063433.0
532at6231	I	I	529874.5	I	14526173.0
534at6231	II	II	5829839.0	II	10751965.5
536at6231	II	II	975817.5	II	7482101.0
537at6231	II	II	7512726.0	II	8013016.0
539at6231	V	V	12080054.5	V	12249694.5
543at6231	I	I	14302213.5	I	13295251.5
544at6231	V	V	16952247.5	V	13220291.0
545at6231	X	X	13952008.0	X	17634317.0
546at6231	IV	IV	8112395.0	IV	8223766.0
548at6231	II	I	6023431.5	I	1521214.0
551at6231	II	II	6711973.0	II	10175636.5
559at6231	III	I	6212414.5	III	13819805.0
568at6231	X	X	5209333.5	X	13862277.5
569at6231	V	V	16672957.5	V	11937862.0
570at6231	IV	IV	9260686.0	IV	13824236.5
572at6231	II	II	10836255.0	II	2486203.5
575at6231	X	X	10330908.5	X	7911147.0
581at6231	I	I	3275595.5	I	14342464.5
585at6231	II	II	4844696.0	II	2406856.0
593at6231	II	II	11498514.0	II	4586633.0
594at6231	I	I	7681772.0	I	6535966.5
597at6231	III	II	1247431.5	III	13855178.5
600at6231	X	X	14143478.0	X	18016455.0
603at6231	III	III	9682114.0	III	6854042.5
604at6231	II	II	513899.0	II	8796423.5
605at6231	III	III	15824789.0	III	17385242.5
606at6231	V	V	8783291.0	V	12179997.0
612at6231	IV	IV	2644293.0	IV	5555634.5
613at6231	I	I	5443060.5	I	12806229.5
620at6231	III	III	8552345.5	III	18336603.5
625at6231	X	X	5990801.0	X	14397013.0
627at6231	II	II	5795731.0	II	3734765.0
629at6231	III	III	8222366.0	III	9955738.5
631at6231	I	I	7031792.5	I	13579651.5
632at6231	III	III	11153641.5	III	18852185.5
634at6231	IV	IV	11882792.5	IV	11014739.5
635at6231	IV	IV	15828213.0	IV	10993804.0
638at6231	IV	IV	11345374.0	IV	7523591.0
639at6231	III	III	9982991.5	III	18190959.5
641at6231	IV	IV	5832788.5	IV	12436806.0
642at6231	V	V	14745266.5	V	8646659.5
644at6231	I	I	7094125.5	I	9792656.0
645at6231	II	II	13787823.5	II	824254.5
646at6231	I	I	1607596.0	I	16307240.0
650at6231	II	II	14237571.5	II	8787825.5
655at6231	II	II	5431738.5	II	11209071.5
657at6231	II	II	6411371.5	II	9035852.5
659at6231	IV	IV	1676947.5	IV	12772158.5
665at6231	I	I	12242488.0	I	11394215.5
670at6231	I	I	7846699.5	I	15372693.5
675at6231	I	I	11332619.5	I	7009359.0
687at6231	III	III	16122503.0	III	18732815.0
693at6231	III	III	14979508.5	III	10486503.0
700at6231	III	III	13460797.0	III	12311952.5
701at6231	V	V	17908962.5	V	16796899.0
702at6231	II	II	2545183.5	II	10641952.0
704at6231	II	II	5688030.5	II	13476589.0
708at6231	V	V	5729655.5	V	2413860.0
712at6231	II	I	5086396.5	I	16250494.0
716at6231	III	III	6445719.5	III	16853446.5
718at6231	X	X	570612.5	X	16953219.5
722at6231	III	III	9165990.0	III	13324511.0
724at6231	III	III	8123766.5	III	4844025.0
725at6231	II	II	7371317.0	II	8055125.0
728at6231	IV	IV	6977492.0	IV	10365791.5
734at6231	III	III	11571926.5	III	10376552.0
735at6231	X	X	9004081.0	X	8460724.5
736at6231	II	II	11245769.5	II	9174925.5
737at6231	III	III	7246845.5	III	10073049.5
740at6231	I	IV	5792528.0	IV	8170244.0
741at6231	I	III	12294110.0	III	10764250.0
743at6231	V	V	632796.0	V	258899.0
746at6231	II	II	12053922.0	II	8625911.5
747at6231	III	III	13746325.0	III	7472271.0
753at6231	II	II	7006383.5	II	14748972.5
754at6231	II	II	11015994.0	II	7162305.0
759at6231	IV	IV	6136835.0	IV	9665395.5
764at6231	X	X	5634766.5	X	15481780.5
765at6231	II	II	12314306.5	II	6740430.5
772at6231	II	II	13253133.0	II	9436078.0
777at6231	I	I	9083614.5	I	10108947.5
780at6231	II	II	4191199.5	II	18288262.0
781at6231	X	X	1391099.5	X	14316682.5
782at6231	III	III	9174071.5	III	13309597.5
786at6231	IV	IV	9406399.5	IV	12939123.0
787at6231	V	III	13805980.0	V	8477145.0
788at6231	X	X	9456118.5	X	5755756.5
790at6231	X	X	3364975.0	X	12676507.0
792at6231	III	III	11837650.5	III	6585520.5
794at6231	II	II	12336030.5	II	272121.5
798at6231	I	I	6595793.0	I	12794736.0
800at6231	II	II	2465929.5	II	10659117.0
801at6231	X	X	4447793.0	X	16492661.0
802at6231	X	X	5792183.0	X	15766252.5
803at6231	III	SCAFFOLD_656	2700.5	III	6994700.0
810at6231	II	II	3455175.5	II	2247554.0
813at6231	II	II	13222693.5	II	7085925.5
814at6231	X	X	12111672.5	X	7527903.5
815at6231	III	III	1434801.0	III	604656.5
817at6231	II	II	3734715.0	II	12164852.0
821at6231	III	III	16228369.0	III	12666428.0
825at6231	II	II	15877093.5	II	5217377.0
829at6231	III	III	9894343.0	III	12390224.0
833at6231	unassigned	II	8856862.0	II	9384194.0
837at6231	III	III	16313861.0	III	5857662.5
838at6231	III	III	1091538.5	III	10168533.0
842at6231	III	III	12533845.5	III	14035127.5
844at6231	IV	IV	12884973.0	IV	17372033.0
846at6231	I	I	1104412.0	I	10948648.5
849at6231	I	I	4275613.0	I	14473953.0
850at6231	V	V	15027499.0	V	11974480.0
851at6231	IV	IV	4568551.5	IV	17424140.0
853at6231	I	I	10726455.5	I	17685493.0
857at6231	V	V	5804697.0	V	244923.5
860at6231	III	III	5159382.5	III	16935163.0
862at6231	II	II	2742145.5	II	1225875.5
868at6231	V	V	8328571.0	V	14981331.5
869at6231	III	III	10907023.0	III	16611103.5
872at6231	V	V	16164525.0	V	8168368.5
875at6231	IV	IV	5852735.5	IV	15690571.0
876at6231	X	X	8717799.5	X	13476807.5
879at6231	X	X	11956245.0	X	7143227.5
881at6231	I	I	4181155.0	I	7932518.5
885at6231	V	V	9102557.0	V	9365976.5
890at6231	V	V	4534578.5	V	12834656.0
894at6231	X	X	14326750.0	X	18127420.5
899at6231	I	I	9091873.0	I	10118342.0
900at6231	III	III	355430.0	III	10274093.5
903at6231	III	III	5910757.5	III	12523763.5
904at6231	X	X	1493247.0	X	11635236.5
908at6231	V	IV	8649282.5	V	13101553.5
912at6231	V	V	6400753.5	V	5528037.0
914at6231	unassigned	II	11632224.0	II	7130946.0
916at6231	I	I	15972657.5	I	16841896.5
917at6231	V	V	7658098.0	V	10564738.5
918at6231	I	I	1554992.0	I	13230117.5
920at6231	II	II	12308347.5	II	6733923.5
921at6231	IV	II	9558024.5	IV	8526276.5
922at6231	IV	IV	3952218.0	IV	16905457.5
925at6231	III	III	9321668.0	III	10868614.5
933at6231	V	V	6547822.5	V	13821876.5
934at6231	IV	IV	9490995.0	IV	13721538.0
937at6231	I	I	1195377.5	I	10322648.0
939at6231	II	II	5390291.5	II	11065652.0
943at6231	V	V	2798036.5	V	425841.5
944at6231	IV	IV	5576300.0	IV	7763846.0
951at6231	III	III	15886980.0	III	15590514.5
952at6231	X	X	10695936.5	X	7452064.0
957at6231	II	II	10965569.5	II	1060908.0
958at6231	II	II	480333.5	II	8813080.5
960at6231	III	III	12505820.5	III	481701.5
961at6231	X	X	4731517.0	X	16096300.0
962at6231	I	I	8026190.5	I	12734391.5
963at6231	III	III	10455717.0	III	9045199.0
969at6231	I	I	6758461.5	I	17268887.5
982at6231	V	V	6233586.5	V	6140592.5
984at6231	X	X	3336075.0	X	11143589.0
987at6231	III	III	616306.5	III	16984699.5
989at6231	II	II	15327353.5	II	5274015.0
993at6231	V	V	9711768.0	V	17898504.5
994at6231	X	X	9795618.0	X	5510409.5
995at6231	V	V	2040906.5	V	9140276.5
998at6231	X	X	7084741.5	X	739448.5
1008at6231	II	II	7527439.5	II	8006870.5
1013at6231	X	III	11205382.5	X	17182072.5
1014at6231	V	V	5680867.0	V	12127772.0
1016at6231	II	II	9963704.5	II	15542720.0
1017at6231	III	III	2694603.5	III	11275700.0
1018at6231	III	III	2537198.0	III	8708325.5
1019at6231	IV	IV	14668014.5	IV	14628893.5
1022at6231	IV	IV	12374341.5	IV	16494564.0
1024at6231	II	II	3854529.0	II	7558876.0
1032at6231	III	III	14795287.0	III	6788602.0
1034at6231	III	III	10523318.0	III	11231276.0
1035at6231	II	II	5673370.5	II	18310367.0
1037at6231	IV	I	13289938.5	IV	498729.0
1040at6231	II	II	8882587.0	II	631800.5
1042at6231	X	X	4820540.0	X	11608747.5
1045at6231	I	I	9675376.5	I	3849385.0
1047at6231	III	III	14884654.0	III	6236687.0
1055at6231	III	III	11121549.0	III	18834773.5
1056at6231	I	I	9241474.0	I	16672817.5
1057at6231	IV	IV	14552173.5	IV	9839774.5
1060at6231	III	III	13149420.5	III	9426373.5
1066at6231	X	X	4246458.0	X	17102089.0
1072at6231	IV	IV	3706622.5	IV	4949655.5
1073at6231	II	II	4098947.0	II	17556006.0
1075at6231	X	X	14048314.0	X	17541884.5
1078at6231	V	V	5900229.5	V	8991056.0
1082at6231	II	II	13531297.0	II	1728310.5
1087at6231	I	I	6098696.0	I	7859537.5
1088at6231	II	II	10926040.5	II	1134962.5
1093at6231	II	II	5304598.0	II	46539.0
1099at6231	X	III	10629840.0	III	13206924.0
1101at6231	I	I	2180919.0	I	4343307.0
1104at6231	III	II	1758697.0	II	7248707.5
1109at6231	V	V	13766647.5	II	12799851.0
1112at6231	V	V	12130111.0	V	7331029.0
1113at6231	I	I	4463311.5	I	15540354.5
1115at6231	III	III	8902555.5	III	12331994.0
1121at6231	X	X	3511438.5	X	11533719.0
1122at6231	IV	IV	5451723.5	IV	10798255.5
1123at6231	X	X	9584050.0	X	7816218.0
1125at6231	V	V	14258158.0	V	1384991.5
1128at6231	V	V	6413979.0	V	5542811.5
1129at6231	IV	IV	15074419.0	IV	7795543.5
1131at6231	III	III	10148585.0	III	12903487.0
1134at6231	I	I	6179074.5	I	6510027.0
1140at6231	IV	IV	3041362.5	IV	7742831.0
1142at6231	I	I	14939913.0	I	11025403.5
1144at6231	III	III	9665423.5	III	6841176.0
1147at6231	I	I	11137281.0	I	11513252.0
1148at6231	III	III	13535025.0	III	18092315.5
1152at6231	III	III	585968.5	III	10808670.0
1155at6231	I	I	12468895.0	I	3502880.0
1156at6231	III	III	4911258.0	III	12170556.0
1158at6231	II	II	3502367.5	II	8076709.5
1159at6231	III	III	12079495.5	III	13298760.0
1160at6231	I	I	8381885.0	I	8306735.5
1161at6231	I	II	5286973.5	II	7229997.5
1169at6231	III	III	5753357.5	III	17010335.5
1174at6231	I	I	6460379.0	I	7709141.5
1175at6231	X	X	9312802.0	X	8169402.5
1177at6231	III	III	13221372.5	III	14264802.0
1181at6231	X	X	3563640.5	X	11943245.0
1182at6231	X	X	4160336.0	X	16305149.0
1187at6231	V	V	12334106.0	V	5342994.0
1193at6231	III	III	3487372.5	III	11018538.5
1196at6231	V	I	3052115.5	I	17381209.0
1199at6231	II	II	12027404.5	II	8520048.5
1200at6231	II	II	14167925.5	II	2993363.5
1202at6231	III	III	1807166.0	III	239216.0
1205at6231	III	IV	10851880.0	IV	8590442.0
1207at6231	V	V	9392817.0	V	8769640.5
1211at6231	I	I	11237664.5	I	13127438.5
1212at6231	III	III	787608.0	III	9313812.5
1219at6231	IV	IV	5018298.5	IV	13317506.5
1222at6231	X	X	7602871.5	X	12640775.0
1223at6231	IV	IV	7076311.0	IV	6680639.0
1228at6231	V	V	645903.5	V	267992.0
1230at6231	IV	III	6223848.5	IV	9432790.5
1233at6231	X	X	4978480.5	X	10603565.5
1235at6231	IV	IV	12344795.5	IV	7978694.5
1247at6231	II	II	7782388.0	II	10351487.0
1250at6231	V	V	3069824.5	V	5380051.5
1252at6231	I	I	11193638.5	I	1773485.5
1255at6231	III	III	12954057.0	III	19005376.5
1262at6231	IV	IV	4072883.0	IV	1398654.5
1263at6231	I	I	10198905.0	I	12752458.5
1266at6231	IV	IV	812389.0	IV	11540440.0
1270at6231	I	I	11998442.0	I	17358145.5
1272at6231	III	III	12464583.0	III	9249808.5
1273at6231	V	V	9182253.5	V	9408281.5
1275at6231	I	I	6072480.0	I	9591044.0
1278at6231	II	II	5347739.5	II	11108943.0
1279at6231	X	X	5045769.0	X	9480380.5
1281at6231	III	III	16129618.0	III	7373426.5
1285at6231	X	X	7478374.5	X	208405.5
1288at6231	I	I	939027.0	I	7701625.0
1301at6231	I	I	12205387.5	I	8899749.0
1314at6231	II	II	10559796.0	II	7379645.0
1316at6231	III	III	888676.0	III	8865605.5
1317at6231	V	V	17326489.5	V	6345646.0
1318at6231	II	II	16188866.0	II	11465539.0
1320at6231	V	V	3357249.5	V	3502872.0
1322at6231	I	I	5789083.0	I	14123383.0
1326at6231	IV	IV	6804204.5	IV	17497059.0
1327at6231	III	III	8502909.0	III	17757156.5
1332at6231	V	V	615332.0	V	11465412.5
1347at6231	IV	IV	526785.0	IV	11006900.0
1350at6231	II	II	8944272.0	II	6314786.5
1352at6231	III	III	8377587.5	III	11069669.5
1355at6231	II	SCAFFOLD_647	1876.5	IV	186086.5
1358at6231	II	II	16897152.0	II	5479807.5
1360at6231	II	II	9695776.0	II	6904959.0
1361at6231	I	I	14675040.0	I	17213592.5
1362at6231	V	V	10692737.5	V	6829549.5
1366at6231	IV	IV	178581.0	IV	10401813.0
1369at6231	III	II	10212033.5	I	13397079.5
1373at6231	I	I	11362519.0	I	16740832.0
1374at6231	I	II	9608748.0	II	17178266.5
1375at6231	I	I	9035097.5	I	2913526.0
1376at6231	V	V	16496952.5	V	17176098.0
1378at6231	III	III	4413573.0	III	8586910.0
1381at6231	I	I	10338317.5	I	7992462.0
1383at6231	I	I	927880.0	I	15382027.5
1389at6231	I	I	8945637.0	I	15403395.5
1395at6231	II	II	14250533.5	II	8781789.0
1400at6231	V	V	4556998.0	V	8149074.0
1401at6231	IV	I	8686859.0	I	16352105.5
1404at6231	IV	IV	15300236.0	IV	14541788.5
1405at6231	I	I	13693118.0	I	10546460.0
1407at6231	V	V	11114960.0	V	2512308.0
1409at6231	IV	IV	12834092.0	IV	8162260.0
1411at6231	IV	IV	6452154.5	IV	9744032.5
1412at6231	II	II	10670384.5	II	11566673.0
1416at6231	V	V	13670734.5	V	11245332.0
1417at6231	I	I	5226937.5	I	2760039.5
1427at6231	I	I	4896396.5	I	15100991.0
1430at6231	X	X	14426670.5	X	2622624.0
1432at6231	X	X	4746207.0	X	17008187.0
1434at6231	III	III	9295633.0	III	10849545.5
1437at6231	I	I	14948759.5	I	11010689.5
1438at6231	I	I	4031375.0	I	6782662.0
1444at6231	II	II	10480491.5	II	2524264.0
1449at6231	III	III	5654620.0	III	11087171.0
1450at6231	X	X	12699037.5	X	1447401.5
1452at6231	I	I	6119905.0	I	14942862.0
1453at6231	I	I	12449514.5	I	6967785.5
1454at6231	III	III	15740682.0	III	13942856.0
1457at6231	I	I	1352216.5	I	13061592.5
1459at6231	V	V	17352333.5	V	6371194.0
1463at6231	V	V	14541129.5	V	2959166.0
1466at6231	I	I	1054803.5	I	8127893.5
1471at6231	V	V	12194978.5	V	7077348.0
1473at6231	I	I	901553.5	I	13600106.0
1478at6231	V	V	907728.5	V	6990501.5
1482at6231	III	III	4788384.0	III	18768565.0
1484at6231	I	I	812301.5	I	15389585.0
1489at6231	I	I	7405139.0	I	6489729.5
1490at6231	X	X	6589379.5	X	14475111.5
1491at6231	IV	IV	8202858.0	IV	13962969.5
1495at6231	X	X	9217210.5	X	8013031.0
1499at6231	I	I	3804869.0	I	10685663.0
1504at6231	III	III	13005636.0	III	15871101.5
1506at6231	II	II	7980528.0	II	8029829.0
1509at6231	III	III	12103323.5	III	7209752.0
1514at6231	IV	IV	2633048.5	IV	5574749.0
1518at6231	I	I	11941346.5	I	16149820.0
1519at6231	X	X	9228081.5	X	8021140.5
1530at6231	X	X	3720934.0	X	15959686.5
1533at6231	IV	IV	4103192.5	IV	344966.5
1535at6231	V	V	416464.5	IV	8534549.5
1537at6231	III	III	5201936.0	III	16194436.5
1541at6231	V	X	8659385.0	X	8825922.0
1546at6231	V	V	490597.5	V	8066908.0
1548at6231	III	III	13251837.0	III	11529932.5
1552at6231	I	I	2604818.0	I	17504686.0
1556at6231	I	I	11020498.0	I	12345919.0
1566at6231	X	X	1654688.5	X	10956592.0
1571at6231	II	II	9380346.0	II	7453100.5
1572at6231	III	III	14109938.5	III	17694664.0
1574at6231	IV	IV	15973950.5	IV	5520046.5
1575at6231	I	I	9265359.5	I	17301228.0
1576at6231	X	X	2901295.5	X	367593.5
1587at6231	X	X	1327736.5	X	411711.5
1588at6231	V	V	9755659.0	V	17957156.5
1590at6231	II	II	16634009.5	II	6640974.5
1592at6231	I	I	4105888.5	I	10956475.5
1594at6231	I	I	6376776.0	I	16905123.5
1596at6231	I	I	6816603.0	I	14217326.5
1598at6231	X	X	1674679.5	X	10927196.5
1601at6231	IV	IV	15545691.0	IV	1024432.0
1602at6231	I	IV	7319581.0	IV	12215289.0
1603at6231	V	V	11585527.5	V	11675189.5
1604at6231	V	V	3174642.0	V	9078464.5
1605at6231	V	V	12058295.0	V	15744133.0
1608at6231	II	II	10384258.0	II	10930110.0
1611at6231	X	X	17702597.0	X	9003906.0
1613at6231	II	II	14349219.0	II	9605792.0
1617at6231	II	II	5645437.5	II	13219756.0
1620at6231	I	I	3525085.5	I	14318458.0
1635at6231	III	III	6254927.0	III	15006328.5
1636at6231	X	X	4893684.0	X	12039372.0
1638at6231	IV	IV	7479355.0	IV	9303965.0
1639at6231	IV	IV	1753087.5	IV	12537733.0
1642at6231	IV	IV	11458933.5	IV	10599459.0
1643at6231	III	III	11643995.5	III	5999127.0
1645at6231	I	I	14696577.5	I	5287810.5
1647at6231	II	II	3224690.5	II	6155953.0
1649at6231	I	I	13364110.0	I	8433324.0
1653at6231	I	I	5217952.0	I	1957946.0
1656at6231	III	III	12823133.5	III	10647821.0
1663at6231	V	V	4240174.5	V	13163393.0
1666at6231	III	III	1013354.0	III	18103751.5
1669at6231	V	V	13663593.0	V	11249853.5
1670at6231	V	V	11163651.0	V	6205999.5
1671at6231	V	V	15415347.0	V	11420373.0
1682at6231	I	I	13732444.0	I	17593126.0
1683at6231	III	III	11925488.5	III	6659261.5
1686at6231	V	V	12267937.0	V	7061613.5
1687at6231	IV	IV	1700152.0	IV	8328857.0
1691at6231	V	V	5069725.5	V	6967544.0
1698at6231	II	II	8743715.5	II	7532808.0
1701at6231	X	X	9316627.0	X	8174290.5
1702at6231	I	I	11797236.0	I	17316480.5
1704at6231	II	II	10372246.5	II	10939055.0
1706at6231	II	II	4863761.5	II	2378310.0
1708at6231	I	I	7325035.5	I	11753239.5
1712at6231	II	II	17098654.0	II	6772563.5
1713at6231	III	III	5231684.0	III	7767973.5
1724at6231	III	III	1843134.0	III	1401626.0
1739at6231	IV	IV	2289439.5	IV	11363680.5
1743at6231	X	X	4505660.5	X	16620648.0
1750at6231	IV	IV	7821709.0	IV	9104710.0
1754at6231	I	I	14175149.0	I	14037977.0
1757at6231	I	I	4608636.5	I	18013173.5
1759at6231	II	II	13628058.5	II	199116.5
1760at6231	V	V	5407070.0	V	9856876.5
1762at6231	V	V	9503952.5	V	11162377.0
1770at6231	V	V	9284345.0	V	9487553.5
1771at6231	IV	IV	11220323.0	IV	13614227.5
1778at6231	I	I	6846638.5	I	14799370.0
1780at6231	II	II	9583854.0	II	8770598.0
1785at6231	III	III	1794605.0	III	268919.0
1794at6231	II	II	10376758.0	II	10935042.5
1797at6231	II	II	8746486.0	II	9198616.0
1801at6231	V	V	9094361.0	V	9359942.5
1816at6231	X	X	5491330.0	X	14510671.5
1821at6231	X	X	8753805.0	X	13526609.5
1823at6231	III	III	7143770.5	III	13263133.5
1831at6231	I	I	9925639.5	I	11934902.5
1835at6231	X	X	11601559.5	X	6188470.5
1838at6231	V	V	11863006.5	V	10371123.5
1847at6231	IV	IV	13102004.5	IV	2848809.0
1849at6231	III	III	13016845.0	III	6527132.0
1852at6231	III	III	14947054.5	III	10430175.5
1857at6231	III	III	13504092.0	III	7491884.0
1865at6231	II	V	2820996.5	V	14917803.5
1868at6231	III	III	11388007.5	III	5916293.5
1870at6231	IV	IV	2146035.5	IV	4533518.0
1872at6231	III	III	1968103.0	III	3702194.0
1873at6231	X	X	10437610.0	X	5667252.0
1877at6231	III	III	9672662.5	III	6847290.5
1885at6231	X	X	6671260.0	X	15029273.0
1890at6231	V	V	8737515.0	V	16428846.0
1894at6231	IV	IV	5055601.0	IV	13284231.5
1895at6231	IV	IV	2350167.0	IV	6166161.5
1900at6231	V	V	10605622.0	V	10438396.0
1914at6231	II	II	7692779.0	II	11411683.0
1915at6231	III	III	12057006.0	III	11942560.0
1918at6231	IV	IV	15243460.5	IV	9685044.0
1920at6231	II	II	14545055.0	II	11621038.5
1921at6231	III	III	8423933.5	III	10329038.5
1931at6231	I	I	8081851.0	I	10616848.5
1942at6231	II	II	15952121.5	II	6073244.5
1952at6231	III	III	12416124.5	III	11416319.0
1963at6231	III	III	1890230.0	III	414005.0
1964at6231	X	X	8157149.0	X	12352944.0
1966at6231	X	X	11273253.5	X	2390349.5
1967at6231	I	I	2955399.0	I	15209620.5
1968at6231	III	III	11922479.0	III	6654937.5
1971at6231	I	I	3000109.0	I	15251218.5
1978at6231	I	I	12964793.0	I	15148161.0
1979at6231	I	I	11732288.0	I	5119685.0
1980at6231	I	SCAFFOLD_608	4141.5	I	13848975.5
2000at6231	III	III	8358592.5	III	7856806.5
2008at6231	X	X	2345185.0	X	10838176.0
2012at6231	I	I	9177953.0	I	16343928.0
2014at6231	II	II	9772834.0	II	15273635.0
2021at6231	I	I	14562562.5	V	18604757.0
2022at6231	X	X	3471561.5	X	11493756.5
2023at6231	I	SCAFFOLD_708	2617.5	I	13099731.0
2026at6231	IV	IV	7229589.5	IV	15822519.5
2032at6231	I	I	599190.0	I	10772721.0
2035at6231	V	I	4206481.5	I	12019378.5
2037at6231	X	X	18038668.0	X	12769873.0
2038at6231	V	V	8383497.0	V	7496241.0
2041at6231	I	I	3726635.0	I	7468200.5
2042at6231	II	II	2378414.5	II	8853920.5
2052at6231	III	III	1276748.0	III	7685822.0
2058at6231	III	III	13781013.0	III	7218176.5
2064at6231	I	I	4590923.5	I	17994659.0
2072at6231	I	I	15310791.0	I	13461943.5
2073at6231	I	I	4199027.0	I	12031261.5
2075at6231	V	V	10815070.5	V	10941342.5
2077at6231	V	V	1098986.5	V	7756745.5
2080at6231	II	II	10552294.5	II	7388590.0
2085at6231	X	X	17595189.0	X	17298696.5
2089at6231	II	II	3762509.5	II	6550250.5
2092at6231	I	I	7829432.0	I	6894517.5
2096at6231	III	III	10291352.0	III	6835774.0
2099at6231	III	III	11471880.0	III	11498756.0
2103at6231	II	II	10466124.0	II	6953694.0
2104at6231	II	II	8510561.0	II	9500143.0
2105at6231	III	III	11267207.5	III	10545174.0
2107at6231	III	III	16051331.0	III	11596253.5
2112at6231	V	V	4779293.5	V	7523288.0
2115at6231	X	X	8646099.0	X	8845209.0
2116at6231	X	X	5499280.0	X	14519998.5
2119at6231	X	X	7228033.5	X	521724.0
2120at6231	III	III	12351831.0	III	9457077.5
2125at6231	X	X	15680868.5	X	1062066.5
2126at6231	IV	IV	10452317.5	IV	12713493.5
2128at6231	V	V	3745538.0	V	12774082.5
2131at6231	V	V	8657728.0	V	3385052.5
2132at6231	unassigned	V	3454770.5	V	5978899.5
2133at6231	II	II	10144769.0	II	9104834.5
2137at6231	V	V	1522368.0	V	10167933.0
2152at6231	V	V	9248687.5	V	9449493.5
2159at6231	X	X	17967620.0	X	12439560.0
2160at6231	II	IV	10904229.5	IV	11755953.0
2164at6231	II	II	4177964.0	II	14991291.0
2170at6231	II	III	14505438.5	III	10679806.5
2173at6231	II	II	16554883.5	II	11028254.0
2178at6231	III	III	10067673.5	III	11994283.5
2182at6231	I	I	14771489.5	I	15427666.5
2185at6231	X	X	15819338.0	X	1307734.5
2187at6231	I	I	14548101.0	I	13615017.0
2198at6231	III	III	7748810.0	III	10206939.5
2201at6231	III	III	161027.5	III	3770880.0
2202at6231	IV	IV	10781986.0	IV	354300.5
2204at6231	IV	IV	14114916.5	IV	3577157.0
2206at6231	X	X	3731161.5	X	15949743.0
2208at6231	X	X	7212439.0	X	505051.5
2209at6231	IV	III	13980432.5	III	11590879.5
2213at6231	I	I	2269599.5	I	8937464.5
2220at6231	unassigned	III	8968882.0	III	6163618.5
2228at6231	I	I	5995415.0	I	12878445.5
2229at6231	I	I	13506173.5	I	4754788.0
2232at6231	I	I	11290450.0	I	17009371.5
2233at6231	IV	IV	3996217.5	IV	8895991.0
2236at6231	V	V	4948806.5	V	13333341.5
2240at6231	I	I	8181508.0	I	3271419.0
2247at6231	unassigned	X	7639631.0	X	3093151.0
2249at6231	II	II	8542549.5	II	9477907.5
2251at6231	X	X	4913324.0	X	12077968.0
2255at6231	I	I	14553697.5	I	13445784.5
2257at6231	III	III	13226542.0	III	14360275.0
2263at6231	IV	IV	10413740.5	IV	12679212.5
2267at6231	I	I	8282721.5	I	16023823.0
2270at6231	IV	IV	6244844.0	IV	9659557.5
2277at6231	II	II	3041443.5	II	17830630.0
2279at6231	III	III	5718699.5	III	12056166.0
2281at6231	II	II	10235952.0	II	15505836.5
2285at6231	I	V	4859987.0	V	11047797.0
2286at6231	III	III	2107271.5	III	5008455.0
2288at6231	II	II	5266090.0	II	96152.0
2294at6231	V	V	2646109.0	V	6124804.5
2295at6231	III	IV	1472827.5	IV	8924148.0
2297at6231	II	II	6582305.0	II	18347025.0
2302at6231	X	X	2200983.0	X	10796003.0
2304at6231	III	III	7002628.0	III	8543292.0
2306at6231	III	III	2925398.5	II	12530200.0
2311at6231	I	I	15259273.0	I	954380.0
2312at6231	III	III	11017906.0	III	11727559.0
2313at6231	IV	IV	13196632.0	IV	10108591.0
2316at6231	II	II	13537712.5	II	1717286.5
2319at6231	I	I	8975893.0	I	10009202.5
2321at6231	V	V	16588793.5	V	9631731.0
2324at6231	III	III	8332362.5	III	10744864.5
2327at6231	X	X	4842643.0	X	11205278.5
2329at6231	III	III	14485674.0	III	10138715.0
2332at6231	I	I	6474132.5	I	2353696.0
2338at6231	IV	IV	4096960.5	IV	350115.0
2339at6231	I	I	9109448.5	I	10135978.5
2341at6231	X	X	4650251.0	X	15993664.0
2342at6231	I	I	9901954.5	I	11554376.5
2351at6231	I	I	3252576.5	I	14553286.5
2353at6231	I	I	8956360.0	I	15399089.0
2357at6231	V	V	8042158.5	V	4175216.0
2367at6231	III	III	4960377.5	III	12451919.5
2368at6231	V	V	5532019.0	IV	2462306.0
2369at6231	V	V	13378619.0	V	4816799.5
2370at6231	X	X	17645241.0	X	17785540.5
2378at6231	IV	IV	5981903.0	IV	15086981.5
2380at6231	III	III	3375312.0	III	3525848.0
2383at6231	II	II	8877873.0	II	456285.5
2384at6231	III	III	1096143.0	III	10176495.5
2387at6231	II	II	2776929.0	II	1199755.0
2390at6231	I	I	3222105.5	I	10642242.0
2393at6231	IV	IV	5599978.0	IV	4432287.5
2401at6231	II	I	7842344.0	II	17309006.0
2403at6231	X	X	18183605.0	X	9197801.0
2408at6231	II	II	13160079.0	II	6363673.0
2409at6231	I	I	10958905.0	I	7403388.5
2410at6231	I	I	321587.0	I	6543023.5
2418at6231	I	I	3603336.5	I	17788772.5
2419at6231	V	V	10620765.0	V	10444576.5
2422at6231	I	I	7243878.0	I	7754563.5
2423at6231	III	III	3454608.0	III	10996448.5
2426at6231	III	III	1662844.5	III	3376996.0
2427at6231	III	III	5323935.5	III	15322080.5
2430at6231	V	V	9398174.5	V	8773979.5
2431at6231	unassigned	V	3583541.5	V	8857855.0
2441at6231	II	II	14044409.5	II	4562154.0
2453at6231	X	X	13727966.5	X	2004981.5
2454at6231	IV	IV	7813902.5	IV	9109248.0
2458at6231	III	III	7816046.0	III	10185293.5
2460at6231	V	V	10890345.0	V	11066603.5
2464at6231	V	V	3980385.0	V	5595038.0
2467at6231	X	X	10395452.0	X	7975014.5
2469at6231	II	II	9972454.5	II	15265491.5
2471at6231	I	I	9606080.5	I	15912773.5
2473at6231	I	I	6562010.0	I	16526449.5
2474at6231	X	X	520240.0	X	13884057.0
2475at6231	V	V	7136676.0	V	8920897.5
2476at6231	V	V	8338015.0	V	14999465.0
2478at6231	III	III	7091220.5	III	1267656.5
2494at6231	I	I	12193971.5	I	8886744.5
2495at6231	III	III	6312036.0	III	12511421.5
2498at6231	I	I	12594327.0	I	17295349.0
2515at6231	III	III	6168791.0	III	12196906.0
2516at6231	III	III	11006435.0	III	18109939.0
2523at6231	I	I	8966559.5	I	10021418.0
2524at6231	I	I	13474384.5	I	16083297.0
2527at6231	IV	IV	12392446.0	IV	16518597.5
2531at6231	III	III	2453432.0	III	11180242.5
2538at6231	I	I	7726325.5	I	16200311.5
2547at6231	X	X	5667331.0	X	1653317.0
2550at6231	V	V	6322526.5	V	5487407.5
2551at6231	III	II	11116567.5	I	13392979.0
2557at6231	II	II	11407929.0	II	7422020.5
2562at6231	V	V	10650735.5	V	10450149.5
2565at6231	V	V	5354113.5	V	9738966.5
2568at6231	X	X	16405315.0	X	9816478.0
2569at6231	III	III	15690154.5	III	18119858.0
2573at6231	III	III	10442071.5	III	9780642.5
2574at6231	X	X	11475115.5	X	6368188.5
2577at6231	IV	IV	4507079.0	IV	10585630.5
2582at6231	III	III	3858709.5	III	3012803.0
2595at6231	III	III	11999993.0	III	12607294.0
2601at6231	IV	SCAFFOLD_307	12959.0	IV	7562342.0
2605at6231	X	X	11590329.0	X	6203954.5
2611at6231	III	III	6879460.0	III	2339706.5
2614at6231	II	II	5635459.0	II	13240410.5
2627at6231	II	II	16614958.5	II	6652091.5
2628at6231	V	V	11758885.5	V	10669600.0
2629at6231	I	I	9072683.5	I	10094045.5
2634at6231	I	III	7079875.0	III	11292673.5
2635at6231	V	V	15083867.0	V	12032241.0
2643at6231	II	II	17104711.0	II	6776144.0
2649at6231	II	II	8637648.5	II	8429980.0
2650at6231	V	II	8196539.5	V	9312170.0
2652at6231	I	I	4485298.5	I	15551605.5
2653at6231	IV	V	8958685.0	V	8754763.0
2660at6231	II	II	14538902.5	II	11615405.5
2661at6231	X	III	8873213.5	X	881792.0
2667at6231	I	I	3589216.5	I	17810269.0
2687at6231	X	X	5442190.0	X	10419838.0
2689at6231	X	X	9327888.5	X	8186069.5
2707at6231	IV	IV	7980920.5	IV	8074204.0
2710at6231	X	X	10368630.0	X	7927015.0
2712at6231	II	II	7962292.0	II	5507510.0
2714at6231	V	V	8866435.0	V	10257907.5
2725at6231	III	III	8843862.5	III	12087792.0
2732at6231	III	III	13759101.5	III	7478839.0
2754at6231	I	I	14507258.5	I	13621080.0
2757at6231	I	I	7086435.0	I	9780110.0
2760at6231	I	I	9996889.0	I	5889711.0
2761at6231	II	II	9339446.0	II	16874742.0
2764at6231	II	II	6732240.5	II	9329922.0
2765at6231	X	X	15158902.0	X	14199730.0
2769at6231	V	V	11857942.5	V	10375220.0
2772at6231	IV	IV	4206125.0	IV	13546469.5
2773at6231	V	V	1058414.0	V	7384214.5
2778at6231	I	I	9883464.0	I	15494368.0
2786at6231	III	V	2618172.5	V	801201.0
2795at6231	I	I	2212016.0	I	4376728.5
2802at6231	I	I	10380635.0	I	8018882.0
2805at6231	III	IV	6423783.0	IV	7458520.0
2815at6231	I	I	8063160.0	I	12677100.5
2817at6231	III	III	7051350.5	III	2575844.5
2830at6231	III	III	1159684.0	III	8300006.0
2844at6231	X	X	17753290.5	X	14853704.0
2845at6231	III	III	12379573.0	III	9494625.5
2848at6231	V	V	11189522.0	V	5292209.5
2858at6231	II	II	4993106.0	II	4324731.5
2865at6231	III	III	7711262.5	III	12366279.5
2873at6231	III	III	8896284.5	III	12327784.5
2875at6231	V	V	9510283.0	V	11169944.0
2885at6231	IV	IV	1415748.0	IV	13066094.0
2889at6231	V	V	5906037.0	V	8994813.0
2890at6231	IV	IV	7871495.5	IV	13648985.5
2891at6231	I	I	11721059.0	I	5102532.0
2893at6231	I	I	8199391.5	I	12521591.5
2896at6231	I	I	9728765.0	I	3837602.0
2900at6231	IV	IV	6406130.0	IV	9771492.5
2906at6231	X	X	16662229.5	X	17240370.0
2918at6231	X	X	16280530.0	X	9730097.0
2927at6231	III	III	1978901.0	III	3684002.5
2931at6231	V	V	14781183.0	V	8665135.5
2943at6231	IV	IV	4552153.5	IV	7608209.0
2946at6231	I	I	13073440.5	I	15824342.0
2948at6231	I	I	10155444.0	I	8295712.5
2950at6231	V	V	5461575.5	V	10225721.0
2951at6231	I	I	10344826.0	I	8001606.0
2952at6231	X	X	1384367.5	X	14332987.5
2957at6231	V	V	11256141.0	V	11111144.0
2959at6231	II	II	2897797.5	II	18178422.5
2961at6231	V	V	7582052.5	V	11777958.0
2962at6231	X	X	9305162.0	X	8259291.0
2966at6231	I	I	11756072.5	I	7686807.5
2970at6231	IV	IV	8817508.0	IV	10293663.5
2972at6231	V	SCAFFOLD_622	2710.5	V	10154535.0
2982at6231	V	V	1107458.5	V	7877578.5
2989at6231	III	III	12443679.0	III	9200124.5
2990at6231	X	V	14397725.5	X	10567558.0
2992at6231	V	V	3506458.0	V	2360165.0
2997at6231	III	III	10080293.5	III	13051033.5
2999at6231	I	I	416477.5	I	13328145.5
3008at6231	X	X	6468703.5	X	1770967.0
3010at6231	X	X	12714862.0	X	1467835.5
3024at6231	X	X	1941713.5	X	10876006.5
3031at6231	III	IV	5997857.5	III	15724610.0
3035at6231	III	III	4313715.5	III	8698333.5
3037at6231	X	X	16997144.5	X	14024744.5
3039at6231	I	I	9917314.0	I	11973835.5
3045at6231	X	X	17792629.0	X	13321081.5
3047at6231	II	II	9713366.0	II	13187670.5
3051at6231	III	III	14341986.0	III	15843727.0
3059at6231	II	II	6049942.0	II	6857447.0
3060at6231	V	V	11359192.0	V	15480255.5
3063at6231	III	III	14992211.5	III	10497481.5
3070at6231	I	I	6751605.5	I	15274918.5
3074at6231	V	V	2533048.5	V	3105608.0
3077at6231	X	X	9153684.0	X	8380133.5
3084at6231	III	III	7696226.5	III	18997479.0
3088at6231	I	I	5008926.5	I	13649629.0
3089at6231	V	V	11487186.5	V	6083478.5
3091at6231	X	X	523558.0	X	13888014.0
3097at6231	X	X	15083910.0	X	14163132.0
3103at6231	X	X	11586690.5	X	6209679.5
3108at6231	I	II	8210647.0	II	5809542.5
3112at6231	III	III	8472936.0	III	17713932.0
3122at6231	X	X	14099866.5	X	17465431.0
3125at6231	I	I	10172510.5	I	7840458.0
3129at6231	II	II	15697952.0	II	3969131.5
3153at6231	IV	IV	11824567.0	IV	1834131.0
3156at6231	II	II	3770479.0	II	3268475.5
3157at6231	I	SCAFFOLD_532	6787.5	I	14118777.0
3158at6231	V	V	4458652.0	V	12954126.0
3171at6231	IV	IV	2472598.5	IV	6215954.0
3191at6231	X	X	2815151.5	X	562060.0
3193at6231	III	III	14069776.5	III	6396204.0
3205at6231	II	II	7406400.5	II	4861794.0
3209at6231	IV	IV	4586812.0	IV	17444017.5
3211at6231	II	II	3674912.5	II	4389752.5
3214at6231	II	II	9496595.5	II	15298479.5
3218at6231	IV	IV	159792.0	IV	5194846.5
3219at6231	I	I	11658846.5	I	16699593.0
3223at6231	III	III	7417713.5	III	2719971.0
3225at6231	V	V	11787613.5	V	13971823.5
3226at6231	II	II	9241043.0	I	14746625.0
3230at6231	IV	IV	10861424.0	IV	9338333.5
3231at6231	III	III	12070654.5	III	13303428.5
3232at6231	III	III	8957563.0	III	10000418.0
3233at6231	I	I	7982184.0	I	12820748.0
3235at6231	I	I	7420271.5	I	5508568.0
3237at6231	IV	IV	588659.0	IV	16733067.0
3239at6231	III	III	389842.5	III	18569856.0
3240at6231	IV	IV	1842311.0	IV	7621746.5
3251at6231	II	SCAFFOLD_701	2202.0	II	7415419.0
3254at6231	III	III	16002280.0	III	15079292.0
3259at6231	I	I	4691091.0	I	14233174.0
3260at6231	I	I	9970496.5	I	15810222.5
3270at6231	I	I	13851782.0	I	11147679.0
3276at6231	X	X	11592479.5	X	6199064.5
3281at6231	V	V	2752716.5	V	7968145.5
3288at6231	III	III	1355466.0	III	12245927.5
3291at6231	II	II	3523363.5	II	7933736.0
3292at6231	II	II	5341655.0	II	11100916.0
3293at6231	I	SCAFFOLD_606	2912.0	I	8921466.5
3295at6231	I	I	12065323.5	I	13830988.5
3300at6231	IV	IV	8805220.0	IV	364161.5
3302at6231	I	I	1448590.5	I	11325953.0
3308at6231	II	II	8760832.0	II	9456201.0
3312at6231	II	II	9013928.5	II	10817694.0
3317at6231	II	II	11645464.5	II	7117978.5
3321at6231	III	III	12024466.5	III	12580531.5
3324at6231	V	V	8870691.5	V	10261399.5
3325at6231	II	II	10999995.5	II	5322193.0
3330at6231	X	X	13664109.0	X	15390043.5
3335at6231	I	I	11862026.5	I	16161262.5
3340at6231	II	II	1729427.5	II	7396528.5
3344at6231	V	V	8674266.5	V	3596540.0
3345at6231	X	X	14421289.0	X	2615610.5
3347at6231	X	X	7775470.0	X	4655196.0
3349at6231	V	V	15219024.5	V	11651402.0
3350at6231	III	III	6904990.0	III	4967601.5
3360at6231	IV	IV	2280056.0	IV	11359427.0
3365at6231	II	II	9565684.5	II	12749447.0
3369at6231	I	I	6580556.5	I	8764972.5
3373at6231	V	V	13882478.5	V	11019206.0
3376at6231	I	I	10177008.5	I	7833368.0
3377at6231	III	III	10558825.0	III	11258055.0
3378at6231	I	I	387679.0	I	9118612.5
3379at6231	I	I	5741390.5	I	9013661.0
3381at6231	I	I	4235138.0	I	17349406.5
3388at6231	X	X	698480.0	X	8681444.0
3393at6231	II	II	14682113.5	II	1654505.0
3396at6231	III	III	5893142.0	III	12805761.0
3398at6231	V	V	5428698.0	V	9877531.5
3400at6231	III	III	8180468.0	III	11933762.0
3401at6231	II	II	8506358.0	II	3127534.5
3404at6231	X	X	4958667.5	X	12150504.0
3408at6231	X	X	1944582.0	X	10872304.5
3411at6231	I	X	10483664.5	I	14646563.5
3412at6231	II	II	10701867.0	II	11606732.0
3414at6231	III	III	9055382.5	III	14177804.0
3417at6231	V	V	652037.5	V	272418.0
3419at6231	III	III	5848385.5	III	11200160.0
3420at6231	I	I	6384390.5	I	10045600.5
3422at6231	V	I	7041236.5	III	12624839.0
3433at6231	I	I	14664483.0	I	13713041.0
3434at6231	X	X	4452272.5	X	16498186.0
3444at6231	III	III	14681632.0	III	15149193.5
3445at6231	IV	IV	9795205.5	IV	937265.0
3450at6231	I	I	15560240.0	I	15689946.5
3452at6231	III	III	15116580.5	III	10506037.0
3464at6231	X	X	11153438.0	X	2097011.0
3472at6231	X	X	14079415.5	X	17491183.0
3473at6231	II	II	9065976.5	II	11222692.5
3474at6231	IV	IV	13860871.0	IV	14256005.5
3486at6231	V	V	5841208.5	V	17993840.5
3487at6231	I	I	9665535.5	I	3866081.0
3490at6231	X	X	3180318.0	X	583543.5
3493at6231	V	V	11782525.0	V	10904024.0
3496at6231	III	III	9314869.0	II	17518855.0
3502at6231	IV	II	1018371.5	V	987098.0
3509at6231	III	III	3597475.5	III	8517777.5
3516at6231	I	I	11664953.0	I	16695488.5
3520at6231	III	III	2302813.0	III	4933602.5
3523at6231	X	X	9309587.0	X	8165837.0
3524at6231	V	V	5478552.0	V	10238727.0
3531at6231	X	X	3189592.0	X	595056.5
3534at6231	III	III	6201647.5	III	14938932.0
3545at6231	V	V	7043939.0	V	8471245.0
3547at6231	II	II	12003946.5	II	8211604.0
3550at6231	X	X	8186101.0	X	12492670.0
3553at6231	I	I	4693982.0	I	14236357.5
3558at6231	I	I	15993012.0	I	16686742.5
3561at6231	V	V	2746015.0	V	7977677.0
3570at6231	IV	IV	974871.5	IV	12303400.5
3572at6231	III	III	16008234.5	III	15069972.5
3577at6231	I	I	8337502.0	I	11802898.5
3581at6231	III	III	5645955.0	III	18611858.0
3583at6231	X	X	7965164.5	X	5311121.5
3584at6231	II	II	15956000.5	II	6082153.5
3585at6231	I	I	3472828.0	I	9337003.5
3587at6231	IV	IV	131642.0	IV	1173042.0
3593at6231	IV	IV	15195564.5	IV	4484078.0
3594at6231	II	I	9040711.0	II	11215056.5
3601at6231	III	III	10322198.5	III	6815076.0
3607at6231	V	V	16666393.0	V	10832067.5
3609at6231	I	I	1291080.0	I	13077531.0
3611at6231	I	I	13103327.0	I	15844003.0
3612at6231	I	I	3857431.5	I	14914416.5
3626at6231	II	IV	13577810.0	II	17904745.5
3629at6231	X	X	11458961.5	X	5991495.0
3630at6231	V	V	12760878.0	V	6809206.0
3635at6231	II	II	11636708.5	II	7125777.5
3637at6231	I	I	7685802.5	I	7240565.0
3638at6231	IV	IV	6631178.0	IV	6281919.5
3640at6231	V	V	2766287.5	V	7959336.5
3642at6231	II	II	15780451.0	II	10503129.5
3644at6231	I	I	8740904.0	I	4958191.5
3666at6231	V	V	13780704.5	V	10180825.0
3667at6231	III	III	13800065.0	III	7193592.5
3669at6231	I	I	402134.0	I	13331669.5
3671at6231	I	I	15405132.0	I	14417147.5
3676at6231	I	I	8824185.0	I	4606363.5
3678at6231	I	I	7697941.5	I	16177448.5
3679at6231	X	X	5022531.5	X	9523985.0
3688at6231	IV	IV	3674568.5	IV	4983927.0
3698at6231	X	X	3841081.5	X	15847079.5
3699at6231	I	I	6305168.0	I	13141557.5
3701at6231	III	III	7928382.0	III	4436655.5
3719at6231	IV	IV	119277.5	IV	1214471.5
3741at6231	IV	IV	1202243.5	IV	8381516.0
3746at6231	X	X	17855715.0	X	12357730.5
3748at6231	II	II	14626841.0	II	10240514.5
3754at6231	X	X	9653785.5	X	5575107.0
3760at6231	III	III	10042511.5	III	11984632.0
3763at6231	III	III	6289684.0	III	10905802.5
3771at6231	X	X	4209475.0	X	17144318.5
3774at6231	III	III	9370885.0	III	9059066.0
3776at6231	III	III	10004545.5	III	11662171.5
3780at6231	III	III	7686001.0	III	16995895.0
3781at6231	III	III	11183832.5	III	9870998.0
3793at6231	I	I	15277801.0	I	964109.5
3794at6231	I	I	3710479.5	I	9583053.0
3798at6231	V	SCAFFOLD_603	3284.5	V	2024731.5
3802at6231	II	II	13343515.5	II	12405954.0
3816at6231	I	I	1980239.5	I	7246995.0
3827at6231	I	I	6523751.5	III	7395204.5
3828at6231	IV	IV	13660207.5	IV	93042.5
3830at6231	V	V	7008693.0	V	7656496.0
3835at6231	IV	IV	15078497.0	IV	7790593.0
3836at6231	III	III	12371715.5	III	9468272.0
3843at6231	II	II	2764345.0	II	1212670.0
3845at6231	X	X	15991491.5	X	15446769.0
3850at6231	X	X	8198160.5	X	12509459.5
3852at6231	I	I	4090414.0	I	12373212.5
3853at6231	II	II	10906179.5	II	7365229.0
3857at6231	II	II	9533204.0	II	15305443.5
3863at6231	I	I	4342399.0	I	13573167.5
3869at6231	I	I	6065179.5	I	8749733.0
3871at6231	V	V	1380408.0	V	7142314.5
3878at6231	X	X	7999258.5	X	10104404.0
3879at6231	I	I	11376070.5	I	16778134.5
3880at6231	I	I	4667958.5	I	13686642.5
3885at6231	III	III	9631029.5	III	5368088.5
3887at6231	V	V	6946554.5	V	15617221.5
3891at6231	IV	IV	2932687.5	IV	18317848.0
3892at6231	III	III	2395969.5	III	11154631.5
3894at6231	I	I	9887740.5	I	15489080.0
3901at6231	III	III	15194604.0	III	16331403.0
3907at6231	I	I	7754593.5	I	3239576.5
3908at6231	V	V	748321.0	V	6845458.0
3919at6231	III	III	12248428.5	III	7180917.5
3927at6231	X	X	605221.5	X	16893398.0
3929at6231	III	III	3039690.5	III	5953795.5
3930at6231	II	II	6470572.0	II	9001303.5
3931at6231	III	III	10210344.0	III	16101724.5
3933at6231	III	III	15682172.0	III	18125681.0
3935at6231	V	V	2311025.5	V	9071013.5
3939at6231	V	V	4977571.0	V	6740818.0
3944at6231	II	II	13815140.5	II	844950.0
3947at6231	X	X	15824000.0	X	1316517.0
3954at6231	IV	IV	14022997.0	IV	14724272.0
3957at6231	III	SCAFFOLD_709	2438.0	III	8596879.5
3960at6231	III	III	11189667.5	III	9879640.5
3963at6231	II	II	6750825.5	II	9345098.0
3968at6231	III	III	13733960.5	III	7460674.5
3969at6231	V	V	15591723.0	V	4088856.0
3970at6231	I	I	10889990.0	I	15986623.0
3971at6231	IV	IV	5639322.0	IV	15026878.5
3976at6231	I	I	6853616.5	I	14815051.0
3987at6231	IV	IV	4537679.5	IV	12511598.5
3989at6231	X	X	3828219.5	X	9619537.5
3990at6231	X	X	11191205.5	X	2211245.5
3992at6231	III	III	480380.5	III	5600605.5
3993at6231	X	X	16776120.0	X	9851592.5
3995at6231	I	I	1833218.0	I	14952362.5
4003at6231	IV	IV	13958371.0	IV	11623981.5
4008at6231	II	II	3799264.5	II	2014389.0
4013at6231	unassigned	I	15373706.5	X	10402003.5
4026at6231	II	II	9579783.0	III	1114727.5
4028at6231	II	II	4799664.0	II	5538117.0
4030at6231	IV	IV	4725855.5	IV	13220512.5
4046at6231	III	III	11465066.0	III	12211545.5
4050at6231	III	III	3864757.5	III	3006946.5
4054at6231	V	V	1899529.5	V	9685227.5
4055at6231	X	X	5803429.0	X	14354063.0
4061at6231	III	III	12406151.0	III	9422518.5
4063at6231	I	I	6132516.5	I	12891152.0
4069at6231	V	V	6717120.5	V	11745642.0
4072at6231	II	II	11025772.0	II	5937936.5
4076at6231	IV	IV	11426416.0	IV	13854980.5
4088at6231	III	III	14479739.5	III	10120699.5
4089at6231	IV	IV	5563635.0	IV	9424244.0
4093at6231	X	X	10628077.5	X	7478014.0
4098at6231	I	I	11127437.5	I	11522700.5
4104at6231	III	III	9132171.5	III	11862937.0
4106at6231	I	IV	8108874.0	I	7591111.5
4108at6231	I	I	14649309.0	I	13701628.5
4120at6231	III	III	13236879.0	III	11535502.5
4123at6231	V	V	17939268.0	V	10015856.5
4125at6231	III	III	14257164.0	III	10724536.0
4128at6231	V	V	18026056.5	V	7864361.5
4130at6231	III	III	13683439.5	III	14766083.5
4132at6231	I	I	4487794.5	I	15555017.0
4137at6231	II	II	1652061.0	II	10792530.5
4147at6231	II	II	6350058.0	II	9395582.5
4150at6231	IV	IV	13776983.0	IV	17102245.5
4151at6231	I	I	13222656.5	I	15954304.5
4153at6231	III	III	10393914.5	III	11448246.5
4155at6231	IV	IV	4970820.5	IV	12471276.0
4161at6231	IV	IV	9618552.5	IV	10145447.0
4166at6231	I	I	12229035.0	I	11387756.5
4168at6231	I	I	3361716.0	I	2192949.5
4173at6231	I	I	9621040.0	I	15899720.5
4176at6231	IV	IV	14726545.5	IV	16807752.0
4178at6231	V	V	17007543.5	V	7703790.5
4181at6231	III	III	4798248.5	III	18928175.5
4182at6231	I	I	12804093.0	I	16575637.5
4183at6231	III	III	11291399.5	III	10531049.5
4192at6231	II	II	4143274.0	II	17793297.0
4208at6231	I	I	3414160.5	I	16808023.5
4209at6231	V	V	5189372.0	V	10329309.5
4211at6231	III	III	5673069.5	III	11096602.5
4213at6231	I	I	5429027.5	I	387580.0
4225at6231	II	II	9672630.5	II	14671663.5
4226at6231	I	I	7290605.0	I	11727886.0
4231at6231	unassigned	II	7667415.5	II	690861.5
4238at6231	III	III	13688978.5	III	7172820.0
4242at6231	IV	IV	12278952.0	IV	7934236.0
4246at6231	I	I	11823254.5	I	17561632.5
4258at6231	II	I	10920065.0	I	7130876.5
4265at6231	X	X	18095400.5	X	8952931.0
4269at6231	IV	IV	3797652.0	IV	10761304.5
4277at6231	III	III	10268995.5	III	7935717.0
4282at6231	X	X	4916516.5	X	12082506.0
4285at6231	III	III	14277932.0	III	6712868.0
4296at6231	II	II	5165699.0	II	12444725.0
4301at6231	I	I	8670397.5	I	7445582.0
4303at6231	IV	IV	8585449.0	IV	9261785.5
4307at6231	X	X	9123150.5	X	8342596.5
4310at6231	I	I	4763282.0	I	13164796.5
4316at6231	III	III	3573130.0	III	10066786.0
4318at6231	III	III	9590068.0	III	12370207.0
4320at6231	IV	IV	1442183.0	IV	18311741.0
4337at6231	II	II	15586890.0	II	6219520.5
4338at6231	unassigned	IV	3670807.0	IV	5044821.0
4340at6231	X	X	10769799.0	X	6890963.0
4345at6231	II	II	11542237.0	II	10366989.5
4355at6231	X	X	16428590.0	X	9842433.5
4357at6231	V	V	13000391.5	V	16167276.5
4359at6231	I	I	8563370.5	I	12999875.5
4364at6231	III	III	13501771.0	III	7493115.0
4368at6231	IV	IV	14277821.5	IV	10135912.0
4404at6231	III	III	5599366.0	II	5882059.5
4405at6231	II	II	6456623.5	II	9009214.0
4407at6231	II	II	1685689.0	II	209050.5
4412at6231	II	V	13560298.5	II	6824434.0
4415at6231	III	III	11272506.0	III	10540339.0
4417at6231	IV	IV	10393541.0	IV	12656552.5
4422at6231	III	III	14567465.0	III	18584758.0
4424at6231	I	I	2107297.5	I	17029396.0
4427at6231	X	X	1489375.0	X	11639787.5
4428at6231	II	II	10650192.0	II	11548707.0
4430at6231	III	IV	6548424.5	IV	8606996.0
4436at6231	III	III	16269918.0	III	12676409.0
4444at6231	IV	IV	14434565.5	IV	17595116.0
4454at6231	II	II	9763278.5	II	15284501.5
4458at6231	unassigned	III	6579300.0	III	5531805.5
4461at6231	I	I	10212463.0	I	12761900.0
4468at6231	II	I	4413093.0	I	3045347.5
4476at6231	V	V	2749116.5	V	7972912.0
4483at6231	V	V	9516973.5	V	11175171.5
4487at6231	III	III	14650826.0	III	14777371.5
4492at6231	III	III	10775995.5	III	17993025.5
4496at6231	V	V	2737364.5	V	7986220.0
4498at6231	X	X	13680057.5	X	15405551.5
4504at6231	V	V	16362848.0	V	13414131.5
4509at6231	II	II	8502233.5	II	3134937.5
4512at6231	I	I	14323048.0	I	13289166.0
4516at6231	II	II	6738755.5	II	9334544.0
4519at6231	I	I	5547702.5	I	3481426.0
4521at6231	II	II	11430809.5	II	10530352.5
4525at6231	III	III	9787477.0	III	7039420.0
4532at6231	II	II	13440010.5	II	10411288.0
4536at6231	III	III	9376336.0	III	9052823.5
4540at6231	II	II	15038251.0	II	9525891.0
4542at6231	I	I	4346522.0	I	12839738.5
4548at6231	V	V	16632862.5	V	9572208.0
4551at6231	IV	IV	15161995.5	IV	8956436.5
4559at6231	I	I	9879924.5	I	15496937.5
4572at6231	IV	IV	6566318.0	IV	8764014.5
4579at6231	II	II	7897269.0	II	8578478.0
4580at6231	III	SCAFFOLD_61	79693.0	III	9798310.5
4581at6231	II	II	9644192.0	II	13351462.5
4585at6231	V	V	10879138.5	V	11054808.0
4586at6231	I	I	6982149.5	I	3712183.0
4588at6231	V	V	7341218.5	V	10877055.0
4590at6231	III	III	11765967.5	III	18560540.0
4594at6231	II	II	14653494.5	II	9792588.0
4597at6231	X	X	6714921.5	X	15536368.0
4598at6231	I	I	11616319.5	I	13428819.0
4602at6231	I	I	6448490.0	I	8674743.5
4607at6231	V	III	3941857.0	V	17774942.0
4611at6231	I	SCAFFOLD_630	1605.0	I	13752765.5
4612at6231	II	II	3650888.0	II	8886368.5
4621at6231	II	II	1845325.0	II	7325790.0
4622at6231	III	III	12147881.0	III	10690909.5
4635at6231	III	III	15166953.0	III	13068898.0
4639at6231	IV	IV	12779441.5	IV	7492883.0
4642at6231	X	X	3478283.5	X	11503397.5
4650at6231	II	II	9174860.5	II	12478338.5
4657at6231	I	I	6694656.5	I	7529062.5
4669at6231	X	X	16908282.5	X	18288041.5
4670at6231	X	X	17746931.5	X	14858372.5
4673at6231	IV	IV	5311438.0	IV	17404086.0
4675at6231	III	III	15034435.5	III	12835038.5
4679at6231	III	III	8414004.5	III	10339227.5
4680at6231	II	II	15708415.5	II	3977889.5
4690at6231	III	III	11483500.0	III	11476616.5
4692at6231	I	I	8629577.0	I	15660170.5
4702at6231	I	I	12025878.5	I	17373101.5
4703at6231	III	III	12422326.0	III	9182253.0
4722at6231	II	SCAFFOLD_728	2361.0	II	12939299.0
4723at6231	II	II	16198231.0	II	11469436.5
4726at6231	III	III	3002525.0	III	4869820.0
4731at6231	III	III	15552880.5	III	6194956.0
4735at6231	I	I	15853969.5	I	602792.0
4746at6231	V	V	16682398.0	V	11932045.0
4747at6231	II	III	14199717.0	III	12844895.5
4750at6231	I	I	9485547.0	I	9437990.0
4752at6231	II	II	9553684.0	II	16362866.5
4760at6231	III	III	14584122.0	III	18435127.0
4763at6231	I	I	8776008.5	I	5995749.0
4771at6231	II	II	7753346.5	II	10359968.5
4775at6231	X	X	9141338.0	X	8363083.5
4777at6231	I	I	6669325.0	I	17642710.0
4779at6231	V	V	16257524.0	V	530505.5
4780at6231	I	I	7487293.0	I	7663988.0
4786at6231	II	II	15347537.5	II	5266359.5
4793at6231	X	V	13075940.0	V	2343675.0
4794at6231	V	V	16635507.0	V	9569227.5
4798at6231	III	III	8659565.5	III	15993728.5
4799at6231	II	II	8160719.0	II	3361997.5
4802at6231	I	I	3350372.0	I	3660459.0
4804at6231	I	I	9934478.5	I	11924843.5
4806at6231	III	III	13788289.0	III	7225388.5
4811at6231	I	I	5503626.0	I	16536260.5
4815at6231	V	V	11631430.0	V	8717936.0
4816at6231	II	II	7064992.0	II	15054501.0
4825at6231	III	III	14213445.0	III	12853574.0
4834at6231	V	V	13380942.5	V	4820481.5
4848at6231	III	III	12932957.5	III	16151140.0
4856at6231	I	I	5746115.0	I	9017851.5
4859at6231	III	III	9887577.0	III	12395864.0
4861at6231	II	II	3828472.0	II	7604514.5
4863at6231	I	I	10684449.0	I	17668580.5
4871at6231	III	III	11499712.0	III	11467490.0
4879at6231	X	X	11195672.5	X	2217419.0
4881at6231	III	III	7836800.0	III	2951516.5
4883at6231	X	X	16614788.5	X	10098529.0
4887at6231	I	I	4497970.5	I	15557787.0
4895at6231	II	II	14024781.0	II	5744718.0
4900at6231	II	II	5505529.0	II	11182455.5
4903at6231	II	II	5626908.5	II	15849924.0
4905at6231	V	V	12390116.0	V	9909250.0
4906at6231	V	V	1034019.5	V	7376387.0
4919at6231	V	V	275233.5	V	8234911.5
4925at6231	III	III	6869900.5	III	8103599.5
4932at6231	IV	IV	4431734.5	IV	17408730.5
4940at6231	III	III	8828829.0	III	12077818.5
4942at6231	III	III	4201055.0	III	11144830.5
4951at6231	V	V	2624468.5	V	805251.5
4961at6231	II	II	9166523.0	II	9813085.5
4968at6231	V	V	12369009.0	V	7669525.0
4973at6231	V	V	6666941.0	V	6778106.0
4977at6231	I	I	9466993.5	I	14242384.5
4978at6231	III	III	9380233.0	III	9051052.0
4982at6231	II	II	3059505.5	II	14726514.5
4983at6231	X	X	3558098.0	X	12004527.0
4988at6231	IV	IV	7476572.5	IV	9298993.0
4992at6231	II	II	10555606.0	II	7385600.0
4993at6231	I	I	15846598.0	I	598147.5
5001at6231	II	II	11521478.0	II	4617786.0
5009at6231	unassigned	IV	10253671.5	IV	7496537.0
5011at6231	X	X	6642083.0	X	14464979.5
5013at6231	I	I	7038692.0	I	7629102.5
5016at6231	V	V	17952625.0	V	7420048.0
5017at6231	IV	IV	6037189.5	IV	12413288.5
5019at6231	V	V	6080740.5	V	6292474.5
5021at6231	I	I	6493559.5	I	16433455.5
5034at6231	II	II	10570466.5	II	7371906.0
5044at6231	III	III	15779246.0	III	10097683.0
5045at6231	V	V	782542.5	V	9702633.0
5047at6231	V	V	5512131.5	V	10251900.5
5057at6231	X	X	8777945.5	X	13617057.5
5062at6231	III	III	13493980.5	III	8361971.0
5067at6231	X	X	17060613.5	X	13961419.5
5070at6231	I	I	5943653.5	I	5130736.5
5071at6231	X	X	10537810.5	X	7370425.0
5074at6231	III	III	13544301.5	III	18084929.5
5082at6231	I	I	15989528.5	I	16853486.0
5083at6231	III	III	14166532.5	III	11346578.5
5087at6231	III	III	8579416.5	III	12500454.0
5088at6231	I	I	9117938.5	I	10151619.5
5090at6231	I	I	337134.5	I	7582531.0
5091at6231	V	V	5357680.5	V	9736398.0
5096at6231	II	II	16159711.0	II	11446441.5
5103at6231	IV	IV	3962751.0	IV	6867140.5
5113at6231	II	II	17016692.5	II	6605750.0
5117at6231	III	III	5312609.5	III	18787539.5
5127at6231	IV	IV	10281840.5	IV	12926649.5
5131at6231	III	III	15534152.5	III	15313354.0
5132at6231	X	X	5155162.0	X	9305283.0
5135at6231	III	IV	11092244.0	III	3447414.0
5136at6231	II	IV	9996165.0	V	9946388.0
5142at6231	I	I	2089670.5	I	15606246.0
5147at6231	II	II	2188812.5	II	10596635.0
5156at6231	unassigned	III	15668392.0	III	10929063.0
5158at6231	III	III	12420128.0	III	11412749.0
5165at6231	X	X	9853410.5	X	7624811.0
5188at6231	V	V	13698762.5	V	16660306.0
5189at6231	III	III	11179253.0	III	9862187.0
5190at6231	IV	IV	5949408.0	IV	15136339.5
5191at6231	III	III	8622046.5	III	11793775.0
5199at6231	I	I	14757694.0	I	11040284.5
5202at6231	I	I	12200089.0	I	8893267.5
5207at6231	II	II	14212323.0	II	8446235.5
5208at6231	X	X	17738202.5	X	9161028.5
5220at6231	IV	IV	10785915.5	IV	358612.0
5240at6231	I	I	912262.5	I	13406304.0
5248at6231	III	III	9170055.5	III	13316442.5
5249at6231	II	II	1367989.5	II	9710699.5
5256at6231	I	I	15316760.0	I	13466878.5
5261at6231	III	III	2650421.0	III	7886252.0
5268at6231	I	I	9890386.5	I	15485015.5
5269at6231	III	IV	6417383.0	IV	7450102.0
5280at6231	I	I	7303889.5	I	11780797.0
5283at6231	II	II	14029202.0	II	5756057.5
5285at6231	II	II	10000965.0	II	8752645.0
5289at6231	X	X	2837822.0	X	10675381.5
5290at6231	II	II	9591695.5	II	12754662.5
5291at6231	III	III	16144957.5	III	7361404.0
5294at6231	II	II	1645229.0	II	10789624.5
5295at6231	II	II	11037829.5	II	5961504.0
5296at6231	X	X	11254429.5	X	2365264.0
5297at6231	IV	IV	8811803.5	IV	5970831.5
5298at6231	V	V	14464173.0	V	9159349.5
5306at6231	IV	IV	6854139.5	IV	3748439.0
5309at6231	III	III	2155469.0	III	706933.5
5311at6231	I	I	7853130.5	I	15611209.5
5318at6231	IV	IV	578836.5	IV	16721948.5
5319at6231	V	V	8332942.0	V	14992804.0
5324at6231	X	X	7608237.0	X	12658690.5
5330at6231	I	I	14349008.5	I	10606223.5
5331at6231	III	III	8369818.0	III	11064827.5
5340at6231	III	III	11718065.0	III	10290913.5
5342at6231	IV	I	9452801.0	IV	7878523.0
5347at6231	II	II	7687852.0	II	11406028.5
5351at6231	II	II	1771764.5	II	18228858.0
5357at6231	II	II	959504.5	II	7492566.5
5363at6231	X	X	9919938.5	X	6025932.0
5365at6231	I	I	11114492.5	I	11533233.0
5387at6231	III	III	10020270.5	III	12458595.0
5398at6231	V	V	9238732.0	V	9461624.0
5406at6231	II	II	8898291.0	II	645221.0
5420at6231	III	III	12063744.5	III	12029406.5
5434at6231	II	II	14148455.0	II	10967318.0
5441at6231	X	X	10831639.0	X	7084682.0
5451at6231	unassigned	I	11343222.0	I	17405675.5
5452at6231	II	II	6898428.0	II	4801871.5
5465at6231	IV	IV	3134727.5	IV	16371314.0
5470at6231	I	I	7751871.5	I	17966062.5
5480at6231	X	X	11614776.5	X	6719704.5
5481at6231	I	I	3502233.5	I	13121172.0
5482at6231	II	II	14257449.0	II	8779008.5
5484at6231	I	I	12218827.0	I	8909045.0
5488at6231	X	X	9257822.0	X	8049348.0
5490at6231	III	III	6282878.0	III	10902334.0
5499at6231	IV	IV	9338699.0	IV	10348452.0
5500at6231	I	III	5956617.0	III	10710214.5
5501at6231	V	SCAFFOLD_577	1568.5	III	18989169.0
5502at6231	X	X	4480797.5	X	16574183.0
5505at6231	I	I	1807159.0	I	13208484.0
5508at6231	V	V	9167371.5	V	9387333.5
5510at6231	V	V	8611247.0	V	10754423.0
5513at6231	X	X	9273780.5	X	8082372.0
5514at6231	I	I	8802053.5	I	6070714.0
5515at6231	I	II	14466001.5	III	13686003.5
5517at6231	III	III	8634296.0	III	16867136.0
5521at6231	I	I	6870498.0	I	14828040.0
5522at6231	X	X	2093108.5	X	11653005.5
5545at6231	II	II	9603937.5	V	1325413.0
5548at6231	II	II	6454502.0	II	9012520.5
5566at6231	I	I	6129664.0	I	12887957.5
5569at6231	II	II	11809784.5	II	4062303.0
5572at6231	IV	IV	1187086.0	IV	8372869.5
5574at6231	II	II	12188073.5	II	3562911.5
5576at6231	V	V	2150895.0	V	1977708.0
5579at6231	III	III	8010355.5	III	18922095.5
5585at6231	I	I	12019847.0	I	17369753.5
5594at6231	X	X	8006879.5	X	10158893.5
5598at6231	unassigned	III	7160023.5	III	2784847.5
5611at6231	I	I	5817217.0	I	11452825.5
5616at6231	unassigned	V	6211132.5	V	6161099.5
5626at6231	III	III	7846772.5	III	219200.0
5643at6231	X	X	16810715.5	X	14653972.0
5655at6231	I	I	502577.0	I	647796.5
5664at6231	V	V	4959268.0	V	6752162.5
5668at6231	III	III	9653940.0	III	1538229.0
5671at6231	III	III	15111804.5	III	10509443.0
5676at6231	I	I	9465322.0	I	14240553.0
5680at6231	V	V	6308125.0	V	4746661.0
5693at6231	IV	IV	5110524.0	IV	7808296.0
5694at6231	V	V	8305633.5	V	4134553.5
5703at6231	I	I	9168815.0	I	5568275.0
5707at6231	III	III	11229537.5	III	14508900.0
5714at6231	IV	IV	9756253.5	IV	13399728.5
5717at6231	V	V	7329398.0	V	10887947.5
5718at6231	IV	I	10834458.5	IV	755364.5
5725at6231	I	I	353883.0	I	763398.0
5739at6231	II	II	14910113.0	II	8650471.0
5740at6231	I	I	4655508.5	I	14854468.5
5741at6231	III	III	14645586.5	III	9916198.0
5750at6231	II	II	1738691.5	II	7394092.5
5752at6231	II	IV	11013853.5	II	8396758.0
5754at6231	X	X	10783322.0	X	6904629.0
5755at6231	X	X	682955.0	X	8699146.0
5761at6231	I	I	10859997.5	I	16009218.0
5769at6231	III	III	14830494.5	III	12287047.5
5771at6231	V	V	11987124.5	V	15149718.5
5773at6231	I	I	9468651.0	I	14245198.0
5779at6231	II	II	10933228.0	II	1124896.0
5785at6231	I	I	4209959.0	I	17338448.5
5789at6231	I	I	7280531.5	I	11711295.0
5800at6231	I	I	7356243.5	I	7422241.0
5805at6231	V	V	9498801.0	V	11157094.5
5807at6231	IV	IV	5495286.0	IV	7750737.5
5811at6231	I	I	4044654.0	I	5468593.5
5812at6231	X	X	12717546.0	X	1471465.5
5818at6231	III	III	11431639.5	III	18684125.0
5822at6231	II	II	941848.0	II	7504124.5
5842at6231	X	V	8962892.0	V	17569702.0
5844at6231	IV	IV	9439937.0	IV	7571155.5
5854at6231	IV	IV	7962252.5	IV	8094289.0
5855at6231	IV	IV	12597100.0	IV	10175479.5
5856at6231	IV	IV	7850346.0	IV	9074534.0
5864at6231	I	I	13296011.0	I	13519419.5
5868at6231	I	SCAFFOLD_512	7696.5	I	14520263.0
5869at6231	I	IV	9247708.5	IV	13765434.0
5872at6231	X	X	8776041.0	X	13599842.0
5875at6231	V	V	11448506.5	V	13306773.0
5882at6231	III	III	7903603.5	III	8050176.0
5888at6231	III	III	13633807.0	III	18054811.0
5891at6231	III	III	15442180.5	III	10769956.0
5892at6231	II	II	11329859.0	II	7026700.5
5895at6231	I	I	1987063.5	I	17865170.5
5900at6231	I	I	7366543.0	I	7297524.0
5909at6231	V	V	5751764.0	V	3297013.0
5913at6231	II	II	9499717.0	II	15292625.0
5915at6231	III	III	10131659.0	III	12882792.0
5916at6231	III	III	12987317.0	III	15894542.5
5919at6231	II	II	9504385.5	V	1316416.0
5923at6231	III	III	11145158.0	III	6332079.0
5928at6231	II	II	13133877.0	II	8125717.5
5930at6231	II	II	1415336.0	II	7291605.5
5947at6231	II	II	1156050.5	II	13160083.0
5952at6231	I	I	4602136.5	I	18003889.5
5957at6231	I	I	10807906.0	I	9419648.0
5962at6231	III	III	3690993.5	III	12760771.0
5965at6231	II	II	14715443.5	II	801899.5
5978at6231	I	I	5301149.0	I	690769.0
5979at6231	II	II	15943834.5	II	6016534.5
5988at6231	V	X	5126223.0	X	9345840.5
5996at6231	V	V	3463415.0	V	5724638.5
6021at6231	II	II	10831176.0	II	2468092.0
6022at6231	III	III	8389479.0	III	17806730.0
6023at6231	I	I	6496692.5	I	16425997.5
6028at6231	III	III	3743709.5	III	328140.0
6032at6231	IV	IV	8591276.5	IV	9269437.5
6036at6231	IV	IV	3398176.5	IV	8397398.0
6037at6231	II	II	14539283.0	II	11615714.0
6041at6231	I	I	15318338.0	I	13471286.0
6046at6231	IV	IV	14916443.5	IV	8559639.5
6057at6231	IV	IV	10740030.5	IV	7707942.0
6065at6231	I	I	11108922.5	I	11494159.5
6080at6231	III	III	8876876.0	III	8435297.5
6081at6231	V	V	1997525.0	V	10628150.5
6083at6231	II	II	14717215.5	II	866244.0
6102at6231	X	X	5197519.5	X	13850732.5
6103at6231	IV	IV	3051406.0	IV	7737141.0
6105at6231	IV	IV	15998384.5	IV	1259608.0
6106at6231	II	II	9035595.5	II	10804804.0
6122at6231	III	III	2689779.5	III	11281601.5
6132at6231	IV	IV	3721806.5	IV	7914797.0
6134at6231	I	I	11275238.0	I	14657704.5
6137at6231	II	II	8424732.0	II	11284781.0
6138at6231	I	I	9426307.5	I	9022739.5
6146at6231	II	II	13983533.0	II	9761550.0
6148at6231	IV	IV	10265561.5	IV	12915880.5
6156at6231	III	III	11794590.0	III	6567969.5
6172at6231	V	III	7250771.0	III	8800577.0
6176at6231	IV	I	14515315.0	IV	15008454.5
6182at6231	IV	IV	4915932.0	IV	10793680.5
6186at6231	III	III	14962430.0	III	10412482.0
6192at6231	V	V	15172395.5	V	16090359.5
6197at6231	X	X	11975891.5	X	6175112.0
6202at6231	II	II	11280376.0	II	7066562.5
6209at6231	V	V	6304417.5	V	4741585.5
6214at6231	I	I	3320173.0	I	14363211.0
6218at6231	X	X	18006798.5	X	17903768.5
6222at6231	IV	IV	12535303.0	IV	7891377.5
6233at6231	II	II	11412557.5	II	10512257.5
6234at6231	V	V	11417950.5	V	15266582.0
6237at6231	V	I	1266400.5	I	10296772.0
6240at6231	unassigned	I	7241239.5	I	10062777.0
6250at6231	IV	II	9620048.0	II	17148354.5
6268at6231	IV	IV	6008279.5	IV	8258061.5
6269at6231	III	III	10504118.0	IV	13268214.0
6270at6231	I	I	5311621.5	I	13808190.5
6299at6231	I	I	7138168.5	I	14892333.5
6302at6231	unassigned	V	10715989.5	V	17150172.5
6305at6231	II	II	10977127.5	II	1049886.5
6309at6231	III	III	2289469.5	III	5586800.5
6310at6231	III	III	7273811.0	III	17224664.0
6311at6231	II	II	15049773.5	II	8725216.0
6318at6231	III	III	14817445.5	III	12318352.0
6328at6231	III	III	10254658.5	III	11878416.5
6338at6231	III	III	1037818.0	III	8837376.0
6340at6231	III	III	12742026.5	III	7825049.0
6348at6231	X	X	6576161.5	X	14485281.5
6359at6231	V	III	8962978.5	IV	6871654.5
6366at6231	III	III	7934114.0	III	4425373.0
6374at6231	IV	IV	9511179.0	IV	13701698.5
6379at6231	II	II	15719285.0	II	3802475.5
6423at6231	V	V	9734659.5	V	17922426.0
6427at6231	II	II	9062884.5	II	11219273.5
6434at6231	IV	IV	9505502.0	IV	13707329.0
6439at6231	V	V	1231004.5	V	7271931.0
6440at6231	I	I	736453.5	I	15305372.5
6448at6231	II	II	3634787.0	II	9470412.5
6451at6231	II	II	7652041.0	II	6608123.5
6462at6231	III	III	11214917.5	III	14491773.5
6479at6231	V	V	15249916.0	V	10113574.0
6482at6231	II	II	7039716.0	II	15024204.0
6487at6231	III	III	9266339.0	II	17488737.0
6496at6231	I	I	12170889.5	I	16882772.0
6503at6231	X	X	7210125.5	X	499995.0
6507at6231	III	III	12517923.5	III	14062141.0
6514at6231	V	V	11777888.5	V	10651048.0
6523at6231	II	I	428919.0	II	12615795.0
6531at6231	X	X	6574339.0	X	14489131.0
6532at6231	II	II	5616432.0	II	15868160.0
6553at6231	III	III	6701125.5	III	1175292.0
6557at6231	II	II	13606333.5	II	252735.0
6566at6231	III	III	11932938.0	III	6668011.0
6569at6231	III	III	12845195.0	III	10635486.5
6570at6231	X	X	9116264.0	X	8335404.5
6571at6231	III	III	8832468.5	III	12082840.5
6590at6231	I	I	3885368.0	I	16595415.5
6594at6231	X	X	12075993.0	X	7779869.0
6597at6231	I	I	7934379.0	I	3698393.5
6600at6231	III	III	8973429.0	III	11372254.5
6601at6231	II	II	7451278.5	II	1848939.5
6610at6231	III	III	9711725.5	III	14692196.0
6614at6231	II	II	9293499.5	II	7467927.0
6630at6231	V	V	6289614.5	V	14488578.5
6635at6231	IV	IV	1421260.0	IV	13069296.5
6636at6231	II	II	14425810.0	II	7538008.0
6637at6231	III	III	4782256.0	III	18773486.5
6642at6231	I	I	3788313.0	I	11831647.5
6652at6231	II	II	1944726.5	II	451274.5
6662at6231	unassigned	X	10555081.5	X	7357648.5
6663at6231	I	I	8386901.5	I	8777800.0
6675at6231	I	I	10575297.0	I	16335802.0
6678at6231	unassigned	I	2976363.5	I	15236403.5
6679at6231	III	III	15191049.0	III	16325579.0
6683at6231	X	X	9576519.5	X	7833142.0
6687at6231	X	X	1498756.5	X	11626734.0
6689at6231	II	II	5459534.0	II	11195009.0
6690at6231	V	V	11645570.5	V	8709458.0
6693at6231	V	V	2556515.0	V	3062604.0
6706at6231	I	I	6755575.5	I	15271417.0
6708at6231	III	IV	141670.5	IV	15527677.5
6709at6231	II	II	13534634.0	II	1722443.5
6711at6231	IV	IV	7970068.0	IV	8087034.0
6716at6231	V	V	16328430.0	V	7473629.5
6736at6231	II	II	5743782.5	IV	8647045.0
6740at6231	IV	IV	7155781.5	IV	15184656.0
6743at6231	III	III	4502666.0	III	4695827.5
6745at6231	V	V	17943498.5	V	10021607.5
6752at6231	V	V	1557559.0	V	2844358.5
6753at6231	IV	IV_unlock_3	47504.0	IV	240171.0
6756at6231	IV	IV	218269.5	IV	17263987.5
6757at6231	V	V	9274469.0	V	9480294.5
6764at6231	III	III	13216994.5	III	6424415.0
6765at6231	V	III	4439837.5	III	10023198.5
6772at6231	III	III	11984936.0	III	7926547.0
6778at6231	II	II	10168808.5	II	1377815.5
6783at6231	unassigned	IV	3668872.0	IV	5046857.0
6806at6231	III	IV	15200902.5	III	13035293.5
6812at6231	V	V	2366776.0	V	11696716.5
6813at6231	III	III	11147043.0	III	333421.0
6815at6231	I	I	3337656.0	I	9560810.0
6816at6231	X	X	9596657.0	X	7739231.5
6827at6231	I	I	5771306.5	I	9127747.5
6830at6231	III	III	6001200.5	III	11672198.5
6833at6231	V	V	5779966.5	V	3236016.0
6838at6231	V	V	1018196.0	V	8265287.5
6843at6231	II	II	13230783.5	II	7081119.0
6846at6231	V	V	334765.0	V	18174088.5
6848at6231	III	III	4998146.0	III	12434769.5
6857at6231	IV	IV	12456129.0	IV	16605436.5
6860at6231	unassigned	III	11008206.0	III	18107571.5
6875at6231	I	I	9229712.0	I	16602342.0
6876at6231	IV	IV	13689267.5	IV	9951619.5
6879at6231	X	X	10822626.5	X	7136638.0
6880at6231	I	I	13649284.0	I	16043695.0
6886at6231	V	V	12273959.0	V	7054680.0
6898at6231	II	II	5086059.0	II	9828688.5
6900at6231	IV	IV	7972170.5	IV	8084780.5
6902at6231	I	I	3978217.0	I	11043532.5
6907at6231	I	V	11350104.0	V	757519.5
6910at6231	II	II	13212211.0	II	7093649.0
6914at6231	IV	I	8484013.5	IV	15211093.5
6924at6231	X	X	4752375.0	X	17020777.0
6932at6231	IV	IV	1396694.5	IV	7299519.0
6935at6231	II	II	6665345.0	II	11374494.5
6941at6231	III	III	12140839.5	III	10696500.5
6942at6231	IV	IV	4795482.5	IV	12905288.0
6943at6231	IV	IV	10486922.0	IV	6861192.0
6945at6231	V	V	3079385.0	V	16219678.5
6946at6231	I	I	7865959.5	I	15624298.5
6947at6231	I	I	8188196.0	I	3258750.0
6949at6231	III	III	4977805.0	III	12445366.0
6960at6231	IV	IV	2990372.5	IV	10917837.5
6967at6231	III	III	9217665.5	III	16258194.0
6977at6231	I	I	2076015.5	I	15597542.5
6979at6231	III	SCAFFOLD_709	3678.0	III	8598256.0
6984at6231	III	III	9162709.0	III	13330722.0
6989at6231	III	III	16107930.0	III	18914411.0
6991at6231	I	I	15527539.5	I	8199996.5
6998at6231	II	II	5439092.0	II	11205082.0
7002at6231	I	I	4538701.0	I	11408984.5
7003at6231	X	X	8915158.0	X	8114483.5
7004at6231	I	I	1699463.5	I	12867187.0
7005at6231	I	I	12027827.0	I	17375401.5
7007at6231	I	I	12272764.0	I	8878961.0
7009at6231	I	I	6007920.5	I	7870703.0
7010at6231	II	II	7966226.5	II	5510555.0
7012at6231	II	II	14623937.5	II	10242824.0
7020at6231	II	II	13644011.5	II	12961337.5
7026at6231	II	II	9514209.0	II	17472089.0
7029at6231	IV	IV	6028004.5	IV	12423028.0
7046at6231	V	V	10837047.5	V	10920265.5
7050at6231	V	V	7012220.5	V	7659968.0
7061at6231	II	II	17035197.5	II	10225399.0
7063at6231	III	III	11013625.5	III	11731326.5
7068at6231	I	I	5366702.5	I	16108916.0
7071at6231	unassigned	II	9633612.5	II	14755931.5
7076at6231	V	V	6417504.5	V	5546319.0
7086at6231	IV	IV	5947949.5	IV	15138539.0
7088at6231	II	II	8578492.5	II	8260054.0
7108at6231	IV	IV	8162443.0	IV	14011920.5
7109at6231	II	II	8324355.0	II	13079570.0
7110at6231	X	X	9135373.5	X	8357654.0
7114at6231	III	III	1072402.5	III	10147010.0
7116at6231	V	V	2035852.5	V	9136265.0
7119at6231	I	I	14953946.5	I	11003302.0
7123at6231	I	I	15903408.0	I	17047110.0
7127at6231	V	V	3130559.0	V	13839440.0
7130at6231	IV	IV	12400051.5	IV	16535148.0
7151at6231	III	III	7006444.5	III	8541011.5
7161at6231	V	V	2684956.0	V	9293644.0
7163at6231	IV	IV	8337299.0	IV	10540663.5
7169at6231	III	III	14686196.0	III	15158583.5
7175at6231	III	III	11698305.0	III	6038166.5
7183at6231	II	II	8968873.0	II	6285566.5
7186at6231	III	III	6379641.0	III	18147297.5
7187at6231	X	X	7819351.5	X	12549434.5
7197at6231	I	I	7349894.5	I	7425876.5
7201at6231	X	X	7973013.0	X	4886104.0
7202at6231	IV	IV	15984807.5	IV	617586.5
7205at6231	IV	IV	1070052.5	IV	12266565.0
7216at6231	III	III	14033707.0	III	11849255.0
7219at6231	V	V	6705217.5	V	6887485.0
7224at6231	IV	IV	14105395.5	IV	3554221.0
7225at6231	III	III	13854297.5	III	12938970.0
7230at6231	III	III	12307564.0	III	7154954.5
7232at6231	I	I	8766236.0	I	5935947.0
7234at6231	III	III	16259829.0	III	12673383.5
7246at6231	IV	IV	15169381.5	IV	4513623.5
7250at6231	X	X	17371068.5	X	17250632.5
7251at6231	V	V	4971132.0	V	6742569.5
7252at6231	V	V	14653653.5	V	843368.5
7260at6231	I	I	15143711.0	I	2060196.0
7264at6231	IV	IV	5587724.5	IV	4448531.5
7265at6231	III	III	7744363.0	III	10212004.5
7266at6231	V	III	8710319.0	III	7400458.5
7269at6231	III	III	11012292.0	III	11732635.5
7278at6231	I	I	2077275.5	I	15599121.5
7280at6231	I	I	8299133.5	I	5164840.5
7281at6231	I	I	9582291.0	I	15940286.5
7286at6231	unassigned	III	13261492.5	III	11524678.5
7287at6231	II	II	6058360.5	II	10023463.0
7288at6231	I	I	8959540.5	I	15396613.5
7289at6231	II	II	14344721.5	II	9609353.0
7292at6231	I	I	5992805.5	I	12881580.0
7293at6231	III	III	10129188.0	III	12972202.0
7299at6231	I	I	14791939.5	I	15442730.0
7302at6231	X	X	5066603.5	X	9449821.0
7305at6231	I	I	1505758.0	I	13364903.5
7311at6231	III	II	5696108.0	II	1518618.0
7319at6231	I	I	11685639.0	I	5487467.0
7322at6231	III	III	6930467.5	III	3317107.5
7325at6231	X	X	8242176.0	X	15712695.0
7327at6231	II	II	16620631.0	II	6648407.0
7330at6231	III	III	11958600.5	III	12223366.5
7340at6231	V	V	764469.0	V	7741370.5
7345at6231	I	I	11564261.5	I	12480842.5
7351at6231	I	I	12489395.0	I	3434733.5
7353at6231	III	III	4634133.0	III	10352906.5
7363at6231	III	III	9594993.5	III	12373268.5
7367at6231	I	I	10836089.0	I	15984365.0
7371at6231	V	V	9244589.0	V	9454569.5
7381at6231	V	V	10720795.0	V	17142409.5
7384at6231	II	II	3620973.5	II	9503996.5
7385at6231	I	I	13669999.5	I	16053889.0
7401at6231	II	II	7447373.5	II	1846310.0
7402at6231	V	V	7331273.0	V	10885052.5
7416at6231	I	I	6297581.5	I	13382928.5
7418at6231	I	I	8411041.0	I	531785.5
7422at6231	III	III	8582592.5	III	12496593.5
7423at6231	X	X	16994094.0	X	14032046.5
7430at6231	I	I	14945604.5	I	11018363.0
7447at6231	IV	IV	3632916.5	IV	4375374.0
7460at6231	III	III	11504088.5	V	6026161.0
7469at6231	II	II	5621776.0	II	15856892.0
7473at6231	II	II	7544902.0	II	7993447.5
7474at6231	V	V	2876576.5	V	582858.5
7476at6231	I	I	5774331.0	I	679781.0
7478at6231	V	V	2873158.5	V	14809627.5
7479at6231	II	II	7201137.5	II	17921553.0
7480at6231	II	II	9567596.5	II	18321590.0
7481at6231	X	X	12071832.5	X	7786026.5
7490at6231	III	III	5844649.0	III	11198230.5
7492at6231	I	I	13418225.0	I	17599746.5
7500at6231	IV	I	5849816.0	IV	14731518.5
7507at6231	X	X	1422903.0	X	15591491.5
7520at6231	IV	IV	599385.5	IV	16736960.5
7521at6231	III	III	11747264.5	III	12007399.5
7524at6231	unassigned	II	8886218.0	II	636714.0
7525at6231	I	I	3286397.5	I	14347944.5
7528at6231	I	I	6266190.5	I	16965130.5
7540at6231	V	V	2581743.0	V	3047304.0
7546at6231	I	I	14934966.5	I	11028927.0
7555at6231	I	I	6467235.5	I	7884024.0
7557at6231	III	II	14607343.5	II	10253996.5
7558at6231	III	III	16101119.5	III	18938283.0
7560at6231	IV	IV	8912983.5	IV	2765288.5
7561at6231	V	V	3170582.0	V	9089432.0
7565at6231	III	III	9675983.0	III	6849825.5
7566at6231	X	X	8221049.0	X	10249089.0
7571at6231	III	III	8235898.5	III	9964061.5
7573at6231	I	I	5998249.5	I	12876198.5
7579at6231	I	I	7363687.0	I	7437097.0
7586at6231	IV	I	7464044.5	IV	5512774.0
7591at6231	I	I	13149174.0	I	12981571.0
7601at6231	X	X	11189450.0	X	2207914.5
7606at6231	X	X	17165380.0	X	9909099.5
7615at6231	III	III	11130835.5	III	7235911.5
7617at6231	X	X	11258940.5	X	2371273.0
7626at6231	I	I	4723790.0	I	12262309.0
7628at6231	II	II	10847630.0	II	2502486.5
7633at6231	X	X	6764063.5	X	10267522.0
7651at6231	II	II	5999580.0	II	18517592.5
7663at6231	III	I	11199619.5	I	1781327.5
7664at6231	IV	IV	9562234.5	IV	7909804.5
7665at6231	IV	IV	1129391.0	IV	8383321.0
7669at6231	III	III	10273277.5	III	10347214.5
7670at6231	II	II	9563590.0	II	16150196.0
7672at6231	IV	IV	8285865.5	IV	18022694.0
7674at6231	unassigned	IV	3065415.0	IV	7729982.5
7675at6231	II	II	17152215.5	II	6806045.0
7678at6231	III	III	14703003.0	III	15181549.0
7681at6231	unassigned	I	15293443.0	I	13903555.0
7696at6231	IV	IV	9630829.0	IV	13686129.5
7697at6231	III	III	3521579.5	III	11036106.0
7701at6231	X	X	4495575.5	X	16600071.5
7702at6231	II	II	13377721.5	II	11842983.0
7703at6231	III	III	5760243.0	III	6574899.0
7706at6231	III	III	1169783.0	III	8312114.5
7716at6231	III	III	2127583.5	III	8490445.0
7720at6231	III	III	1960526.0	III	7985896.0
7729at6231	IV	IV	11514134.0	IV	301467.5
7736at6231	IV	IV	16003120.5	IV	1252926.5
7738at6231	I	I	3194723.0	I	8844341.5
7743at6231	III	III	10070492.0	III	13060662.5
7746at6231	V	V	678976.0	V	7135921.0
7761at6231	unassigned	III	6020005.0	III	11398049.5
7763at6231	V	V	17333315.5	V	6355266.5
7764at6231	III	III	11045966.5	III	16254343.5
7772at6231	I	I	12290982.5	I	8873923.5
7788at6231	I	I	5750547.0	I	9154171.5
7800at6231	II	II	13686305.0	II	5913386.5
7806at6231	II	II	9543980.0	II	16969393.5
7810at6231	V	V	5692588.0	V	12138610.5
7811at6231	X	X	16116051.0	X	10578897.0
7814at6231	I	I	8101259.5	I	12638302.5
7825at6231	II	II	5454197.5	II	11200489.0
7839at6231	II	II	15398728.0	II	7909171.0
7847at6231	X	X	9492734.0	X	5793768.5
7849at6231	I	I	5536821.0	I	3523834.0
7851at6231	I	I	7607330.0	I	14590935.0
7885at6231	III	III	11231858.0	III	14512710.0
7889at6231	III	III	15065639.0	III	9267559.5
7900at6231	III	III	11989372.5	III	7932111.5
7912at6231	IV	IV	9846043.0	IV	12964742.5
7913at6231	III	III	10270924.0	III	10346093.5
7921at6231	III	III	11749974.5	III	12006271.0
7926at6231	III	III	8803123.5	III	12064070.0
7927at6231	III	III	6008546.5	III	11406367.0
7942at6231	II	II	3637304.0	II	4420144.5
7955at6231	II	II	10033049.5	II	12778869.5
7961at6231	II	II	6747249.0	II	9340552.5
7970at6231	X	X	9970150.5	X	4416334.0
7975at6231	III	III	14716487.0	IV	13053940.0
7983at6231	V	V	2587266.5	V	3033489.0
7987at6231	II	II	12704995.5	II	7548722.5
7991at6231	III	III	15265148.5	III	14445170.0
7992at6231	IV	IV	11838547.0	IV	1818030.5
7993at6231	II	II	11491345.5	II	4579083.5
8002at6231	III	III	5125346.0	III	8740204.0
8005at6231	I	I	6470105.5	I	3172726.0
8006at6231	V	V	2629804.5	V	808400.5
8007at6231	I	I	8745448.5	I	2428876.0
8009at6231	III	III	778936.5	III	9316435.5
8019at6231	III	I	1796531.5	III	8507081.5
8021at6231	III	III	6714074.5	III	4953300.0
8025at6231	II	II	6777635.0	II	9348393.0
8033at6231	V	V	11802686.5	V	5625627.5
8037at6231	IV	IV	13440706.5	III	18076175.0
8040at6231	I	I	10358212.0	I	7998023.5
8044at6231	X	X	4839780.0	X	12701431.0
8052at6231	III	III	5952027.0	III	10714577.0
8055at6231	I	I	12215225.0	I	8911220.5
8058at6231	I	SCAFFOLD_676	4735.5	I	17396621.5
8060at6231	III	III	11059318.5	III	11060482.0
8061at6231	I	I	5477694.5	I	392250.0
8063at6231	III	III	5575642.0	III	9130647.0
8068at6231	II	II	14194338.5	II	4857062.5
8072at6231	II	II	6929410.0	II	1785462.0
8073at6231	IV	IV	5561102.5	IV	9428155.0
8081at6231	II	II	8684151.0	II	7817847.5
8086at6231	X	X	15213909.0	X	18034787.5
8088at6231	I	I	3334762.0	I	8461494.0
8090at6231	X	X	4677823.0	X	16031123.0
8093at6231	II	II	7671272.0	II	683855.0
8094at6231	I	I	2672532.5	I	12040554.0
8110at6231	V	SCAFFOLD_646	1480.0	V	10645802.5
8117at6231	V	V	17389062.5	V	6396417.0
8124at6231	II	II	3055208.0	II	14769078.0
8130at6231	III	III	6259278.0	III	18460230.0
8134at6231	III	III	16092237.5	III	6572125.0
8139at6231	II	II	14188374.5	II	3021176.0
8155at6231	I	III	10640183.0	III	13200564.0
8156at6231	IV	IV	12538146.5	IV	7887791.0
8164at6231	I	I	1340370.0	I	13073870.0
8183at6231	V	V	13069704.5	V	1790603.0
8184at6231	III	III	11936518.5	III	12034769.0
8187at6231	IV	IV	10368540.5	IV	7693644.5
8190at6231	II	II	13384595.5	II	11834734.0
8195at6231	I	I	11560566.0	I	15850277.0
8215at6231	V	V	6075346.5	V	6289199.0
8225at6231	I	I	13490072.5	I	7456636.0
8228at6231	III	III	4409507.5	III	8583137.5
8231at6231	I	I	9635899.5	I	15887619.5
8238at6231	V	V	11429913.5	V	13256883.0
8242at6231	III	III	11929400.5	III	6662723.5
8246at6231	III	III	10891182.0	III	12251705.0
8249at6231	III	III	68016.5	III	11781016.5
8250at6231	IV	IV	1665264.5	IV	12764653.5
8258at6231	V	V	1971364.5	V	10611226.0
8273at6231	III	III	15705486.0	III	14002971.0
8275at6231	IV	IV	4539244.5	IV	12509318.5
8283at6231	I	I	15797245.5	I	14719117.5
8295at6231	II	II	6745270.5	II	9337969.0
8300at6231	IV	IV	6871815.5	IV	3714640.0
8304at6231	X	X	15029001.5	X	17746319.0
8309at6231	II	II	9598455.5	V	1321818.0
8312at6231	II	II	4197636.5	II	18282712.5
8314at6231	III	III	7044123.5	III	8448794.5
8316at6231	IV	IV	6986996.0	IV	10369196.0
8326at6231	X	X	7613207.5	V	3073845.5
8329at6231	I	I	5949961.5	I	7543424.5
8337at6231	III	III	7108361.0	III	8532881.5
8340at6231	IV	IV_unlock_3	48556.0	IV	236518.5
8342at6231	I	I	8095120.5	I	12648800.0
8344at6231	IV	IV	13825310.5	IV	17138071.5
8348at6231	II	SCAFFOLD_457	2972.5	II	6182071.5
8363at6231	II	II	9933521.5	II	11504240.0
8377at6231	X	X	11280427.5	X	2400030.0
8383at6231	IV	IV	10549782.0	IV	17875614.5
8392at6231	I	I	6267705.0	I	16968040.0
8395at6231	III	III	15447826.5	III	10767796.0
8408at6231	IV	IV	10275444.5	IV	12920497.0
8417at6231	I	I	6083849.5	I	7854324.0
8433at6231	II	II	4932283.0	II	3316743.0
8446at6231	I	II	13527599.5	I	13618526.0
8447at6231	III	III	2157580.5	V	12422222.5
8448at6231	I	I	3605666.0	I	17785661.0
8450at6231	IV	IV	7547682.0	IV	10677871.5
8452at6231	IV	IV	8626919.5	IV	10771793.5
8453at6231	IV	IV	12531997.0	IV	7895711.5
8457at6231	III	III	11443485.5	III	12199779.0
8471at6231	III	III	3466591.5	III	11011725.5
8473at6231	II	II	10066750.0	II	10052953.0
8476at6231	unassigned	III	14358668.0	III	15859938.5
8478at6231	V	V	17465692.0	V	5398812.5
8480at6231	I	I	9670533.0	I	3859587.0
8482at6231	I	I	14476221.0	I	8883202.5
8486at6231	II	II	13589671.5	II	241131.0
8492at6231	II	II	14336433.5	II	9615860.0
8494at6231	X	X	8677112.0	X	8818328.5
8502at6231	II	II	8770294.0	II	2299294.5
8506at6231	I	I	12385527.5	I	17578538.0
8508at6231	X	X	10263499.0	X	6326186.0
8511at6231	IV	IV	14930260.0	IV	8570034.0
8517at6231	III	III	770732.5	III	9324278.0
8518at6231	IV	V	15335410.0	V	5771170.0
8519at6231	III	III	5114377.0	III	9448828.0
8522at6231	III	III	8978134.0	III	11375034.0
8545at6231	IV	IV	9918788.5	IV	8007161.5
8552at6231	V	V	9418567.5	V	8787726.0
8561at6231	V	V	756132.5	V	7751318.0
8565at6231	X	X	18083112.5	X	17958825.5
8569at6231	X	X	4137517.5	X	16334958.0
8577at6231	V	V	2623494.5	V	804890.0
8579at6231	III	III	7188105.0	III	6336539.0
8588at6231	IV	IV	2837015.0	IV	12097466.5
8602at6231	V	V	7159222.0	V	9322590.0
8603at6231	I	I	6618517.0	I	16877317.0
8604at6231	V	V	17302172.0	V	6326510.0
8615at6231	II	II	8239690.5	II	4517548.0
8619at6231	IV	IV	12716613.0	IV	7860297.5
8625at6231	I	I	9079300.5	I	10101652.5
8643at6231	V	V	12527530.0	V	9943885.0
8647at6231	I	I	11416920.5	I	17083879.0
8664at6231	X	X	16944474.5	X	14686072.5
8669at6231	III	III	10475989.5	III	11128741.0
8675at6231	X	IV	13943930.0	IV	17068599.0
8676at6231	X	X	15996230.5	X	15451778.0
8687at6231	II	II	8879825.5	II	454290.5
8691at6231	I	I	9388397.0	I	9077512.0
8692at6231	I	I	7678529.5	I	6529795.5
8700at6231	I	I	14006440.5	I	13768841.0
8712at6231	I	I	11567364.0	I	13721512.0
8714at6231	III	III	5260546.5	III	13870368.5
8732at6231	I	I	5914593.0	IV	3227702.0
8737at6231	V	V	14685243.5	V	13646615.5
8739at6231	II	II	17185110.5	II	6786714.5
8742at6231	III	III	13410456.5	III	8132782.0
8746at6231	V	V	12638300.5	V	18613759.5
8750at6231	IV	IV	12379823.5	IV	16502239.0
8755at6231	II	SCAFFOLD_366	7243.0	II	6711614.0
8767at6231	IV	IV	1590572.0	IV	10328162.5
8776at6231	I	I	8907467.5	I	13558760.0
8780at6231	III	I	5650783.0	I	11105003.0
8781at6231	II	II	7958787.0	II	5504860.5
8794at6231	I	I	14518848.0	I	13432818.5
8796at6231	IV	IV	4394177.0	IV	17297482.0
8810at6231	IV	IV	9048956.0	IV	9453809.5
8817at6231	III	III	877892.5	III	8895010.0
8827at6231	IV	IV	9245765.0	IV	13761014.0
8834at6231	I	I	8125720.0	I	7745470.5
8837at6231	I	I	1218465.5	I	10395857.5
8842at6231	III	III	12519442.0	III	14060916.5
8850at6231	III	III	8310221.5	III	16717720.5
8856at6231	V	V	4293847.0	V	6586996.0
8862at6231	I	I	472739.0	I	13321433.0
8878at6231	III	III	11681567.5	III	9138929.0
8879at6231	V	V	14348880.0	V	9214452.5
8888at6231	V	V	6861283.0	V	412472.5
8902at6231	I	I	8000354.0	I	13544016.0
8911at6231	IV	IV	9888890.0	IV	9828853.5
8914at6231	I	I	1443320.5	I	11330946.5
8917at6231	I	I	5021872.0	I	13661702.5
8918at6231	IV	IV	10485684.0	IV	9914322.5
8926at6231	II	II	14053316.0	II	4552265.5
8934at6231	III	III	3313135.0	III	10984569.5
8949at6231	I	I	1810971.5	I	13203893.5
8969at6231	II	II	9632595.0	II	16079806.0
8983at6231	II	II	8285758.0	II	6568472.5
8994at6231	IV	IV	15688876.5	IV	6288793.0
9014at6231	I	I	8643198.0	I	15669582.0
9040at6231	V	V	12144213.5	V	6795587.5
9041at6231	III	III	12402387.0	III	9420020.0
9048at6231	II	II	5071539.5	II	10488155.5
9049at6231	III	III	485312.0	III	9404727.0
9051at6231	III	IV	13925906.0	IV	17083051.5
9055at6231	X	X	5016030.5	X	9541205.5
9059at6231	X	X	3860431.5	X	15871702.5
9066at6231	III	III	14383410.5	III	10738572.0
9072at6231	IV	IV_unlock_3	39361.5	IV	1363936.5
9077at6231	X	III	10614036.0	III	13221266.0
9081at6231	I	I	15647231.5	I	6946376.0
9082at6231	II	II	14505820.5	II	11119900.0
9092at6231	I	I	13077674.0	I	15828210.5
9097at6231	II	II	15397901.5	II	7912444.5
9098at6231	III	III	15664940.0	III	10947352.0
9099at6231	V	II	6008961.0	V	8448399.5
9150at6231	III	III	12134712.5	III	1386144.5
9164at6231	III	III	1391904.5	III	9840413.5
9166at6231	III	III	10236762.0	III	11333041.0
9186at6231	X	X	9411024.0	X	7096143.0
9187at6231	IV	IV	13556212.0	IV	16865896.0
9192at6231	X	X	9105407.5	X	8317849.5
9200at6231	IV	IV	15670297.5	IV	609860.0
9206at6231	I	I	5776482.0	I	677925.0
9208at6231	X	X	15136780.5	X	14230985.5
9213at6231	III	III	16097107.5	III	18908873.5
9221at6231	IV	IV_unlock_3	35369.5	IV	1347257.5
9229at6231	I	I	11819767.0	I	17564938.5
9236at6231	III	III	10379064.5	III	11452746.5
9243at6231	III	III	13554003.0	III	18075918.5
9244at6231	III	III	2492154.5	III	3059068.5
9253at6231	III	III	11833837.0	III	6580325.5
9260at6231	I	I	4754914.0	I	12236992.0
9262at6231	unassigned	I	8981106.5	I	10002847.0
9270at6231	V	V	12591739.0	IV	138146.5
9275at6231	IV	IV	7550740.5	IV	10674722.5
9278at6231	IV	IV	9371072.0	IV	2973109.0
9279at6231	IV	IV	9914898.0	IV	8003486.5
9299at6231	V	V	2673119.5	V	9302930.5
9300at6231	V	V	4513080.5	V	12978336.5
9313at6231	V	V	4968780.0	V	6744397.0
9321at6231	II	II	652589.5	II	8973710.5
9327at6231	X	X	4362896.5	X	16143387.5
9328at6231	V	V	10921706.5	V	10796792.5
9329at6231	III	III	2737497.0	III	9596604.5
9332at6231	III	III	5144430.5	III	16914609.5
9333at6231	I	I	6134875.5	I	12892882.5
9343at6231	I	I	2959390.5	I	15221626.5
9344at6231	II	II	7138922.0	II	12863445.5
9367at6231	I	I	7858874.0	I	15616082.5
9370at6231	V	V	16650891.0	V	9734100.5
9387at6231	II	II	2691215.5	II	1287700.5
9390at6231	X	X	9119570.5	X	8338219.0
9403at6231	III	III	5124557.0	III	8133731.0
9425at6231	II	II	11719189.5	II	4055305.5
9436at6231	IV	IV	12781631.5	IV	7494805.5
9440at6231	I	I	10500710.0	I	17232603.5
9441at6231	III	III	13774805.5	III	7214131.0
9443at6231	III	III	13576343.5	III	287318.0
9448at6231	X	X	7719068.5	X	3499200.5
9451at6231	III	IV	9963991.5	III	7803291.0
9453at6231	III	IV	5548950.5	IV	7443446.5
9458at6231	III	III	5004445.0	III	12431751.5
9466at6231	IV	IV	5096769.0	IV	8101328.5
9467at6231	X	X	2726226.5	X	355038.5
9486at6231	V	V	3086554.0	V	18378234.0
9491at6231	unassigned	I	11010874.0	I	12324390.0
9494at6231	I	I	9861143.5	I	15520458.5
9499at6231	V	V	12766620.0	V	6816215.0
9500at6231	V	V	14862545.0	V	12419624.5
9504at6231	III	III	13005442.0	III	15872518.0
9512at6231	III	III	10102580.0	III	12578065.5
9515at6231	III	III	2951014.5	III	1108637.0
9516at6231	II	II	8682269.5	II	7814593.5
9526at6231	I	I	3714191.5	I	1305063.0
9532at6231	I	I	4317076.0	I	8525008.5
9534at6231	III	III	11625921.5	III	6029638.0
9541at6231	IV	IV	3693808.0	IV	4960772.0
9547at6231	V	V	1773323.0	V	16276527.0
9548at6231	III	III	15544684.5	III	10089968.5
9557at6231	IV	IV	8006002.5	IV	14125135.5
9559at6231	I	I	5703223.0	I	17288114.0
9563at6231	III	III	8694005.5	III	13283086.0
9564at6231	I	I	13306797.5	I	14682747.0
9574at6231	III	III	15137484.0	III	16816411.5
9579at6231	II	II	14605721.5	II	10256226.0
9582at6231	II	II	14472163.5	II	7946482.0
9588at6231	X	II	5765574.5	II	17358546.0
9614at6231	V	V	11801590.0	V	5628122.0
9615at6231	I	I	5954681.0	I	7393742.0
9618at6231	unassigned	III	5233442.5	III	7770823.0
9630at6231	I	I	7111590.0	I	9812977.0
9632at6231	II	V	17106663.0	II	5328945.5
9639at6231	I	I	7646523.5	I	4315523.5
9649at6231	III	III	1020362.0	III	8901675.0
9657at6231	II	II	13295867.0	II	9422344.0
9662at6231	V	V	12181378.0	V	7087658.5
9669at6231	IV	IV	15233980.0	IV	9694938.0
9671at6231	V	V	9264471.0	V	9428840.0
9672at6231	IV	IV	11444344.5	IV	5919344.5
9676at6231	I	I	10341565.0	I	7995724.0
9677at6231	II	II	5278264.5	II	82892.0
9681at6231	I	I	15296318.0	I	13906422.5
9693at6231	III	III	16120068.5	III	18936510.5
9714at6231	I	I	14944915.5	I	11021393.0
9719at6231	I	I	4615451.5	I	18023680.5
9736at6231	II	II	6082661.0	II	10006633.5
9739at6231	V	V	2875559.5	V	14805457.5
9748at6231	III	III	12138153.0	III	1380613.5
9774at6231	V	V	3524598.0	V	10324530.0
9785at6231	I	I	15312559.5	I	13464178.0
9788at6231	II	I	8744576.5	I	2431012.5
9792at6231	X	III	3413827.0	III	7563478.0
9802at6231	IV	IV	15674077.5	IV	607536.0
9828at6231	IV	IV	11265810.0	IV	17820169.0
9840at6231	X	X	7400094.5	X	15055277.5
9847at6231	III	III	1937332.0	III	8725252.5
9898at6231	III	III	9920213.0	III	12410897.0
9899at6231	II	II	5457462.5	II	11198071.5
9903at6231	IV	IV	15697985.0	IV	9856835.5
9915at6231	II	II	829533.5	II	8394035.5
9922at6231	III	III	6362602.5	III	18116018.5
9936at6231	IV	IV	215987.0	IV	17266977.5
9937at6231	IV	IV	5100562.0	IV	8100135.0
9938at6231	II	II	9170584.0	II	9796414.0
9940at6231	X	X	4409433.0	X	16419331.5
9959at6231	V	V	7719418.5	V	12559478.5
9967at6231	III	III	14156958.5	III	7445308.5
9976at6231	I	I	7171442.5	I	13416317.0
9986at6231	III	III	6275435.0	III	6795115.5
9998at6231	II	II	527275.5	II	18326359.5
9999at6231	III	III	12136500.5	III	1383152.0
10010at6231	II	II	9780799.0	II	16945509.0
10018at6231	I	I	9992547.5	I	5896739.5
10032at6231	II	II	11546396.0	II	10370103.5
10044at6231	I	I	11568434.0	I	13724148.0
10045at6231	IV	IV	5869042.5	IV	7676166.0
10068at6231	V	V	8791792.5	V	12195182.5
10076at6231	II	II	7673869.5	II	678725.5
10099at6231	II	III	4535637.5	II	7294639.5
10121at6231	I	I	12861364.5	I	2905066.5
10127at6231	I	I	8117530.0	I	7728750.5
10128at6231	IV	IV	12598963.0	IV	10178085.0
10177at6231	X	X	4321973.0	X	16206135.5
10185at6231	V	II	10486580.5	V	18428619.0
10190at6231	II	II	12768353.5	II	4918741.0
10196at6231	III	I	2032731.0	IV	16953563.0
10222at6231	I	I	11073720.0	I	11478933.0
10233at6231	II	II	10910247.5	II	7369351.5
10237at6231	IV	IV	8782557.0	I	4849228.0
10251at6231	I	I	5538861.0	I	3469400.5
10260at6231	IV	IV	5868089.0	IV	7674951.0
10271at6231	I	I	3346127.0	I	3653484.0
10273at6231	IV	IV	16002099.0	IV	1257522.0
10313at6231	II	II	9139176.0	II	9666428.5
10321at6231	III	III	5002227.5	III	12432680.5
10340at6231	X	X	4704477.5	X	16056699.0
10350at6231	IV	IV	282102.0	IV	9021167.5
10353at6231	I	I	3446654.0	I	13096708.5
10354at6231	II	II	15018978.5	II	9521470.5
10356at6231	IV	IV	12595633.5	IV	10170858.5
10373at6231	IV	IV	1692462.0	IV	8324930.5
10379at6231	III	II	2018182.5	II	7217695.5
10388at6231	III	III	10465953.0	III	9971325.5
10389at6231	V	V	6239698.5	V	6134587.5
10441at6231	I	I	14511413.5	I	13442607.5
10448at6231	II	II	7183003.5	II	17032588.5
10449at6231	II	II	12208292.5	II	9533001.0
10450at6231	III	III	7689690.5	I	7227200.5
10461at6231	II	II	2177668.5	II	10603145.5
10464at6231	unassigned	III	9369316.5	III	11430144.5
10473at6231	IV	V	1772099.5	III	475373.5
10513at6231	I	I	11014639.5	I	12332353.0
10522at6231	III	III	3837536.5	III	3026233.5
10534at6231	I	I	10884033.0	I	15990722.0
10541at6231	III	III	8421043.0	III	10332252.0
10545at6231	III	III	880228.0	III	8891209.0
10555at6231	I	I	6393475.0	I	5678860.5
10562at6231	III	III	14190897.5	III	10918041.5
10575at6231	I	I	8097893.0	I	12645765.0
10584at6231	unassigned	III	8632015.5	III	16861846.5
10610at6231	III	III	13574649.5	III	288222.5
10615at6231	I	I	4583060.0	I	17985933.0
10627at6231	IV	I	2018774.0	IV	1358968.5
10631at6231	I	I	12552163.5	I	11835047.0
10655at6231	unassigned	I	3404473.5	I	12131048.0
10678at6231	II	I	9787244.0	X	9625169.0
10679at6231	V	V	6996629.0	V	17864273.0
10698at6231	III	III	1076876.5	III	10145221.0
10709at6231	V	V	2248097.5	V	17438032.0
10717at6231	II	II	5998182.0	II	18520286.5
10732at6231	V	V	4480878.0	V	12921697.5
10735at6231	III	III	11726201.5	III	10295259.0
10750at6231	II	II	15716034.0	II	3986980.5
10755at6231	II	III	12085227.5	III	13122999.0
10769at6231	IV	IV	6797953.0	IV	4779359.5
10777at6231	V	V	2739081.5	V	7983037.0
10791at6231	I	I	4686402.5	I	14230514.0
10794at6231	IV	IV	8248819.5	IV	18087625.0
10803at6231	III	III	6897785.5	III	276203.0
10822at6231	X	X	3549700.0	X	12015523.0
10853at6231	III	III	5505770.0	III	9099376.0
10864at6231	III	III	11920463.0	III	6652467.5
10898at6231	I	I	3759438.0	I	14439937.5
10907at6231	I	I	7009928.0	I	16897640.0
10928at6231	I	I	2161513.0	I	5069020.5
10935at6231	III	III	7813532.5	III	10188144.0
10953at6231	I	I	7295021.0	I	11734312.0
10979at6231	X	X	679995.5	X	8702712.5
11021at6231	V	V	11991771.5	V	15166710.0
11046at6231	I	I	5120304.0	I	6674288.0
11066at6231	I	I	5273460.0	I	7003540.5
11082at6231	III	III	11107115.0	III	16338683.5
11111at6231	III	III	14937327.5	III	10437620.0
11115at6231	V	IV_unlock_3	49115.5	IV	283351.5
11124at6231	IV	IV	8812919.5	IV	10299092.0
11126at6231	III	III	4425506.5	III	7922483.0
11127at6231	IV	IV	6813725.0	IV	12973867.0
11187at6231	V	V	4853777.5	V	10411500.5
11192at6231	III	III	4529072.0	III	10256212.0
11194at6231	I	I	11831183.5	I	1275813.0
11201at6231	II	X	1746355.5	II	14318845.5
11267at6231	V	V	7391697.0	V	17124256.0
11289at6231	X	X	15223892.5	X	18043081.5
11295at6231	I	I	14050209.0	I	10753252.5
11314at6231	III	III	3818193.5	III	13402798.5
11367at6231	X	X	4182474.0	X	16345332.5
11372at6231	I	I	6386393.0	I	10042454.0
11412at6231	II	II	9302688.5	II	8466701.0
