0at6231	IV	IV	5396291.5	IV	18485260.5
4at6231	I	II	10505620.5	IV	7156227.0
6at6231	V	V	1670631.0	V	697845.5
7at6231	III	III	15345876.0	III	10453562.0
9at6231	III	III	15631804.0	III	6361079.5
18at6231	I	I	3945509.5	I	9724521.0
19at6231	V	V	11962527.0	V	11885833.0
20at6231	II	II	6031284.0	II	7150570.0
21at6231	V	V	6120039.5	V	8000109.0
22at6231	I	I	4935897.0	I	174570.0
23at6231	III	III	10814806.0	III	5633226.5
25at6231	X	X	13969397.0	X	8561662.5
28at6231	III	III	16021002.0	III	8308132.5
29at6231	V	IV	14825252.0	IV	8601569.0
32at6231	X	X	4064428.0	X	7782796.0
35at6231	V	V	7528159.0	V	17239253.0
39at6231	X	X	14756245.0	X	7944913.0
40at6231	V	V	14304315.5	V	9980464.0
43at6231	I	I	2692942.5	I	8936698.5
45at6231	III	III	5698340.0	III	9889877.5
48at6231	I	I	8401120.0	I	6527823.0
49at6231	X	X	13707218.0	X	12493533.0
55at6231	III	III	12323117.0	III	10485347.5
60at6231	IV	IV	8250581.5	IV	5854012.5
63at6231	IV	IV	9312342.0	IV	10450468.0
67at6231	X	X	983560.0	X	11670271.5
68at6231	I	I	9151469.5	I	10622106.5
72at6231	III	III	14619060.5	III	7843889.5
74at6231	I	I	3459430.0	I	3158261.5
76at6231	I	I	2844113.0	I	5292105.5
86at6231	X	X	9514101.0	X	11368778.5
90at6231	IV	IV	8293431.5	IV	5758723.5
91at6231	IV	IV	12794612.0	IV	3113807.5
96at6231	IV	IV	10403654.0	IV	9677814.5
97at6231	V	V	15389580.0	V	9025253.0
101at6231	X	X	3095967.0	X	2318474.0
112at6231	X	X	11514503.0	X	12995649.0
117at6231	I	I	2482045.0	I	5538462.5
119at6231	unassigned	I	15427349.5	I	1427302.0
125at6231	V	V	15545749.5	V	6651371.5
127at6231	X	X	595051.5	X	7768182.5
131at6231	II	II	228780.5	II	13537565.0
132at6231	III	III	9343550.0	III	6632997.5
137at6231	III	III	13565965.0	III	3456228.5
139at6231	X	X	15770108.0	X	10658454.5
144at6231	IV	IV	4751093.5	IV	11851458.5
146at6231	II	II	4030510.0	II	8790364.5
147at6231	X	X	8979769.5	X	14956892.5
149at6231	II	II	1916894.0	II	10658543.5
151at6231	III	III	12923897.0	III	8655301.0
152at6231	II	II	10799062.0	II	8498648.0
161at6231	II	II	7680043.0	II	12578818.5
165at6231	X	X	16290263.0	X	459029.0
166at6231	III	III	3884695.0	III	16752791.0
172at6231	IV	IV	9930351.0	IV	7129895.0
174at6231	III	III	2469611.5	III	7237431.0
175at6231	I	I	15078020.0	I	17579193.5
183at6231	III	III	6060782.5	III	7288816.0
184at6231	II	II	2625353.5	II	8440820.0
185at6231	III	III	3227175.5	III	5480432.5
189at6231	X	X	18195547.5	X	16746419.5
190at6231	II	II	4242539.5	II	18317208.0
194at6231	IV	IV	9476631.0	IV	10742770.5
196at6231	III	III	15465990.5	III	8362047.5
197at6231	II	II	9156014.0	II	10124372.0
198at6231	II	II	13564865.0	II	440652.0
201at6231	II	II	8181387.5	II	513088.5
204at6231	I	I	7797293.5	I	3176322.0
210at6231	III	III	14313770.5	III	8556517.0
211at6231	III	III	14905662.5	III	9520257.5
216at6231	I	I	10595019.5	I	9205080.5
217at6231	V	V	9077601.5	V	3215771.5
219at6231	II	II	16421480.5	II	12393028.0
223at6231	III	III	6418098.0	III	6913429.5
225at6231	II	II	17073123.5	II	13767732.5
229at6231	I	I	5524330.5	I	9791446.5
232at6231	X	X	15005338.5	X	8504125.0
233at6231	IV	IV	1051172.0	IV	11810563.0
238at6231	I	I	394383.5	I	929171.0
241at6231	I	I	6288213.5	I	6390435.5
243at6231	IV	IV	5038949.5	IV	11225447.0
252at6231	X	X	13231093.0	X	4034923.0
255at6231	III	III	11494036.0	III	7013580.0
256at6231	II	II	11390734.0	II	13224015.5
257at6231	V	V	9111571.5	V	4212523.0
265at6231	III	III	14592220.5	III	647422.5
267at6231	III	III	15044201.0	III	6748831.0
270at6231	V	V	12428109.0	V	3055647.5
271at6231	III	III	4470438.5	III	19040704.5
277at6231	II	V	1758391.0	V	5262173.0
279at6231	III	III	9744791.5	III	7900549.5
286at6231	V	V	15695655.5	V	9627462.5
287at6231	V	V	2379236.5	V	15707744.5
288at6231	I	I	8415319.5	I	6273407.5
293at6231	III	III	5244833.0	III	6858758.5
294at6231	I	I	14282611.5	I	6791505.0
299at6231	III	III	3586180.5	III	19833768.0
300at6231	III	III	5770557.0	III	2054074.0
301at6231	IV	IV	5781164.5	IV	8805537.5
302at6231	II	II	17179491.0	II	13453926.0
318at6231	I	I	11502385.5	I	10058064.0
319at6231	II	II	7213493.0	II	20989518.5
322at6231	X	X	10638638.5	X	13901529.0
323at6231	IV	IV	4387160.0	IV	6587741.0
327at6231	unassigned	I	3024004.0	I	5845403.0
344at6231	V	IV	10203227.5	IV	14519364.5
345at6231	III	III	11033194.5	III	7120500.0
346at6231	I	I	3119002.0	I	7107976.5
348at6231	IV	IV	11079345.5	IV	5711774.0
350at6231	IV	IV	2652506.5	IV	18394347.0
364at6231	IV	IV	15684424.0	IV	16894575.5
366at6231	I	I	11057471.5	I	7045657.0
369at6231	IV	IV	6540714.5	IV	8873452.0
373at6231	III	III	7098982.0	III	10690038.0
375at6231	X	X	10896470.5	X	13421217.5
378at6231	I	I	8477333.5	I	11665560.0
382at6231	II	II	2647362.0	II	8432284.0
384at6231	II	II	9405194.5	II	11410782.5
390at6231	II	II	16821961.0	II	8627164.0
394at6231	X	X	10525493.0	X	14051542.0
401at6231	V	V	6937442.0	V	7267555.5
402at6231	X	X	7510211.5	X	9134099.0
405at6231	II	II	4729028.5	II	14611415.0
411at6231	I	I	8432047.0	I	3063984.5
416at6231	V	V	13580121.5	V	8257377.5
420at6231	unassigned	V	12419135.5	V	16126098.0
421at6231	X	X	2868730.5	X	9199421.5
422at6231	I	I	13592217.0	I	4577063.0
423at6231	III	III	14867719.0	III	4112517.5
425at6231	IV	IV	7861958.5	IV	2466330.5
428at6231	III	III	424236.5	III	7560696.0
430at6231	I	I	7270078.5	I	6804972.0
432at6231	X	X	5074700.5	X	697363.5
435at6231	III	III	14750039.5	III	720818.0
436at6231	X	X	904159.5	X	4496546.5
438at6231	X	X	10380134.0	X	14607033.5
439at6231	X	X	10713925.0	X	14123686.5
450at6231	II	II	11314226.0	II	13170897.0
451at6231	III	III	11515540.0	III	6546076.5
452at6231	IV	IV	7255067.5	IV	12552510.5
454at6231	V	V	11770956.0	V	19909653.0
459at6231	IV	IV	3015055.5	IV	9220484.5
461at6231	III	III	9363270.0	III	7057133.5
462at6231	I	I	11003426.5	I	8664119.5
473at6231	V	V	10959846.5	V	19072728.5
479at6231	III	III	8944428.0	III	19549747.0
482at6231	V	V	12278579.0	V	13521402.5
484at6231	I	I	8271206.5	I	12854464.5
487at6231	V	V	6095584.0	V	7291033.5
488at6231	I	I	15756095.0	I	8570680.0
489at6231	I	I	7377990.5	I	10155861.5
490at6231	V	V	7389378.5	V	7887133.0
493at6231	X	X	10233445.0	X	12889779.5
494at6231	II	II	1214810.0	II	15398080.0
501at6231	II	II	14432521.0	II	11326469.0
503at6231	I	I	13146108.0	I	11828765.0
509at6231	I	I	1576556.0	I	2245448.0
514at6231	II	IV	3187632.5	IV	14501383.5
516at6231	III	X	1571596.5	X	2277754.5
518at6231	III	III	8197371.0	III	9982786.5
522at6231	I	I	6804480.5	I	3281575.5
523at6231	I	I	7742774.5	I	7255156.5
527at6231	III	III	6728404.5	III	18482471.0
529at6231	III	III	7024558.0	III	3784316.5
531at6231	I	I	15894891.0	I	5408775.5
532at6231	I	I	529874.5	I	6120652.5
534at6231	II	II	5829839.0	II	11663395.0
536at6231	II	II	975817.5	II	11375588.0
537at6231	II	II	7512726.0	II	7325919.5
539at6231	V	V	12080054.5	V	8868490.5
543at6231	I	I	14302213.5	I	2599492.5
544at6231	V	V	16952247.5	V	6252374.5
545at6231	X	X	13952008.0	X	8546774.0
546at6231	IV	IV	8112395.0	IV	8450781.0
548at6231	II	I	6023431.5	I	17320962.5
551at6231	II	II	6711973.0	II	11431543.0
559at6231	III	I	6212414.5	III	8197717.0
568at6231	X	X	5209333.5	X	867644.5
569at6231	V	V	16672957.5	V	9003059.0
570at6231	IV	IV	9260686.0	IV	12583246.5
572at6231	II	II	10836255.0	II	12010030.5
575at6231	X	X	10330908.5	X	14581967.5
581at6231	I	I	3275595.5	I	6311507.0
585at6231	II	II	4844696.0	II	11984712.5
593at6231	II	II	11498514.0	II	2655282.5
594at6231	I	I	7681772.0	I	15133049.0
597at6231	III	II	1247431.5	III	8212184.5
600at6231	X	X	14143478.0	X	8715124.0
603at6231	III	III	9682114.0	III	10326812.5
604at6231	II	II	513899.0	II	10799843.0
605at6231	III	III	15824789.0	III	2413989.0
606at6231	V	V	8783291.0	V	8842566.5
612at6231	IV	IV	2644293.0	IV	17511283.0
613at6231	I	I	5443060.5	I	3928006.5
620at6231	III	III	8552345.5	III	2730660.5
625at6231	X	X	5990801.0	X	4756011.0
627at6231	II	II	5795731.0	II	4818100.0
629at6231	III	III	8222366.0	III	5844296.5
631at6231	I	I	7031792.5	I	3553992.0
632at6231	III	III	11153641.5	III	453599.0
634at6231	IV	IV	11882792.5	IV	246786.5
635at6231	IV	IV	15828213.0	IV	210122.5
638at6231	IV	IV	11345374.0	IV	7646145.5
639at6231	III	III	9982991.5	III	2561042.5
641at6231	IV	IV	5832788.5	IV	11037408.0
642at6231	V	V	14745266.5	V	12409687.5
644at6231	I	I	7094125.5	I	6591315.0
645at6231	II	II	13787823.5	II	7862203.5
646at6231	I	I	1607596.0	I	5054607.0
650at6231	II	II	14237571.5	II	10720939.0
655at6231	II	II	5431738.5	II	9624820.5
657at6231	II	II	6411371.5	II	5668543.0
659at6231	IV	IV	1676947.5	IV	9173023.0
665at6231	I	I	12242488.0	I	7085789.0
670at6231	I	I	7846699.5	I	17921122.5
675at6231	I	I	11332619.5	I	10253994.5
687at6231	III	III	16122503.0	III	914691.5
693at6231	III	III	14979508.5	III	9529152.5
700at6231	III	III	13460797.0	III	4045123.5
701at6231	V	V	17908962.5	V	8114082.5
702at6231	II	II	2545183.5	II	8459484.0
704at6231	II	II	5688030.5	II	17917209.5
708at6231	V	V	5729655.5	V	9779527.5
712at6231	II	I	5086396.5	I	5093135.0
716at6231	III	III	6445719.5	III	9005781.0
718at6231	X	X	570612.5	X	7728852.0
722at6231	III	III	9165990.0	III	6463824.0
724at6231	III	III	8123766.5	III	3086131.5
725at6231	II	II	7371317.0	II	7221642.5
726at6231	III	III	10116660.0	III	6645195.5
728at6231	IV	IV	6977492.0	IV	8775828.5
734at6231	III	III	11571926.5	III	9431188.0
735at6231	X	X	9004081.0	X	14905727.0
736at6231	II	II	11245769.5	II	2054391.5
740at6231	I	IV	5792528.0	IV	9424427.5
741at6231	I	III	12294110.0	III	9750578.0
743at6231	V	V	632796.0	V	1185432.0
746at6231	II	II	12053922.0	II	11555918.5
753at6231	II	II	7006383.5	II	18913812.5
754at6231	II	II	11015994.0	II	10683147.5
759at6231	IV	IV	6136835.0	IV	10327022.5
762at6231	X	X	17881485.5	X	17188386.0
764at6231	X	X	5634766.5	X	6825882.5
765at6231	II	II	12314306.5	II	13497710.0
772at6231	II	II	13253133.0	II	7505922.0
774at6231	III	IV	12184579.0	III	12539482.0
777at6231	I	I	9083614.5	I	531786.5
780at6231	II	II	4191199.5	II	20425304.5
781at6231	X	X	1391099.5	X	4873222.5
782at6231	III	III	9174071.5	III	6471422.5
786at6231	IV	IV	9406399.5	IV	9940878.0
787at6231	V	III	13805980.0	V	10622667.5
788at6231	X	X	9456118.5	X	11293183.5
790at6231	X	X	3364975.0	X	270679.0
792at6231	III	III	11837650.5	III	19395194.5
794at6231	II	II	12336030.5	II	4342931.5
798at6231	I	I	6595793.0	I	3699295.0
800at6231	II	II	2465929.5	II	8481342.0
801at6231	X	X	4447793.0	X	7187409.0
802at6231	X	X	5792183.0	X	6988526.0
803at6231	III	SCAFFOLD_656	2700.5	III	10196351.5
810at6231	II	II	3455175.5	II	11910399.0
813at6231	II	II	13222693.5	II	13104951.0
814at6231	X	X	12111672.5	X	13970495.5
815at6231	III	III	1434801.0	III	11716833.5
817at6231	II	II	3734715.0	II	14264318.0
821at6231	III	III	16228369.0	III	5335550.5
825at6231	II	II	15877093.5	II	9102377.0
829at6231	III	III	9894343.0	III	5013351.5
837at6231	III	III	16313861.0	III	979328.5
838at6231	III	III	1091538.5	III	9273850.5
842at6231	III	III	12533845.5	III	8105007.5
844at6231	IV	IV	12884973.0	IV	6679128.0
849at6231	I	I	4275613.0	I	6166556.5
850at6231	V	V	15027499.0	V	8979799.5
851at6231	IV	IV	4568551.5	IV	6745060.0
853at6231	I	I	10726455.5	I	7832446.5
857at6231	V	V	5804697.0	V	1163695.5
860at6231	III	III	5159382.5	III	9039899.0
862at6231	II	II	2742145.5	II	12828803.0
868at6231	V	V	8328571.0	V	10796700.0
869at6231	III	III	10907023.0	III	8926820.5
872at6231	V	V	16164525.0	V	11218665.5
875at6231	IV	IV	5852735.5	IV	3860089.5
876at6231	X	X	8717799.5	X	16270386.0
879at6231	X	X	11956245.0	X	13568386.5
881at6231	I	I	4181155.0	I	9241383.0
885at6231	V	V	9102557.0	V	4203447.0
890at6231	V	V	4534578.5	V	5977159.0
899at6231	I	I	9091873.0	I	537627.0
900at6231	III	III	355430.0	III	9353170.0
903at6231	III	III	5910757.5	III	5119960.0
904at6231	X	X	1493247.0	X	3356755.0
908at6231	V	IV	8649282.5	V	6189520.0
912at6231	V	V	6400753.5	V	7000678.5
914at6231	unassigned	II	11632224.0	II	13053889.5
916at6231	I	I	15972657.5	I	5461979.0
917at6231	V	V	7658098.0	V	14377137.0
918at6231	I	I	1554992.0	I	2257724.5
920at6231	II	II	12308347.5	II	13501260.0
921at6231	IV	II	9558024.5	IV	11263211.0
922at6231	IV	IV	3952218.0	IV	1646060.5
925at6231	III	III	9321668.0	III	7480348.5
933at6231	V	V	6547822.5	V	11038837.5
934at6231	IV	IV	9490995.0	IV	20144933.0
937at6231	I	I	1195377.5	I	9405105.0
939at6231	II	II	5390291.5	II	12228935.5
943at6231	V	V	2798036.5	V	5471493.5
944at6231	IV	IV	5576300.0	IV	7442442.0
951at6231	III	III	15886980.0	III	8480461.0
952at6231	X	X	10695936.5	X	14095788.5
957at6231	II	II	10965569.5	II	12888269.5
958at6231	II	II	480333.5	II	10783156.5
960at6231	III	III	12505820.5	III	13081452.0
961at6231	X	X	4731517.0	X	8109581.5
962at6231	I	I	8026190.5	I	7402416.5
963at6231	III	III	10455717.0	III	6807175.0
969at6231	I	I	6758461.5	I	9491520.0
982at6231	V	V	6233586.5	V	3385983.5
984at6231	X	X	3336075.0	X	2468611.0
987at6231	III	III	616306.5	III	9067668.0
989at6231	II	II	15327353.5	II	10216420.0
993at6231	V	V	9711768.0	V	7937578.0
994at6231	X	X	9795618.0	X	10142614.5
995at6231	V	V	2040906.5	V	13012287.0
998at6231	X	X	7084741.5	X	9695805.0
1008at6231	II	II	7527439.5	II	7308496.5
1013at6231	X	III	11205382.5	X	7515897.5
1014at6231	V	V	5680867.0	V	8891121.0
1017at6231	III	III	2694603.5	III	5972707.5
1018at6231	III	III	2537198.0	III	11167858.5
1019at6231	IV	IV	14668014.5	IV	8136331.5
1022at6231	IV	IV	12374341.5	IV	6203182.0
1024at6231	II	II	3854529.0	II	11311637.5
1032at6231	III	III	14795287.0	III	19207497.5
1034at6231	III	III	10523318.0	III	7195285.5
1035at6231	II	II	5673370.5	II	20481172.5
1037at6231	IV	I	13289938.5	IV	14968460.0
1040at6231	II	II	8882587.0	II	12538014.5
1042at6231	X	X	4820540.0	X	3310102.5
1045at6231	I	I	9675376.5	I	6409047.5
1047at6231	III	III	14884654.0	III	4090396.0
1055at6231	III	III	11121549.0	III	488642.5
1056at6231	I	I	9241474.0	I	4785067.5
1057at6231	IV	IV	14552173.5	IV	10493581.5
1060at6231	III	III	13149420.5	III	10883837.5
1066at6231	X	X	4246458.0	X	7594104.5
1072at6231	IV	IV	3706622.5	IV	15242837.5
1073at6231	II	II	4098947.0	II	16844810.5
1075at6231	X	X	14048314.0	X	8605904.0
1078at6231	V	V	5900229.5	V	20797041.5
1082at6231	II	II	13531297.0	II	6943917.5
1087at6231	I	I	6098696.0	I	9179162.0
1088at6231	II	II	10926040.5	II	12859107.0
1093at6231	II	II	5304598.0	II	8524470.5
1099at6231	X	III	10629840.0	III	6524641.0
1101at6231	I	I	2180919.0	I	16285932.0
1104at6231	III	II	1758697.0	II	10609442.5
1109at6231	V	V	13766647.5	V	12841653.0
1112at6231	V	V	12130111.0	V	13628734.0
1113at6231	I	I	4463311.5	I	7554502.0
1115at6231	III	III	8902555.5	III	4937037.0
1121at6231	X	X	3511438.5	X	3173960.0
1122at6231	IV	IV	5451723.5	IV	1990057.5
1123at6231	X	X	9584050.0	X	14437096.0
1125at6231	V	V	14258158.0	V	9955500.0
1128at6231	V	V	6413979.0	V	6989867.5
1129at6231	IV	IV	15074419.0	IV	7414112.0
1131at6231	III	III	10148585.0	III	6693619.0
1134at6231	I	I	6179074.5	I	15313869.0
1136at6231	I	I	11393586.5	I	5416009.5
1140at6231	IV	IV	3041362.5	IV	7466071.5
1142at6231	I	I	14939913.0	I	7194371.0
1144at6231	III	III	9665423.5	III	10168129.5
1147at6231	I	I	11137281.0	I	7021471.0
1148at6231	III	III	13535025.0	III	1292892.5
1152at6231	III	III	585968.5	III	7530078.0
1155at6231	I	I	12468895.0	I	4277700.0
1156at6231	III	III	4911258.0	III	7642017.5
1158at6231	II	II	3502367.5	II	7174717.5
1159at6231	III	III	12079495.5	III	6477599.0
1160at6231	I	I	8381885.0	I	243267.5
1161at6231	I	II	5286973.5	II	10627008.0
1169at6231	III	III	5753357.5	III	9081900.0
1174at6231	I	I	6460379.0	I	12936324.5
1177at6231	III	III	13221372.5	III	7998359.0
1181at6231	X	X	3563640.5	X	6176970.0
1182at6231	X	X	4160336.0	X	7350727.5
1187at6231	V	V	12334106.0	V	899964.5
1193at6231	III	III	3487372.5	III	7370660.5
1196at6231	V	I	3052115.5	I	8809688.0
1199at6231	II	II	12027404.5	II	8381785.5
1200at6231	II	II	14167925.5	II	12129706.5
1202at6231	III	III	1807166.0	III	3763858.0
1205at6231	III	IV	10851880.0	IV	2261413.0
1207at6231	V	V	9392817.0	V	20933552.5
1211at6231	I	I	11237664.5	I	4068213.0
1219at6231	IV	IV	5018298.5	IV	11212279.0
1222at6231	X	X	7602871.5	X	285748.0
1223at6231	IV	IV	7076311.0	IV	5162621.0
1228at6231	V	V	645903.5	V	1193355.5
1230at6231	IV	III	6223848.5	IV	8975549.5
1233at6231	X	X	4978480.5	X	1778547.0
1235at6231	IV	IV	12344795.5	IV	7205386.0
1247at6231	II	II	7782388.0	II	6440050.5
1250at6231	V	V	3069824.5	V	7077360.5
1252at6231	I	I	11193638.5	I	17214563.5
1255at6231	III	III	12954057.0	III	830570.5
1262at6231	IV	IV	4072883.0	IV	17128436.0
1263at6231	I	I	10198905.0	I	3984582.0
1266at6231	IV	IV	812389.0	IV	495033.0
1270at6231	I	I	11998442.0	I	8831741.0
1272at6231	III	III	12464583.0	III	11303938.0
1273at6231	V	V	9182253.5	V	4058683.0
1275at6231	I	I	6072480.0	I	1874946.0
1278at6231	II	II	5347739.5	II	12257293.5
1279at6231	X	X	5045769.0	X	656575.5
1281at6231	III	III	16129618.0	III	14909748.5
1285at6231	X	X	7478374.5	X	9003385.5
1288at6231	I	I	939027.0	I	18484939.0
1289at6231	I	I	7146943.5	I	7758936.0
1295at6231	I	I	13548733.5	I	4569570.5
1301at6231	I	I	12205387.5	I	12378681.5
1304at6231	V	I	5142022.0	I	4026928.0
1314at6231	II	II	10559796.0	II	10499214.0
1316at6231	III	III	888676.0	III	12266056.0
1317at6231	V	V	17326489.5	V	9141739.5
1318at6231	II	II	16188866.0	II	13715613.0
1320at6231	V	V	3357249.5	V	5648006.0
1322at6231	I	I	5789083.0	I	3190796.5
1326at6231	IV	IV	6804204.5	IV	9548725.5
1327at6231	III	III	8502909.0	III	2900478.5
1332at6231	V	V	615332.0	V	6626611.0
1347at6231	IV	IV	526785.0	IV	230712.5
1350at6231	II	II	8944272.0	II	8732204.5
1352at6231	III	III	8377587.5	III	7325173.0
1355at6231	II	SCAFFOLD_647	1876.5	IV	14796955.5
1358at6231	II	II	16897152.0	II	10265511.0
1360at6231	II	II	9695776.0	II	13358308.5
1361at6231	I	I	14675040.0	I	8487064.5
1362at6231	V	V	10692737.5	V	9423491.5
1366at6231	IV	IV	178581.0	IV	8729976.5
1369at6231	III	II	10212033.5	I	2156312.0
1373at6231	I	I	11362519.0	I	4847002.0
1374at6231	I	II	9608748.0	II	20808776.5
1375at6231	I	I	9035097.5	I	4139463.5
1376at6231	V	V	16496952.5	V	8185531.0
1377at6231	II	II	3162450.0	II	9349889.5
1378at6231	III	III	4413573.0	III	11056143.0
1381at6231	I	I	10338317.5	I	9699794.5
1383at6231	I	I	927880.0	I	17942681.5
1395at6231	II	II	14250533.5	II	13050233.0
1400at6231	V	V	4556998.0	V	11664726.5
1401at6231	IV	I	8686859.0	I	5014649.0
1404at6231	IV	IV	15300236.0	IV	8181096.0
1405at6231	I	I	13693118.0	I	8495586.0
1407at6231	V	V	11114960.0	V	12122837.5
1409at6231	IV	IV	12834092.0	IV	8257836.5
1411at6231	IV	IV	6452154.5	IV	10400521.0
1412at6231	II	II	10670384.5	II	13799389.5
1416at6231	V	V	13670734.5	V	20500510.0
1417at6231	I	I	5226937.5	I	11215020.0
1427at6231	I	I	4896396.5	I	7127146.5
1430at6231	X	X	14426670.5	X	12324788.5
1432at6231	X	X	4746207.0	X	7672259.5
1434at6231	III	III	9295633.0	III	7494088.5
1437at6231	I	I	14948759.5	I	7189459.5
1438at6231	I	I	4031375.0	I	14289225.0
1444at6231	II	II	10480491.5	II	12026720.0
1449at6231	III	III	5654620.0	III	7303854.0
1450at6231	X	X	12699037.5	X	11819592.5
1452at6231	I	I	6119905.0	I	5182059.5
1453at6231	I	I	12449514.5	I	10338988.5
1454at6231	III	III	15740682.0	III	8150282.5
1457at6231	I	I	1352216.5	I	2396476.5
1459at6231	V	V	17352333.5	V	9158694.5
1463at6231	V	V	14541129.5	V	2360506.0
1466at6231	I	I	1054803.5	I	9609271.0
1471at6231	V	V	12194978.5	V	13465841.0
1473at6231	I	I	901553.5	I	3520075.0
1478at6231	V	V	907728.5	V	9585895.5
1482at6231	III	III	4788384.0	III	859700.5
1484at6231	I	I	812301.5	I	17964687.0
1489at6231	I	I	7405139.0	I	15038936.5
1490at6231	X	X	6589379.5	X	4684500.0
1491at6231	IV	IV	8202858.0	IV	5980798.0
1495at6231	X	X	9217210.5	X	14663980.0
1499at6231	I	I	3804869.0	I	595931.5
1504at6231	III	III	13005636.0	III	8584721.0
1506at6231	II	II	7980528.0	II	7265343.0
1509at6231	III	III	12103323.5	III	10344358.5
1514at6231	IV	IV	2633048.5	IV	17543296.0
1518at6231	I	I	11941346.5	I	4655962.5
1519at6231	X	X	9228081.5	X	14677066.5
1530at6231	X	X	3720934.0	X	8011863.5
1533at6231	IV	IV	4103192.5	IV	20216708.0
1535at6231	V	V	416464.5	IV	11991630.0
1537at6231	III	III	5201936.0	III	8712392.0
1546at6231	V	V	490597.5	V	625380.0
1548at6231	III	III	13251837.0	III	6940240.5
1549at6231	II	III	4033627.5	II	14709672.0
1552at6231	I	I	2604818.0	I	8970412.0
1556at6231	I	I	11020498.0	I	8677503.5
1566at6231	X	X	1654688.5	X	2217036.5
1571at6231	II	II	9380346.0	II	11394599.0
1572at6231	III	III	14109938.5	III	1837817.5
1574at6231	IV	IV	15973950.5	IV	17435055.0
1576at6231	X	X	2901295.5	X	9168229.5
1587at6231	X	X	1327736.5	X	9340871.5
1590at6231	II	II	16634009.5	II	9000206.5
1592at6231	I	I	4105888.5	I	7210039.5
1594at6231	I	I	6376776.0	I	5519891.5
1596at6231	I	I	6816603.0	I	3298180.0
1598at6231	X	X	1674679.5	X	2178389.0
1601at6231	IV	IV	15545691.0	IV	13507101.0
1602at6231	I	IV	7319581.0	IV	12059358.0
1603at6231	V	V	11585527.5	V	6418213.0
1604at6231	V	V	3174642.0	V	20568916.0
1605at6231	V	V	12058295.0	V	11945494.5
1608at6231	II	II	10384258.0	II	2892552.5
1611at6231	X	X	17702597.0	X	16960102.0
1613at6231	II	II	14349219.0	II	11016889.0
1617at6231	II	II	5645437.5	II	15352443.0
1620at6231	I	I	3525085.5	I	6329647.5
1635at6231	III	III	6254927.0	III	8299979.0
1636at6231	X	X	4893684.0	X	5991460.5
1638at6231	IV	IV	7479355.0	IV	8851010.0
1639at6231	IV	IV	1753087.5	IV	11196799.5
1642at6231	IV	IV	11458933.5	IV	9304498.0
1643at6231	III	III	11643995.5	III	1689482.5
1645at6231	I	I	14696577.5	I	11517085.0
1647at6231	II	II	3224690.5	II	9384400.0
1649at6231	I	I	13364110.0	I	917364.5
1653at6231	I	I	5217952.0	I	11202245.0
1656at6231	III	III	12823133.5	III	9655195.0
1663at6231	V	V	4240174.5	V	6215540.0
1666at6231	III	III	1013354.0	III	1276579.0
1669at6231	V	V	13663593.0	V	20497070.5
1670at6231	V	V	11163651.0	V	17058699.0
1671at6231	V	V	15415347.0	V	6665663.0
1682at6231	I	I	13732444.0	I	7738895.0
1683at6231	III	III	11925488.5	III	18038077.0
1686at6231	V	V	12267937.0	V	13504581.5
1687at6231	IV	IV	1700152.0	IV	8558997.0
1691at6231	V	V	5069725.5	V	9567487.0
1698at6231	II	II	8743715.5	II	11337120.5
1701at6231	X	X	9316627.0	X	15456626.0
1702at6231	I	I	11797236.0	I	9443341.0
1704at6231	II	II	10372246.5	II	2848180.5
1706at6231	II	II	4863761.5	II	11968072.5
1708at6231	I	I	7325035.5	I	7325007.5
1712at6231	II	II	17098654.0	II	13467409.5
1713at6231	III	III	5231684.0	III	16570679.0
1724at6231	III	III	1843134.0	III	12763559.5
1739at6231	IV	IV	2289439.5	IV	3272945.5
1743at6231	X	X	4505660.5	X	7107703.0
1750at6231	IV	IV	7821709.0	IV	2546386.0
1754at6231	I	I	14175149.0	I	3106692.5
1757at6231	I	I	4608636.5	I	1211730.5
1759at6231	II	II	13628058.5	II	12983044.5
1760at6231	V	V	5407070.0	V	16492323.5
1762at6231	V	V	9503952.5	V	20428885.5
1770at6231	V	V	9284345.0	V	1891063.0
1771at6231	IV	IV	11220323.0	IV	11396404.0
1778at6231	I	I	6846638.5	I	5816009.5
1780at6231	II	II	9583854.0	II	13041015.0
1785at6231	III	III	1794605.0	III	3697470.5
1794at6231	II	II	10376758.0	II	2856462.0
1797at6231	II	II	8746486.0	II	5410768.5
1801at6231	V	V	9094361.0	V	4188794.0
1816at6231	X	X	5491330.0	X	4627397.5
1817at6231	III	III	2323271.0	IV	4876710.5
1821at6231	X	X	8753805.0	X	16336831.5
1823at6231	III	III	7143770.5	III	6493628.0
1831at6231	I	I	9925639.5	I	7238705.0
1835at6231	X	X	11601559.5	X	12807551.5
1838at6231	V	V	11863006.5	V	14286769.0
1847at6231	IV	IV	13102004.5	IV	18084383.5
1849at6231	III	III	13016845.0	III	19609166.5
1852at6231	III	III	14947054.5	III	9472887.0
1857at6231	III	III	13504092.0	III	14441474.0
1865at6231	II	V	2820996.5	V	10594551.5
1868at6231	III	III	11388007.5	III	2909870.0
1870at6231	IV	IV	2146035.5	IV	19817347.0
1872at6231	III	III	1968103.0	III	15422617.5
1873at6231	X	X	10437610.0	X	11229254.5
1877at6231	III	III	9672662.5	III	10182794.5
1885at6231	X	X	6671260.0	X	6689205.0
1890at6231	V	V	8737515.0	V	7449781.5
1894at6231	IV	IV	5055601.0	IV	11255276.5
1895at6231	IV	IV	2350167.0	IV	19679529.5
1900at6231	V	V	10605622.0	V	14240746.5
1914at6231	II	II	7692779.0	II	13674094.0
1915at6231	III	III	12057006.0	III	9963032.5
1918at6231	IV	IV	15243460.5	IV	10343562.5
1920at6231	II	II	14545055.0	II	13836154.5
1921at6231	III	III	8423933.5	III	9388262.0
1931at6231	I	I	8081851.0	I	1239663.5
1942at6231	II	II	15952121.5	II	9306533.5
1952at6231	III	III	12416124.5	III	7065270.0
1963at6231	III	III	1890230.0	III	7823823.5
1964at6231	X	X	8157149.0	X	5769883.0
1966at6231	X	X	11273253.5	X	9808096.5
1967at6231	I	I	2955399.0	I	18165343.5
1968at6231	III	III	11922479.0	III	18032422.5
1971at6231	I	I	3000109.0	I	18128934.0
1978at6231	I	I	12964793.0	I	18238402.5
1979at6231	I	I	11732288.0	I	14435762.5
1980at6231	I	SCAFFOLD_608	4141.5	I	2996586.0
2000at6231	III	III	8358592.5	III	14319042.0
2008at6231	X	X	2345185.0	X	2080917.0
2012at6231	I	I	9177953.0	I	5021396.0
2014at6231	II	II	9772834.0	II	16336168.0
2021at6231	I	I	14562562.5	V	3337417.0
2022at6231	X	X	3471561.5	X	3097771.0
2023at6231	I	SCAFFOLD_708	2617.5	I	2434573.0
2026at6231	IV	IV	7229589.5	IV	4041326.0
2032at6231	I	I	599190.0	I	9124621.5
2035at6231	V	I	4206481.5	I	8853699.5
2037at6231	X	X	18038668.0	X	171678.5
2038at6231	V	V	8383497.0	V	13887489.5
2041at6231	I	I	3726635.0	I	15871393.5
2042at6231	II	II	2378414.5	II	10755320.0
2052at6231	III	III	1276748.0	III	17763117.5
2058at6231	III	III	13781013.0	III	4370395.5
2064at6231	I	I	4590923.5	I	1195859.5
2072at6231	I	I	15310791.0	I	2067631.0
2073at6231	I	I	4199027.0	I	8858723.5
2075at6231	V	V	10815070.5	V	19354010.0
2077at6231	V	V	1098986.5	V	18318942.0
2080at6231	II	II	10552294.5	II	10493239.0
2085at6231	X	X	17595189.0	X	8209545.5
2089at6231	II	II	3762509.5	II	6643847.5
2092at6231	I	I	7829432.0	I	13883922.5
2096at6231	III	III	10291352.0	III	19091683.5
2099at6231	III	III	11471880.0	III	6964901.5
2103at6231	II	II	10466124.0	II	13322343.0
2104at6231	II	II	8510561.0	II	5045141.0
2105at6231	III	III	11267207.5	III	9581905.0
2107at6231	III	III	16051331.0	III	6193100.0
2112at6231	V	V	4779293.5	V	13934665.5
2114at6231	V	V	4577587.0	V	11656087.0
2115at6231	X	X	8646099.0	X	17242091.5
2116at6231	X	X	5499280.0	X	4619730.5
2120at6231	III	III	12351831.0	III	12191423.0
2125at6231	X	X	15680868.5	X	12261921.0
2126at6231	IV	IV	10452317.5	IV	9739267.5
2128at6231	V	V	3745538.0	V	7596408.5
2131at6231	V	V	8657728.0	V	5783920.0
2132at6231	unassigned	V	3454770.5	V	3631292.0
2133at6231	II	II	10144769.0	II	3463549.5
2137at6231	V	V	1522368.0	V	12819292.0
2152at6231	V	V	9248687.5	V	2226274.5
2159at6231	X	X	17967620.0	X	5392506.5
2160at6231	II	IV	10904229.5	IV	2132024.5
2164at6231	II	II	4177964.0	II	17053330.5
2170at6231	II	III	14505438.5	III	9669640.5
2173at6231	II	II	16554883.5	II	12190335.5
2178at6231	III	III	10067673.5	III	9935920.0
2182at6231	I	I	14771489.5	I	17718331.0
2185at6231	X	X	15819338.0	X	11989792.5
2187at6231	I	I	14548101.0	I	3496924.5
2198at6231	III	III	7748810.0	III	9299445.5
2204at6231	IV	IV	14114916.5	IV	18218463.5
2206at6231	X	X	3731161.5	X	8001340.0
2208at6231	X	X	7212439.0	X	9471170.5
2209at6231	IV	III	13980432.5	III	6201695.5
2213at6231	I	I	2269599.5	I	12405086.5
2228at6231	I	I	5995415.0	I	3826879.5
2229at6231	I	I	13506173.5	I	10026408.0
2232at6231	I	I	11290450.0	I	5364836.5
2233at6231	IV	IV	3996217.5	IV	1138380.5
2236at6231	V	V	4948806.5	V	6540508.0
2240at6231	I	I	8181508.0	I	6783736.5
2247at6231	unassigned	X	7639631.0	X	11017357.0
2251at6231	X	X	4913324.0	X	5935282.0
2255at6231	I	I	14553697.5	I	2089083.5
2257at6231	III	III	13226542.0	III	7994955.0
2263at6231	IV	IV	10413740.5	IV	9685409.5
2267at6231	I	I	8282721.5	I	4515390.5
2270at6231	IV	IV	6244844.0	IV	10322102.5
2277at6231	II	II	3041443.5	II	21496391.0
2279at6231	III	III	5718699.5	III	9877568.5
2281at6231	II	II	10235952.0	II	19850942.0
2285at6231	I	V	4859987.0	V	9636658.0
2286at6231	III	III	2107271.5	III	15531110.5
2288at6231	II	II	5266090.0	II	8557230.0
2294at6231	V	V	2646109.0	IV	19928644.5
2295at6231	III	IV	1472827.5	IV	1091686.0
2297at6231	II	II	6582305.0	II	20101141.0
2301at6231	II	II	13999800.0	II	11795977.5
2302at6231	X	X	2200983.0	X	2041257.5
2304at6231	III	III	7002628.0	III	19852096.5
2306at6231	III	III	2925398.5	II	14676994.5
2311at6231	I	I	15259273.0	I	7660655.0
2312at6231	III	III	11017906.0	III	7128961.0
2313at6231	IV	IV	13196632.0	IV	9998434.5
2316at6231	II	II	13537712.5	II	6952731.5
2319at6231	I	I	8975893.0	I	226469.0
2321at6231	V	V	16588793.5	V	15680089.5
2324at6231	III	III	8332362.5	III	9737225.5
2327at6231	X	X	4842643.0	X	2523088.0
2329at6231	III	III	14485674.0	III	9249193.0
2332at6231	I	I	6474132.5	I	9768374.5
2338at6231	IV	IV	4096960.5	IV	20209538.0
2339at6231	I	I	9109448.5	I	550556.0
2342at6231	I	I	9901954.5	I	6991615.0
2351at6231	I	I	3252576.5	I	6102674.5
2353at6231	I	I	8956360.0	I	17900880.0
2357at6231	V	V	8042158.5	V	5000899.5
2367at6231	III	III	4960377.5	III	4847118.5
2368at6231	V	V	5532019.0	IV	12942526.5
2369at6231	V	V	13378619.0	V	10723992.0
2370at6231	X	X	17645241.0	X	8461439.0
2378at6231	IV	IV	5981903.0	IV	7819047.5
2380at6231	III	III	3375312.0	III	13349415.0
2383at6231	II	II	8877873.0	II	12529601.0
2384at6231	III	III	1096143.0	III	9277662.5
2387at6231	II	II	2776929.0	II	12839920.5
2390at6231	I	I	3222105.5	I	623161.0
2393at6231	IV	IV	5599978.0	IV	19845428.5
2401at6231	II	I	7842344.0	II	18733169.5
2403at6231	X	X	18183605.0	X	16607693.0
2408at6231	II	II	13160079.0	II	8773344.0
2409at6231	I	I	10958905.0	I	15695264.0
2410at6231	I	I	321587.0	I	15117529.5
2418at6231	I	I	3603336.5	I	8187364.0
2419at6231	V	V	10620765.0	V	14249781.0
2422at6231	I	I	7243878.0	I	18494705.0
2426at6231	III	III	1662844.5	III	11841386.0
2427at6231	III	III	5323935.5	III	8396047.5
2431at6231	unassigned	V	3583541.5	V	20850890.0
2441at6231	II	II	14044409.5	II	2115744.0
2449at6231	V	V	13563469.0	V	8161681.5
2453at6231	X	X	13727966.5	X	11773776.0
2454at6231	IV	IV	7813902.5	IV	2553099.0
2458at6231	III	III	7816046.0	III	9284336.5
2460at6231	V	V	10890345.0	V	20267459.0
2464at6231	V	V	3980385.0	V	6954195.5
2467at6231	X	X	10395452.0	X	12535509.0
2469at6231	II	II	9972454.5	II	16325311.0
2471at6231	I	I	9606080.5	I	4448523.0
2473at6231	I	I	6562010.0	I	4969024.0
2474at6231	X	X	520240.0	X	883346.5
2475at6231	V	V	7136676.0	V	20657418.0
2476at6231	V	V	8338015.0	V	10789186.5
2478at6231	III	III	7091220.5	III	13034420.0
2494at6231	I	I	12193971.5	I	12801546.0
2495at6231	III	III	6312036.0	III	5103965.0
2498at6231	I	I	12594327.0	I	9455532.0
2515at6231	III	III	6168791.0	III	7663063.5
2516at6231	III	III	11006435.0	III	1265363.5
2523at6231	I	I	8966559.5	I	218088.5
2524at6231	I	I	13474384.5	I	4587064.0
2527at6231	IV	IV	12392446.0	IV	6175069.5
2531at6231	III	III	2453432.0	III	7242397.0
2538at6231	I	I	7726325.5	I	4607484.5
2547at6231	X	X	5667331.0	X	9713359.0
2551at6231	III	II	11116567.5	III	338628.5
2557at6231	II	II	11407929.0	II	10464274.5
2562at6231	V	V	10650735.5	V	14169571.5
2565at6231	V	V	5354113.5	V	15620400.0
2568at6231	X	X	16405315.0	X	5221033.0
2569at6231	III	III	15690154.5	III	1116670.0
2573at6231	III	III	10442071.5	III	5681808.0
2574at6231	X	X	11475115.5	X	12896221.0
2577at6231	IV	IV	4507079.0	IV	9293561.0
2582at6231	III	III	3858709.5	III	10518019.5
2595at6231	III	III	11999993.0	III	5257161.5
2601at6231	IV	SCAFFOLD_307	12959.0	IV	7701830.0
2605at6231	X	X	11590329.0	X	12818044.5
2611at6231	III	III	6879460.0	III	10739737.5
2614at6231	II	II	5635459.0	II	15330904.5
2618at6231	I	I	3989997.5	I	7218128.5
2627at6231	II	II	16614958.5	II	8990846.0
2628at6231	V	V	11758885.5	V	19936335.5
2629at6231	I	I	9072683.5	I	521143.5
2634at6231	I	III	7079875.0	III	5985235.0
2635at6231	V	V	15083867.0	V	8941644.5
2643at6231	II	II	17104711.0	II	13464521.0
2652at6231	I	I	4485298.5	I	7545234.0
2653at6231	IV	V	8958685.0	V	3553611.0
2660at6231	II	II	14538902.5	II	13831142.5
2661at6231	X	III	8873213.5	X	9229381.5
2667at6231	I	I	3589216.5	I	7949470.0
2687at6231	X	X	5442190.0	X	1572094.5
2689at6231	X	X	9327888.5	X	15435808.0
2707at6231	IV	IV	7980920.5	IV	7017339.0
2710at6231	X	X	10368630.0	X	14600497.5
2712at6231	II	II	7962292.0	II	7735155.0
2714at6231	V	V	8866435.0	V	14839156.0
2725at6231	III	III	8843862.5	III	6819689.5
2732at6231	III	III	13759101.5	III	17788666.0
2754at6231	I	I	14507258.5	I	3490126.0
2757at6231	I	I	7086435.0	I	6571913.5
2760at6231	I	I	9996889.0	I	344148.5
2761at6231	II	II	9339446.0	II	15210937.0
2764at6231	II	II	6732240.5	II	3254727.5
2765at6231	X	X	15158902.0	X	5033546.0
2769at6231	V	V	11857942.5	V	14296407.5
2772at6231	IV	IV	4206125.0	IV	4232929.5
2773at6231	V	V	1058414.0	V	13696624.0
2778at6231	I	I	9883464.0	I	7575979.0
2782at6231	X	III	5580917.0	X	15007472.0
2786at6231	III	V	2618172.5	V	7539625.5
2795at6231	I	I	2212016.0	I	16334137.5
2802at6231	I	I	10380635.0	I	9713864.5
2805at6231	III	IV	6423783.0	IV	12643303.5
2815at6231	I	I	8063160.0	I	7425664.0
2817at6231	III	III	7051350.5	III	11520092.5
2830at6231	III	III	1159684.0	III	13660283.0
2844at6231	X	X	17753290.5	X	4106304.0
2845at6231	III	III	12379573.0	III	12233114.5
2848at6231	V	V	11189522.0	V	18497631.0
2858at6231	II	II	4993106.0	II	8155063.5
2862at6231	II	II	1659629.0	II	13000247.5
2865at6231	III	III	7711262.5	III	5049407.0
2873at6231	III	III	8896284.5	III	4073828.5
2875at6231	V	V	9510283.0	V	13176387.0
2885at6231	IV	IV	1415748.0	V	11747836.0
2889at6231	V	V	5906037.0	V	20799871.0
2890at6231	IV	IV	7871495.5	IV	19901395.0
2891at6231	I	I	11721059.0	I	14403151.5
2893at6231	I	I	8199391.5	I	9306296.5
2896at6231	I	I	9728765.0	I	6405640.0
2900at6231	IV	IV	6406130.0	IV	10423532.0
2906at6231	X	X	16662229.5	X	8166267.0
2918at6231	X	X	16280530.0	X	465293.5
2927at6231	III	III	1978901.0	III	13448685.0
2931at6231	V	V	14781183.0	V	12433661.5
2943at6231	IV	IV	4552153.5	IV	10778004.0
2946at6231	I	I	13073440.5	I	4375268.0
2948at6231	I	I	10155444.0	I	9528902.5
2950at6231	V	V	5461575.5	V	14793739.5
2951at6231	I	I	10344826.0	I	9741338.0
2952at6231	X	X	1384367.5	X	4861187.0
2957at6231	V	V	11256141.0	V	20336075.0
2959at6231	II	II	2897797.5	II	20300019.5
2961at6231	V	V	7582052.5	V	18885674.5
2962at6231	X	X	9305162.0	X	15320792.5
2965at6231	III	III	3057850.0	III	14471594.0
2970at6231	IV	IV	8817508.0	IV	9368102.0
2972at6231	V	SCAFFOLD_622	2710.5	V	12788970.0
2982at6231	V	V	1107458.5	V	18754124.0
2989at6231	III	III	12443679.0	III	19923514.0
2990at6231	X	V	14397725.5	X	1742897.0
2992at6231	V	V	3506458.0	V	10257420.0
2997at6231	III	III	10080293.5	III	6608298.0
2999at6231	I	I	416477.5	I	2536736.5
3008at6231	X	X	6468703.5	X	9750994.5
3010at6231	X	X	12714862.0	X	11834624.0
3024at6231	X	X	1941713.5	X	2127396.0
3031at6231	III	IV	5997857.5	III	8531381.0
3035at6231	III	III	4313715.5	III	10933605.0
3037at6231	X	X	16997144.5	X	1007359.5
3039at6231	I	I	9917314.0	I	7226902.0
3047at6231	II	II	9713366.0	II	15391291.0
3051at6231	III	III	14341986.0	III	8573427.0
3059at6231	II	II	6049942.0	II	13397977.5
3063at6231	III	III	14992211.5	III	9562913.0
3064at6231	III	III	10074344.5	III	6604600.0
3070at6231	I	I	6751605.5	I	18107943.0
3074at6231	V	V	2533048.5	V	215879.5
3077at6231	X	X	9153684.0	X	15067099.5
3084at6231	III	III	7696226.5	III	94590.0
3088at6231	I	I	5008926.5	I	2845539.5
3089at6231	V	V	11487186.5	V	17871881.5
3091at6231	X	X	523558.0	X	886217.0
3097at6231	X	X	15083910.0	X	5073668.5
3103at6231	X	X	11586690.5	X	12822006.0
3108at6231	I	II	8210647.0	II	6596095.0
3112at6231	III	III	8472936.0	III	1883615.0
3122at6231	X	X	14099866.5	X	8645215.0
3125at6231	I	I	10172510.5	I	9163241.0
3129at6231	II	II	15697952.0	II	4182783.0
3153at6231	IV	IV	11824567.0	IV	17836637.0
3156at6231	II	II	3770479.0	II	8228560.0
3157at6231	I	SCAFFOLD_532	6787.5	I	3187348.0
3158at6231	V	V	4458652.0	V	6040184.5
3171at6231	IV	IV	2472598.5	IV	19309000.5
3191at6231	X	X	2815151.5	X	9540321.0
3193at6231	III	III	14069776.5	III	4779206.5
3205at6231	II	II	7406400.5	II	95091.0
3209at6231	IV	IV	4586812.0	IV	6767328.0
3211at6231	II	II	3674912.5	II	4747912.5
3214at6231	II	II	9496595.5	II	16370617.0
3218at6231	IV	IV	159792.0	IV	18992748.0
3219at6231	I	I	11658846.5	I	4809592.5
3223at6231	III	III	7417713.5	III	11538936.5
3225at6231	V	V	11787613.5	V	5255081.5
3226at6231	II	II	9241043.0	II	15728117.5
3230at6231	IV	IV	10861424.0	IV	8882396.0
3231at6231	III	III	12070654.5	III	6474722.5
3232at6231	III	III	8957563.0	III	5880619.5
3233at6231	I	I	7982184.0	I	3898370.0
3235at6231	I	I	7420271.5	I	10598157.5
3237at6231	IV	IV	588659.0	IV	1509201.5
3239at6231	III	III	389842.5	III	205611.5
3240at6231	IV	IV	1842311.0	IV	10787974.5
3251at6231	II	SCAFFOLD_701	2202.0	II	10468547.0
3254at6231	III	III	16002280.0	III	8318585.5
3259at6231	I	I	4691091.0	I	3313284.0
3260at6231	I	I	9970496.5	I	18298399.0
3270at6231	I	I	13851782.0	I	9735174.0
3276at6231	X	X	11592479.5	X	12815155.5
3281at6231	V	V	2752716.5	V	733202.0
3288at6231	III	III	1355466.0	III	7686820.5
3291at6231	II	II	3523363.5	II	11788903.5
3292at6231	II	II	5341655.0	II	12253885.0
3293at6231	I	SCAFFOLD_606	2912.0	I	12394959.5
3295at6231	I	I	12065323.5	I	3426193.0
3300at6231	IV	IV	8805220.0	IV	20188914.0
3302at6231	I	I	1448590.5	I	7148837.5
3304at6231	I	I	14960383.0	I	7183760.0
3305at6231	II	II	8872574.5	II	12518542.5
3308at6231	II	II	8760832.0	II	5401706.5
3312at6231	II	II	9013928.5	II	7574612.5
3321at6231	III	III	12024466.5	III	5203102.0
3324at6231	V	V	8870691.5	V	14832433.5
3325at6231	II	II	10999995.5	II	10252725.5
3330at6231	X	X	13664109.0	X	6290789.5
3335at6231	I	I	11862026.5	I	4643239.0
3340at6231	II	II	1729427.5	II	10484996.0
3345at6231	X	X	14421289.0	X	12320565.0
3347at6231	X	X	7775470.0	X	11483541.5
3349at6231	V	V	15219024.5	V	6440070.0
3350at6231	III	III	6904990.0	III	15466069.5
3360at6231	IV	IV	2280056.0	IV	3263941.5
3365at6231	II	II	9565684.5	II	15161962.0
3369at6231	I	I	6580556.5	I	1829325.5
3373at6231	V	V	13882478.5	V	18939981.0
3376at6231	I	I	10177008.5	I	9166540.0
3377at6231	III	III	10558825.0	III	7169127.0
3378at6231	I	I	387679.0	I	12519401.5
3379at6231	I	I	5741390.5	I	12486057.5
3381at6231	I	I	4235138.0	I	8839928.0
3388at6231	X	X	698480.0	X	15973476.0
3393at6231	II	II	14682113.5	II	8928134.5
3396at6231	III	III	5893142.0	III	6766341.5
3398at6231	V	V	5428698.0	V	16575730.0
3400at6231	III	III	8180468.0	III	9972517.0
3401at6231	II	II	8506358.0	II	8304074.5
3404at6231	X	X	4958667.5	X	5849980.5
3408at6231	X	X	1944582.0	X	2123498.5
3411at6231	I	X	10483664.5	I	5971741.5
3412at6231	II	II	10701867.0	II	13824178.5
3414at6231	III	III	9055382.5	III	8025264.0
3417at6231	V	V	652037.5	V	1196960.5
3419at6231	III	III	5848385.5	III	7227657.0
3420at6231	I	I	6384390.5	I	689365.0
3422at6231	V	I	7041236.5	III	5280626.0
3433at6231	I	I	14664483.0	I	2797595.0
3434at6231	X	X	4452272.5	X	7182493.5
3444at6231	III	III	14681632.0	III	8334941.5
3445at6231	IV	IV	9795205.5	IV	13536318.0
3450at6231	I	I	15560240.0	I	18450423.0
3452at6231	III	III	15116580.5	III	9557568.5
3464at6231	X	X	11153438.0	X	11647764.0
3466at6231	III	III	12970425.5	III	814193.0
3468at6231	III	IV	1206342.0	III	13856963.5
3472at6231	X	X	14079415.5	X	8629735.0
3473at6231	II	II	9065976.5	II	9638010.5
3474at6231	IV	IV	13860871.0	IV	740420.0
3486at6231	V	V	5841208.5	V	8059431.0
3487at6231	I	I	9665535.5	I	6414468.0
3490at6231	X	X	3180318.0	X	9559790.0
3493at6231	V	V	11782525.0	V	19260661.0
3496at6231	III	III	9314869.0	II	21290536.0
3502at6231	IV	II	1018371.5	V	7697036.0
3504at6231	X	X	17640732.5	X	8479960.5
3509at6231	III	III	3597475.5	III	19827707.5
3516at6231	I	I	11664953.0	I	4803930.5
3523at6231	X	X	9309587.0	X	15468448.5
3524at6231	V	V	5478552.0	V	14823408.5
3531at6231	X	X	3189592.0	X	9569919.5
3534at6231	III	III	6201647.5	III	8267610.5
3542at6231	III	III	5588528.0	III	9832114.0
3545at6231	V	V	7043939.0	V	10618999.5
3547at6231	II	II	12003946.5	II	1569500.0
3550at6231	X	X	8186101.0	X	415891.0
3553at6231	I	I	4693982.0	I	3315606.0
3558at6231	I	I	15993012.0	I	4798608.0
3561at6231	V	V	2746015.0	V	727747.5
3570at6231	IV	IV	974871.5	IV	11776824.0
3572at6231	III	III	16008234.5	III	8315002.5
3577at6231	I	I	8337502.0	I	7310892.5
3581at6231	III	III	5645955.0	III	735693.0
3583at6231	X	X	7965164.5	X	11557538.0
3584at6231	II	II	15956000.5	III	1731145.0
3585at6231	I	I	3472828.0	I	8010383.5
3587at6231	IV	IV	131642.0	IV	17084052.5
3593at6231	IV	IV	15195564.5	IV	19800350.5
3594at6231	II	I	9040711.0	II	9628521.5
3601at6231	III	III	10322198.5	III	19145523.5
3607at6231	V	V	16666393.0	V	19576475.5
3609at6231	I	I	1291080.0	I	2407045.5
3611at6231	I	I	13103327.0	I	4393032.5
3612at6231	I	I	3857431.5	I	5160281.0
3626at6231	II	IV	13577810.0	II	21541440.0
3629at6231	X	X	11458961.5	X	12605690.5
3630at6231	V	V	12760878.0	V	9441743.0
3635at6231	II	II	11636708.5	II	13058622.0
3637at6231	I	I	7685802.5	I	12357537.0
3638at6231	IV	IV	6631178.0	IV	15679510.0
3640at6231	V	V	2766287.5	V	740571.5
3642at6231	II	II	15780451.0	II	13588690.5
3644at6231	I	I	8740904.0	I	13987434.0
3659at6231	X	X	8886448.5	X	15487380.0
3666at6231	V	V	13780704.5	V	12853644.0
3667at6231	III	III	13800065.0	III	10507471.0
3669at6231	I	I	402134.0	I	2532836.0
3671at6231	I	I	15405132.0	I	6256339.0
3676at6231	I	I	8824185.0	I	9998939.5
3678at6231	I	I	7697941.5	I	4625630.5
3679at6231	X	X	5022531.5	X	625420.5
3688at6231	IV	IV	3674568.5	IV	15203480.5
3693at6231	X	X	15796211.0	X	10718876.5
3698at6231	X	X	3841081.5	X	7962383.0
3699at6231	I	I	6305168.0	I	4049837.0
3701at6231	III	III	7928382.0	III	13962918.0
3719at6231	IV	IV	119277.5	IV	17038152.5
3741at6231	IV	IV	1202243.5	IV	11269987.0
3746at6231	X	X	17855715.0	X	5775844.0
3748at6231	II	II	14626841.0	II	11485774.0
3754at6231	X	X	9653785.5	X	11128483.0
3760at6231	III	III	10042511.5	III	9945198.0
3771at6231	X	X	4209475.0	X	7548706.0
3774at6231	III	III	9370885.0	III	6816861.0
3776at6231	III	III	10004545.5	III	6116894.5
3780at6231	III	III	7686001.0	III	9072061.0
3781at6231	III	III	11183832.5	III	5788459.0
3793at6231	I	I	15277801.0	I	7655259.0
3794at6231	I	I	3710479.5	I	711961.0
3798at6231	V	SCAFFOLD_603	3284.5	V	5925143.0
3802at6231	II	II	13343515.5	II	14773979.5
3816at6231	I	I	1980239.5	I	12366322.0
3827at6231	I	I	6523751.5	III	14091037.0
3828at6231	IV	IV	13660207.5	IV	14826310.5
3830at6231	V	V	7008693.0	V	18242135.5
3835at6231	IV	IV	15078497.0	IV	7417835.5
3836at6231	III	III	12371715.5	III	12205137.0
3843at6231	II	II	2764345.0	II	12833608.5
3845at6231	X	X	15991491.5	X	6209692.0
3850at6231	X	X	8198160.5	X	397577.0
3852at6231	I	I	4090414.0	I	8689392.5
3853at6231	II	II	10906179.5	II	10513630.0
3857at6231	II	II	9533204.0	II	16379645.5
3863at6231	I	I	4342399.0	I	3562945.0
3869at6231	I	I	6065179.5	I	1863277.5
3871at6231	V	V	1380408.0	V	13358304.5
3878at6231	X	X	7999258.5	X	1314408.5
3879at6231	I	I	11376070.5	I	5588030.0
3880at6231	I	I	4667958.5	I	2735936.0
3885at6231	III	III	9631029.5	III	18600189.0
3887at6231	V	V	6946554.5	V	7276518.5
3891at6231	IV	IV	2932687.5	IV	2937694.0
3892at6231	III	III	2395969.5	III	7249179.5
3894at6231	I	I	9887740.5	I	7578513.5
3901at6231	III	III	15194604.0	III	8777664.5
3907at6231	I	I	7754593.5	I	6775863.0
3908at6231	V	V	748321.0	V	9406865.5
3919at6231	III	III	12248428.5	III	10498283.0
3927at6231	X	X	605221.5	X	7773371.5
3929at6231	III	III	3039690.5	III	2965797.0
3930at6231	II	II	6470572.0	II	5609372.5
3931at6231	III	III	10210344.0	III	8666394.0
3933at6231	III	III	15682172.0	III	1124665.5
3935at6231	V	V	2311025.5	V	20731696.0
3939at6231	V	V	4977571.0	V	9320526.0
3944at6231	II	II	13815140.5	II	7878638.5
3947at6231	X	X	15824000.0	X	11984003.0
3954at6231	IV	IV	14022997.0	IV	8047075.0
3957at6231	III	SCAFFOLD_709	2438.0	III	11034743.5
3960at6231	III	III	11189667.5	III	5792382.5
3963at6231	II	II	6750825.5	II	3281252.0
3968at6231	III	III	13733960.5	III	17834963.5
3969at6231	V	V	15591723.0	V	11211309.0
3970at6231	I	I	10889990.0	I	4544622.5
3971at6231	IV	IV	5639322.0	IV	7882398.5
3976at6231	I	I	6853616.5	I	5831387.5
3987at6231	IV	IV	4537679.5	IV	10977813.5
3989at6231	X	X	3828219.5	X	562285.0
3990at6231	X	X	11191205.5	X	9908926.5
3992at6231	III	III	480380.5	III	18436986.0
3993at6231	X	X	16776120.0	X	1060542.0
3995at6231	I	I	1833218.0	I	5195190.0
4003at6231	IV	IV	13958371.0	IV	4498720.5
4008at6231	II	II	3799264.5	II	12309532.5
4013at6231	unassigned	I	15373706.5	X	1558373.5
4026at6231	II	II	9579783.0	III	12920573.5
4028at6231	II	II	4799664.0	II	7730157.5
4030at6231	IV	IV	4725855.5	IV	12189170.5
4046at6231	III	III	11465066.0	III	7677870.5
4050at6231	III	III	3864757.5	III	10515211.5
4054at6231	V	V	1899529.5	V	15828088.0
4055at6231	X	X	5803429.0	X	4829475.5
4061at6231	III	III	12406151.0	III	10888577.0
4063at6231	I	I	6132516.5	I	3813694.5
4069at6231	V	V	6717120.5	V	6347142.0
4072at6231	II	II	11025772.0	II	9916499.0
4076at6231	IV	IV	11426416.0	IV	12539237.0
4088at6231	III	III	14479739.5	III	9232261.5
4089at6231	IV	IV	5563635.0	IV	8969208.5
4093at6231	X	X	10628077.5	X	13907280.0
4098at6231	I	I	11127437.5	I	7015381.5
4104at6231	III	III	9132171.5	III	10034341.5
4106at6231	I	IV	8108874.0	I	15406117.5
4108at6231	I	I	14649309.0	I	2787178.5
4120at6231	III	III	13236879.0	III	6936125.0
4123at6231	V	V	17939268.0	V	15432325.0
4125at6231	III	III	14257164.0	III	9717775.5
4128at6231	V	V	18026056.5	V	18772409.0
4130at6231	III	III	13683439.5	III	7861984.0
4132at6231	I	I	4487794.5	I	7542758.5
4147at6231	II	II	6350058.0	II	7424031.5
4150at6231	IV	IV	13776983.0	IV	10853871.5
4151at6231	I	I	13222656.5	I	4484895.5
4153at6231	III	III	10393914.5	III	7037634.5
4155at6231	IV	IV	4970820.5	IV	11007461.0
4161at6231	IV	IV	9618552.5	IV	10117335.0
4166at6231	I	I	12229035.0	I	7089799.5
4168at6231	I	I	3361716.0	I	4302662.5
4171at6231	X	X	9270191.0	II	18384415.5
4173at6231	I	I	9621040.0	I	4437017.5
4176at6231	IV	IV	14726545.5	IV	1574917.5
4178at6231	V	V	17007543.5	V	18176769.0
4181at6231	III	III	4798248.5	III	127940.5
4182at6231	I	I	12804093.0	I	5636027.0
4183at6231	III	III	11291399.5	III	9570913.5
4192at6231	II	II	4143274.0	II	21269686.0
4208at6231	I	I	3414160.5	I	5440680.5
4209at6231	V	V	5189372.0	V	14541607.0
4211at6231	III	III	5673069.5	III	7296287.5
4213at6231	I	I	5429027.5	I	495156.5
4225at6231	II	II	9672630.5	II	18616394.0
4226at6231	I	I	7290605.0	I	7342841.0
4231at6231	unassigned	II	7667415.5	II	12588291.0
4238at6231	III	III	13688978.5	III	10492758.5
4242at6231	IV	IV	12278952.0	IV	7273157.0
4246at6231	I	I	11823254.5	I	9026682.0
4258at6231	II	I	10920065.0	I	10407225.5
4269at6231	IV	IV	3797652.0	IV	1935983.0
4277at6231	III	III	10268995.5	III	10153739.5
4282at6231	X	X	4916516.5	X	5928157.0
4285at6231	III	III	14277932.0	III	17489855.0
4293at6231	V	V	1906822.0	V	18837665.0
4296at6231	II	II	5165699.0	II	14739378.5
4301at6231	I	I	8670397.5	I	15792399.5
4303at6231	IV	IV	8585449.0	IV	9485352.5
4307at6231	X	X	9123150.5	X	15117208.5
4310at6231	I	I	4763282.0	I	1374414.5
4316at6231	III	III	3573130.0	III	5959776.5
4318at6231	III	III	9590068.0	III	5044972.5
4320at6231	IV	IV	1442183.0	IV	2946964.0
4337at6231	II	II	15586890.0	II	9436368.5
4338at6231	unassigned	IV	3670807.0	IV	15198070.0
4340at6231	X	X	10769799.0	X	13334094.5
4345at6231	II	II	11542237.0	II	6411717.5
4355at6231	X	X	16428590.0	X	5166053.5
4357at6231	V	V	13000391.5	V	8442681.5
4359at6231	I	I	8563370.5	I	2295121.5
4364at6231	III	III	13501771.0	III	14448969.5
4368at6231	IV	IV	14277821.5	IV	10103367.0
4404at6231	III	III	5599366.0	III	795788.0
4405at6231	II	II	6456623.5	II	5593071.0
4407at6231	II	II	1685689.0	II	12989990.0
4412at6231	II	V	13560298.5	II	13428437.0
4415at6231	III	III	11272506.0	III	9578008.0
4417at6231	IV	IV	10393541.0	IV	9669578.5
4422at6231	III	III	14567465.0	III	617658.5
4424at6231	I	I	2107297.5	I	5380734.5
4427at6231	X	X	1489375.0	X	3361226.5
4428at6231	II	II	10650192.0	II	13786480.0
4430at6231	III	IV	6548424.5	IV	2221003.0
4444at6231	IV	IV	14434565.5	IV	9626484.5
4454at6231	II	II	9763278.5	II	16356219.0
4458at6231	unassigned	III	6579300.0	III	18799120.0
4461at6231	I	I	10212463.0	I	3971185.5
4468at6231	II	I	4413093.0	I	4285824.0
4476at6231	V	V	2749116.5	V	730517.5
4483at6231	V	V	9516973.5	V	13167253.0
4487at6231	III	III	14650826.0	III	7856355.0
4492at6231	III	III	10775995.5	III	1383966.5
4496at6231	V	V	2737364.5	V	720584.0
4498at6231	X	X	13680057.5	X	6276400.0
4504at6231	V	V	16362848.0	V	6502252.5
4509at6231	II	II	8502233.5	II	8301548.0
4512at6231	I	I	14323048.0	I	2522266.5
4516at6231	II	II	6738755.5	II	3264187.0
4519at6231	I	I	5547702.5	I	9801703.0
4521at6231	II	II	11430809.5	II	13610361.0
4525at6231	III	III	9787477.0	III	10331641.5
4532at6231	II	II	13440010.5	II	6353484.5
4536at6231	III	III	9376336.0	III	6812417.0
4540at6231	II	II	15038251.0	II	11097040.5
4542at6231	I	I	4346522.0	I	3871218.5
4548at6231	V	V	16632862.5	V	20786717.5
4551at6231	IV	IV	15161995.5	IV	1046590.0
4559at6231	I	I	9879924.5	I	7574503.5
4572at6231	IV	IV	6566318.0	IV	14485291.0
4579at6231	II	II	7897269.0	II	10944006.0
4581at6231	II	II	9644192.0	II	17763397.0
4585at6231	V	V	10879138.5	V	20248608.5
4586at6231	I	I	6982149.5	I	73633.5
4588at6231	V	V	7341218.5	V	19740870.5
4590at6231	III	III	11765967.5	III	282999.5
4597at6231	X	X	6714921.5	X	6778696.5
4598at6231	I	I	11616319.5	I	2117343.0
4602at6231	I	I	6448490.0	I	12951221.0
4607at6231	V	III	3941857.0	V	7971576.5
4611at6231	I	SCAFFOLD_630	1605.0	I	2747339.0
4612at6231	II	II	3650888.0	II	10729146.0
4621at6231	II	II	1845325.0	II	10549267.0
4622at6231	III	III	12147881.0	III	9673044.5
4635at6231	III	III	15166953.0	III	6598734.0
4639at6231	IV	IV	12779441.5	IV	7592905.0
4642at6231	X	X	3478283.5	X	3115212.0
4650at6231	II	II	9174860.5	II	14724743.0
4657at6231	I	I	6694656.5	I	13815274.0
4669at6231	X	X	16908282.5	X	8883593.0
4670at6231	X	X	17746931.5	X	4100156.0
4673at6231	IV	IV	5311438.0	IV	6723286.5
4675at6231	III	III	15034435.5	III	6742275.5
4680at6231	II	II	15708415.5	II	4170450.0
4690at6231	III	III	11483500.0	III	7007980.0
4692at6231	I	I	8629577.0	I	7486758.5
4702at6231	I	I	12025878.5	I	8819768.0
4703at6231	III	III	12422326.0	III	19927284.0
4722at6231	II	SCAFFOLD_728	2361.0	II	14580235.0
4723at6231	II	II	16198231.0	II	13718220.5
4726at6231	III	III	3002525.0	III	3118946.5
4731at6231	III	III	15552880.5	III	4209794.5
4735at6231	I	I	15853969.5	I	503845.5
4746at6231	V	V	16682398.0	V	9007290.0
4747at6231	II	III	14199717.0	III	6733679.0
4750at6231	I	I	9485547.0	I	8233393.5
4752at6231	II	II	9553684.0	II	18149466.5
4760at6231	III	III	14584122.0	III	638758.0
4763at6231	I	I	8776008.5	I	11768389.0
4771at6231	II	II	7753346.5	II	6423255.5
4775at6231	X	X	9141338.0	X	15089072.0
4777at6231	I	I	6669325.0	I	7857532.5
4779at6231	V	V	16257524.0	V	5339702.5
4780at6231	I	I	7487293.0	I	18511135.5
4786at6231	II	II	15347537.5	II	10207996.5
4793at6231	X	V	13075940.0	V	10250468.5
4794at6231	V	V	16635507.0	V	20784628.5
4798at6231	III	III	8659565.5	III	8641669.5
4799at6231	II	II	8160719.0	II	12427609.0
4802at6231	I	I	3350372.0	I	4296562.0
4804at6231	I	I	9934478.5	I	7243343.5
4806at6231	III	III	13788289.0	III	4358763.0
4815at6231	V	V	11631430.0	V	11617640.5
4816at6231	II	II	7064992.0	II	17380851.0
4825at6231	III	III	14213445.0	III	6713806.0
4834at6231	V	V	13380942.5	V	10726207.5
4848at6231	III	III	12932957.5	III	8653231.5
4856at6231	I	I	5746115.0	I	12491695.5
4859at6231	III	III	9887577.0	III	5003828.0
4861at6231	II	II	3828472.0	II	11280222.0
4863at6231	I	I	10684449.0	I	7836198.0
4879at6231	X	X	11195672.5	X	9904325.5
4881at6231	III	III	7836800.0	III	10653305.5
4883at6231	X	X	16614788.5	X	1280706.0
4887at6231	I	I	4497970.5	I	7540915.0
4895at6231	II	II	14024781.0	II	9862389.5
4900at6231	II	II	5505529.0	II	11526438.0
4903at6231	II	II	5626908.5	II	21200552.5
4905at6231	V	V	12390116.0	V	16153505.0
4906at6231	V	V	1034019.5	V	13681421.5
4910at6231	X	X	3474181.5	X	3107443.0
4919at6231	V	V	275233.5	V	17527572.5
4925at6231	III	III	6869900.5	III	10822805.0
4932at6231	IV	IV	4431734.5	IV	6737490.5
4940at6231	III	III	8828829.0	III	6829640.5
4942at6231	III	III	4201055.0	III	7259643.5
4951at6231	V	V	2624468.5	V	7542260.5
4961at6231	II	II	9166523.0	II	630007.0
4968at6231	V	V	12369009.0	V	18225124.5
4973at6231	V	V	6666941.0	V	9364813.5
4977at6231	I	I	9466993.5	I	3320486.0
4978at6231	III	III	9380233.0	III	6810523.0
4982at6231	II	II	3059505.5	II	18936161.0
4983at6231	X	X	3558098.0	X	6101323.0
4988at6231	IV	IV	7476572.5	IV	8847955.5
4992at6231	II	II	10555606.0	II	10495509.0
5001at6231	II	II	11521478.0	II	2731544.5
5009at6231	unassigned	IV	10253671.5	IV	7595693.0
5011at6231	X	X	6642083.0	X	4698683.0
5013at6231	I	I	7038692.0	I	15336844.0
5016at6231	V	V	17952625.0	V	13745788.0
5017at6231	IV	IV	6037189.5	IV	11053513.0
5019at6231	V	V	6080740.5	V	9084783.0
5021at6231	I	I	6493559.5	I	4898923.0
5034at6231	II	II	10570466.5	II	10503529.0
5044at6231	III	III	15779246.0	III	9212830.0
5045at6231	V	V	782542.5	V	15865938.0
5057at6231	X	X	8777945.5	X	16376986.0
5062at6231	III	III	13493980.5	III	13602437.5
5067at6231	X	X	17060613.5	X	945707.0
5070at6231	I	I	5943653.5	I	14478427.0
5071at6231	X	X	10537810.5	X	13822670.0
5074at6231	III	III	13544301.5	III	1301139.0
5082at6231	I	I	15989528.5	I	5472949.0
5083at6231	III	III	14166532.5	III	6039955.0
5088at6231	I	I	9117938.5	I	560355.0
5090at6231	I	I	337134.5	I	15424649.0
5091at6231	V	V	5357680.5	V	15624982.0
5103at6231	IV	IV	3962751.0	IV	137953.5
5113at6231	II	II	17016692.5	II	12933907.0
5117at6231	III	III	5312609.5	III	381386.0
5127at6231	IV	IV	10281840.5	IV	9948579.0
5131at6231	III	III	15534152.5	III	8387380.0
5132at6231	X	X	5155162.0	X	797209.5
5135at6231	III	IV	11092244.0	III	13284477.0
5136at6231	II	IV	9996165.0	V	16078865.0
5142at6231	I	I	2089670.5	I	7518596.5
5147at6231	II	II	2188812.5	II	8417852.5
5158at6231	III	III	12420128.0	III	7068568.0
5165at6231	X	X	9853410.5	X	14404279.5
5188at6231	V	V	13698762.5	V	8232539.0
5189at6231	III	III	11179253.0	III	5782770.5
5190at6231	IV	IV	5949408.0	IV	7849255.5
5191at6231	III	III	8622046.5	III	10101212.0
5199at6231	I	I	14757694.0	I	7204688.0
5202at6231	I	I	12200089.0	I	12794310.0
5207at6231	II	II	14212323.0	II	7973801.5
5208at6231	X	X	17738202.5	X	16875848.5
5240at6231	I	I	912262.5	I	2145811.0
5248at6231	III	III	9170055.5	III	6466921.0
5249at6231	II	II	1367989.5	II	5929802.0
5256at6231	I	I	15316760.0	I	2063702.5
5261at6231	III	III	2650421.0	III	14188065.0
5268at6231	I	I	9890386.5	I	7580504.0
5269at6231	III	IV	6417383.0	IV	12637661.0
5275at6231	I	I	12032867.0	I	3479983.0
5280at6231	I	I	7303889.5	I	7335867.5
5283at6231	II	II	14029202.0	II	9855206.5
5285at6231	II	II	10000965.0	II	13019870.0
5289at6231	X	X	2837822.0	X	1853474.5
5290at6231	II	II	9591695.5	II	15151451.0
5291at6231	III	III	16144957.5	III	14870361.5
5294at6231	II	II	1645229.0	II	11619558.5
5295at6231	II	II	11037829.5	II	9934819.5
5296at6231	X	X	11254429.5	X	9828707.0
5297at6231	IV	IV	8811803.5	IV	19038292.5
5298at6231	V	V	14464173.0	V	12677718.5
5306at6231	IV	IV	6854139.5	IV	11421960.0
5309at6231	III	III	2155469.0	III	3242687.5
5311at6231	I	I	7853130.5	I	7515174.5
5318at6231	IV	IV	578836.5	IV	1495756.0
5319at6231	V	V	8332942.0	V	10792542.5
5324at6231	X	X	7608237.0	X	280132.0
5330at6231	I	I	14349008.5	I	3710075.0
5340at6231	III	III	11718065.0	III	9367632.0
5342at6231	IV	I	9452801.0	IV	7319075.5
5347at6231	II	II	7687852.0	III	2531106.5
5351at6231	II	II	1771764.5	II	18232773.0
5357at6231	II	II	959504.5	II	11365575.5
5363at6231	X	X	9919938.5	X	12671245.5
5365at6231	I	I	11114492.5	I	7004401.5
5387at6231	III	III	10020270.5	III	4871632.5
5398at6231	V	V	9238732.0	V	2244400.0
5406at6231	II	II	8898291.0	II	12544314.5
5420at6231	III	III	12063744.5	III	9901285.0
5441at6231	X	X	10831639.0	X	13507944.0
5451at6231	unassigned	I	11343222.0	I	8878109.0
5452at6231	II	II	6898428.0	II	6852692.0
5465at6231	IV	IV	3134727.5	IV	6358616.0
5470at6231	I	I	7751871.5	I	1154019.0
5472at6231	I	I	10469549.5	I	5065005.5
5480at6231	X	X	11614776.5	X	13151006.0
5481at6231	I	I	3502233.5	I	1942398.5
5482at6231	II	II	14257449.0	II	13047302.5
5484at6231	I	I	12218827.0	I	12383349.0
5488at6231	X	X	9257822.0	X	15717058.5
5490at6231	III	III	6282878.0	III	7458223.0
5499at6231	IV	IV	9338699.0	IV	8785469.5
5500at6231	I	III	5956617.0	III	9689002.5
5501at6231	V	SCAFFOLD_577	1568.5	III	47440.0
5502at6231	X	X	4480797.5	X	7147861.5
5505at6231	I	I	1807159.0	I	1272325.5
5510at6231	V	V	8611247.0	V	19115023.5
5513at6231	X	X	9273780.5	X	15611148.0
5514at6231	I	I	8802053.5	I	11813150.0
5515at6231	I	II	14466001.5	IV	12631243.5
5517at6231	III	III	8634296.0	III	9016445.0
5521at6231	I	I	6870498.0	I	5748674.0
5522at6231	X	X	2093108.5	X	3394383.5
5545at6231	II	II	9603937.5	III	12882569.5
5548at6231	II	II	6454502.0	II	5589822.5
5566at6231	I	I	6129664.0	I	3817762.0
5569at6231	II	II	11809784.5	II	4063585.0
5572at6231	IV	IV	1187086.0	IV	11278426.5
5574at6231	II	II	12188073.5	II	8088132.5
5576at6231	V	V	2150895.0	V	10183652.0
5579at6231	III	III	8010355.5	III	418862.5
5585at6231	I	I	12019847.0	I	8822239.5
5594at6231	X	X	8006879.5	X	1384620.0
5597at6231	I	I	8076789.0	I	4171469.0
5598at6231	unassigned	III	7160023.5	III	10730033.5
5611at6231	I	I	5817217.0	I	7052417.5
5616at6231	unassigned	V	6211132.5	V	3413113.0
5626at6231	III	III	7846772.5	III	3513027.5
5643at6231	X	X	16810715.5	X	4402304.5
5648at6231	III	III	10064224.0	III	9938706.5
5655at6231	I	I	502577.0	I	1705817.5
5664at6231	V	V	4959268.0	V	9333111.5
5668at6231	III	III	9653940.0	III	12591203.0
5671at6231	III	III	15111804.5	III	9554708.0
5676at6231	I	I	9465322.0	I	3321890.5
5680at6231	V	V	6308125.0	V	8709706.0
5682at6231	II	II	15706235.5	II	4172709.0
5693at6231	IV	IV	5110524.0	IV	7395721.5
5694at6231	V	V	8305633.5	V	11169172.0
5703at6231	I	I	9168815.0	I	10653386.0
5707at6231	III	III	11229537.5	III	7928650.0
5714at6231	IV	IV	9756253.5	IV	11676335.5
5717at6231	V	V	7329398.0	V	19766582.5
5718at6231	IV	I	10834458.5	X	8337544.5
5725at6231	I	I	353883.0	I	8379222.0
5739at6231	II	II	14910113.0	II	9595269.0
5740at6231	I	I	4655508.5	I	5719145.5
5741at6231	III	III	14645586.5	III	5814188.5
5750at6231	II	II	1738691.5	II	10487407.0
5752at6231	II	IV	11013853.5	II	8010077.5
5754at6231	X	X	10783322.0	X	13350635.0
5755at6231	X	X	682955.0	X	15952235.5
5761at6231	I	I	10859997.5	I	4529230.0
5769at6231	III	III	14830494.5	III	3971134.5
5770at6231	I	I	1470936.0	I	9588764.0
5771at6231	V	V	11987124.5	V	16998995.0
5773at6231	I	I	9468651.0	I	3318769.5
5779at6231	II	II	10933228.0	II	12862900.0
5785at6231	I	I	4209959.0	I	8851696.0
5789at6231	I	I	7280531.5	I	7351197.5
5800at6231	I	I	7356243.5	I	15740925.5
5805at6231	V	V	9498801.0	V	20421234.5
5807at6231	IV	IV	5495286.0	IV	7456865.5
5811at6231	I	I	4044654.0	I	10534638.0
5812at6231	X	X	12717546.0	X	11837855.0
5818at6231	III	III	11431639.5	III	540322.0
5822at6231	II	II	941848.0	II	11359590.5
5827at6231	III	III	7469372.5	III	5391881.0
5842at6231	X	V	8962892.0	V	301003.0
5849at6231	I	II	16559803.5	X	1205875.0
5854at6231	IV	IV	7962252.5	IV	7042857.5
5855at6231	IV	IV	12597100.0	IV	10144998.0
5856at6231	IV	IV	7850346.0	IV	2488237.5
5864at6231	I	I	13296011.0	I	3719019.0
5868at6231	I	SCAFFOLD_512	7696.5	I	6124736.0
5869at6231	I	IV	9247708.5	IV	12598385.5
5872at6231	X	X	8776041.0	X	16305250.5
5875at6231	V	V	11448506.5	V	6559386.0
5882at6231	III	III	7903603.5	III	11151910.5
5888at6231	III	III	13633807.0	III	1371642.0
5891at6231	III	III	15442180.5	III	9754627.5
5895at6231	I	I	1987063.5	I	585532.0
5900at6231	I	I	7366543.0	I	14684228.0
5909at6231	V	V	5751764.0	V	6567177.0
5913at6231	II	II	9499717.0	II	16365458.5
5915at6231	III	III	10131659.0	III	6708936.5
5916at6231	III	III	12987317.0	III	8597939.0
5919at6231	II	II	9504385.5	III	12889234.0
5923at6231	III	III	11145158.0	III	4615062.0
5928at6231	II	II	13133877.0	II	7094980.0
5930at6231	II	II	1415336.0	II	10571864.0
5952at6231	I	I	4602136.5	I	1203824.0
5957at6231	I	I	10807906.0	I	8207758.0
5962at6231	III	III	3690993.5	III	5464161.5
5965at6231	II	II	14715443.5	II	7829818.5
5978at6231	I	I	5301149.0	I	7700320.5
5979at6231	II	II	15943834.5	II	9992459.0
5988at6231	V	X	5126223.0	X	768088.5
5996at6231	V	V	3463415.0	V	3821192.5
5997at6231	III	I	8743457.0	III	1855074.0
6012at6231	V	V	15752953.0	V	20108450.0
6021at6231	II	II	10831176.0	II	12005557.5
6022at6231	III	III	8389479.0	III	2447131.0
6023at6231	I	I	6496692.5	I	4896173.0
6028at6231	III	III	3743709.5	III	3816680.0
6032at6231	IV	IV	8591276.5	IV	9479973.0
6036at6231	IV	IV	3398176.5	IV	11619001.0
6037at6231	II	II	14539283.0	II	13831527.5
6041at6231	I	I	15318338.0	I	2062320.5
6046at6231	IV	IV	14916443.5	IV	4114279.0
6057at6231	IV	IV	10740030.5	IV	7507812.5
6065at6231	I	I	11108922.5	I	7028321.0
6080at6231	III	III	8876876.0	III	15988031.5
6081at6231	V	V	1997525.0	V	20217868.0
6083at6231	II	II	14717215.5	II	7906855.0
6102at6231	X	X	5197519.5	X	859522.5
6103at6231	IV	IV	3051406.0	IV	7472623.0
6105at6231	IV	IV	15998384.5	IV	17170877.0
6106at6231	II	II	9035595.5	II	7549939.5
6122at6231	III	III	2689779.5	III	5976263.0
6127at6231	X	X	8040232.0	X	1336266.5
6132at6231	IV	IV	3721806.5	IV	7277103.5
6134at6231	I	I	11275238.0	I	5962170.0
6137at6231	II	II	8424732.0	II	9684017.5
6138at6231	I	I	9426307.5	I	12589369.0
6146at6231	II	II	13983533.0	II	9464393.0
6148at6231	IV	IV	10265561.5	IV	9956209.5
6156at6231	III	III	11794590.0	III	19710618.0
6172at6231	V	III	7250771.0	III	11335084.0
6176at6231	IV	I	14515315.0	IV	7892452.0
6182at6231	IV	IV	4915932.0	IV	1985792.0
6186at6231	III	III	14962430.0	III	9460302.0
6192at6231	V	V	15172395.5	V	8169666.5
6193at6231	I	I	9482497.5	I	7561962.5
6197at6231	X	X	11975891.5	X	12795931.5
6209at6231	V	V	6304417.5	V	8712322.5
6214at6231	I	I	3320173.0	I	6289302.0
6218at6231	X	X	18006798.5	X	8374806.0
6222at6231	IV	IV	12535303.0	IV	7305851.0
6233at6231	II	II	11412557.5	II	13596510.0
6234at6231	V	V	11417950.5	V	7386501.5
6237at6231	V	I	1266400.5	I	9441297.5
6240at6231	unassigned	I	7241239.5	I	673768.5
6250at6231	IV	II	9620048.0	II	20957635.5
6269at6231	III	III	10504118.0	IV	12231963.0
6270at6231	I	I	5311621.5	I	2625551.5
6299at6231	I	I	7138168.5	I	5684397.5
6300at6231	X	X	703592.5	X	15983052.0
6302at6231	unassigned	V	10715989.5	V	8196195.0
6305at6231	II	II	10977127.5	II	12893362.0
6309at6231	III	III	2289469.5	III	18461083.0
6310at6231	III	III	7273811.0	III	9178489.5
6311at6231	II	II	15049773.5	II	6150028.0
6318at6231	III	III	14817445.5	III	4065720.0
6328at6231	III	III	10254658.5	III	10020947.5
6338at6231	III	III	1037818.0	III	12304615.0
6340at6231	III	III	12742026.5	III	14261108.0
6348at6231	X	X	6576161.5	X	4669734.0
6366at6231	III	III	7934114.0	III	13978397.0
6374at6231	IV	IV	9511179.0	IV	20166996.5
6379at6231	II	II	15719285.0	II	5271477.5
6423at6231	V	V	9734659.5	V	6835463.5
6427at6231	II	II	9062884.5	II	9636036.5
6434at6231	IV	IV	9505502.0	IV	20162338.5
6439at6231	V	V	1231004.5	V	13195512.5
6440at6231	I	I	736453.5	I	18065346.0
6448at6231	II	II	3634787.0	II	4956773.5
6451at6231	II	II	7652041.0	II	12935385.5
6462at6231	III	III	11214917.5	III	7937273.5
6479at6231	V	V	15249916.0	V	15145219.5
6482at6231	II	II	7039716.0	II	17326630.0
6487at6231	III	III	9266339.0	II	21273520.5
6496at6231	I	I	12170889.5	I	5498261.5
6503at6231	X	X	7210125.5	X	9444691.5
6507at6231	III	III	12517923.5	III	8090705.0
6514at6231	V	V	11777888.5	V	19896053.0
6523at6231	II	I	428919.0	X	1295785.5
6531at6231	X	X	6574339.0	X	4665877.0
6532at6231	II	II	5616432.0	II	21212924.5
6553at6231	III	III	6701125.5	III	12970780.5
6557at6231	II	II	13606333.5	II	13557609.0
6566at6231	III	III	11932938.0	III	18055097.5
6569at6231	III	III	12845195.0	III	9644347.5
6570at6231	X	X	9116264.0	X	15126965.5
6571at6231	III	III	8832468.5	III	6823272.0
6590at6231	I	I	3885368.0	I	5657910.0
6594at6231	X	X	12075993.0	X	14256567.0
6597at6231	I	I	7934379.0	I	67210.5
6600at6231	III	III	8973429.0	III	6071869.5
6601at6231	II	II	7451278.5	II	253253.5
6610at6231	III	III	9711725.5	III	7882140.5
6614at6231	II	II	9293499.5	II	11379819.5
6628at6231	III	III	11969463.0	III	6836657.5
6630at6231	V	V	6289614.5	V	8728509.5
6635at6231	IV	IV	1421260.0	V	11745013.5
6636at6231	II	II	14425810.0	II	11333402.5
6637at6231	III	III	4782256.0	III	854393.5
6642at6231	I	I	3788313.0	I	7297279.5
6643at6231	II	II	11753178.0	II	4011459.5
6652at6231	II	II	1944726.5	II	12640516.0
6662at6231	unassigned	X	10555081.5	I	6483509.0
6663at6231	I	I	8386901.5	I	1829847.0
6675at6231	I	I	10575297.0	I	5026727.0
6678at6231	unassigned	I	2976363.5	I	18142538.5
6679at6231	III	III	15191049.0	III	8774707.5
6683at6231	X	X	9576519.5	X	14457561.0
6687at6231	X	X	1498756.5	X	3342076.0
6689at6231	II	II	5459534.0	II	9613290.5
6690at6231	V	V	11645570.5	V	11629899.0
6693at6231	V	V	2556515.0	V	234716.5
6706at6231	I	I	6755575.5	I	18111272.5
6708at6231	III	IV	141670.5	IV	2186069.5
6709at6231	II	II	13534634.0	II	6948092.0
6711at6231	IV	IV	7970068.0	IV	7031529.0
6716at6231	V	V	16328430.0	V	13832915.5
6723at6231	V	V	8353875.5	V	10776275.0
6725at6231	V	V	11669744.5	V	14315595.5
6736at6231	II	II	5743782.5	IV	12659336.5
6745at6231	V	V	17943498.5	V	15421276.5
6752at6231	V	V	1557559.0	V	4603062.0
6753at6231	IV	IV_unlock_3	47504.0	IV	14670861.0
6756at6231	IV	IV	218269.5	IV	6538511.5
6757at6231	V	V	9274469.0	V	1907740.5
6764at6231	III	III	13216994.5	III	4949121.5
6765at6231	V	III	4439837.5	III	5905098.0
6766at6231	II	II	5292746.5	II	8529858.0
6772at6231	III	III	11984936.0	IV	2899787.5
6778at6231	II	II	10168808.5	II	12753545.5
6783at6231	unassigned	IV	3668872.0	IV	15196164.0
6806at6231	III	IV	15200902.5	III	6617832.0
6812at6231	V	V	2366776.0	V	6398262.5
6813at6231	III	III	11147043.0	III	3825917.5
6815at6231	I	I	3337656.0	I	717932.0
6816at6231	X	X	9596657.0	X	14210615.5
6826at6231	II	II	7159661.5	II	20935179.5
6827at6231	I	I	5771306.5	I	12512359.5
6830at6231	III	III	6001200.5	III	6107312.5
6833at6231	V	V	5779966.5	V	5894372.0
6838at6231	V	V	1018196.0	V	16870700.5
6843at6231	II	II	13230783.5	II	13122923.5
6846at6231	V	V	334765.0	V	2706188.5
6848at6231	III	III	4998146.0	III	4802813.5
6857at6231	IV	IV	12456129.0	IV	6052861.0
6860at6231	unassigned	III	11008206.0	III	1267274.0
6875at6231	I	I	9229712.0	I	5664087.0
6876at6231	IV	IV	13689267.5	IV	10603083.5
6879at6231	X	X	10822626.5	X	13559802.5
6880at6231	I	I	13649284.0	I	4554996.0
6886at6231	V	V	12273959.0	V	13516247.5
6898at6231	II	II	5086059.0	II	10059464.0
6900at6231	IV	IV	7972170.5	IV	7027100.5
6902at6231	I	I	3978217.0	I	7207512.0
6907at6231	I	V	11350104.0	V	11782799.0
6914at6231	IV	I	8484013.5	IV	7717639.0
6924at6231	X	X	4752375.0	X	7657231.5
6932at6231	IV	IV	1396694.5	IV	13731811.0
6938at6231	II	II	10937526.5	II	12866529.5
6941at6231	III	III	12140839.5	III	9678858.5
6942at6231	IV	IV	4795482.5	IV	10645605.0
6943at6231	IV	IV	10486922.0	IV	141466.5
6945at6231	V	V	3079385.0	V	8429488.0
6946at6231	I	I	7865959.5	I	7508608.5
6947at6231	I	I	8188196.0	I	6780271.5
6949at6231	III	III	4977805.0	III	4831229.0
6960at6231	IV	IV	2990372.5	IV	1281576.0
6967at6231	III	III	9217665.5	III	8743692.0
6977at6231	I	I	2076015.5	I	7524676.5
6979at6231	III	SCAFFOLD_709	3678.0	III	11033450.5
6984at6231	III	III	9162709.0	III	6461401.5
6989at6231	III	III	16107930.0	III	348220.5
6991at6231	I	I	15527539.5	I	9574706.5
6998at6231	II	II	5439092.0	II	9620510.5
7002at6231	I	I	4538701.0	I	7072394.0
7003at6231	X	X	8915158.0	V	8729980.5
7004at6231	I	I	1699463.5	I	3838322.5
7005at6231	I	I	12027827.0	I	8818078.5
7007at6231	I	I	12272764.0	I	12240487.5
7009at6231	I	I	6007920.5	I	9185826.5
7010at6231	II	II	7966226.5	II	7733259.0
7011at6231	III	III	6047849.0	III	7282827.0
7020at6231	II	II	13644011.5	II	14567019.5
7026at6231	II	II	9514209.0	II	21328948.5
7029at6231	IV	IV	6028004.5	IV	11045934.5
7046at6231	V	V	10837047.5	V	19298664.0
7050at6231	V	V	7012220.5	V	18237152.0
7061at6231	II	II	17035197.5	II	11469936.0
7063at6231	III	III	11013625.5	III	7131568.0
7068at6231	I	I	5366702.5	I	4697446.5
7071at6231	unassigned	II	9633612.5	II	18903622.5
7076at6231	V	V	6417504.5	V	6987014.5
7086at6231	IV	IV	5947949.5	IV	7850962.5
7088at6231	II	II	8578492.5	II	3155263.0
7092at6231	I	I	10192624.0	I	3993024.5
7108at6231	IV	IV	8162443.0	IV	13416105.5
7109at6231	II	II	8324355.0	II	15506411.5
7110at6231	X	X	9135373.5	X	15098700.0
7114at6231	III	III	1072402.5	III	9257096.5
7116at6231	V	V	2035852.5	V	13018065.0
7119at6231	I	I	14953946.5	I	7185877.5
7123at6231	I	I	15903408.0	I	5393242.0
7127at6231	V	V	3130559.0	V	11030454.5
7130at6231	IV	IV	12400051.5	IV	6138011.5
7151at6231	III	III	7006444.5	III	19846853.0
7161at6231	V	V	2684956.0	V	12644340.0
7163at6231	IV	IV	8337299.0	III	13836020.5
7175at6231	III	III	11698305.0	III	1619299.0
7183at6231	II	II	8968873.0	II	8713567.0
7186at6231	III	III	6379641.0	III	1219320.5
7187at6231	X	X	7819351.5	X	359063.0
7197at6231	I	I	7349894.5	I	15752386.0
7201at6231	X	X	7973013.0	X	11567527.0
7202at6231	IV	IV	15984807.5	IV	16845015.0
7205at6231	IV	IV	1070052.5	IV	11814244.0
7216at6231	III	III	14033707.0	III	10046423.0
7224at6231	IV	IV	14105395.5	IV	18246472.5
7225at6231	III	III	13854297.5	III	6668891.5
7230at6231	III	III	12307564.0	III	10478153.0
7232at6231	I	I	8766236.0	I	11796302.0
7234at6231	III	III	16259829.0	III	5342007.0
7246at6231	IV	IV	15169381.5	IV	19807060.0
7250at6231	X	X	17371068.5	X	8176505.5
7251at6231	V	V	4971132.0	V	9324344.5
7252at6231	V	V	14653653.5	V	11124935.0
7260at6231	I	I	15143711.0	I	14109453.0
7264at6231	IV	IV	5587724.5	IV	19838996.0
7265at6231	III	III	7744363.0	III	9301920.0
7266at6231	V	III	8710319.0	III	14095173.5
7269at6231	III	III	11012292.0	III	7132742.0
7278at6231	I	I	2077275.5	I	7523117.5
7279at6231	V	SCAFFOLD_673	2945.0	V	20575474.5
7280at6231	I	I	8299133.5	I	9927737.0
7281at6231	I	I	9582291.0	I	4472021.0
7286at6231	unassigned	III	13261492.5	III	6944694.5
7287at6231	II	II	6058360.5	II	5824220.0
7288at6231	I	I	8959540.5	I	17903848.5
7289at6231	II	II	14344721.5	II	11013306.0
7292at6231	I	I	5992805.5	I	3824188.5
7293at6231	III	III	10129188.0	III	6653024.0
7299at6231	I	I	14791939.5	I	17757514.0
7302at6231	X	X	5066603.5	X	686786.5
7305at6231	I	I	1505758.0	I	2185776.5
7311at6231	III	II	5696108.0	II	8988514.5
7319at6231	I	I	11685639.0	I	10576782.0
7322at6231	III	III	6930467.5	III	19745004.0
7327at6231	II	II	16620631.0	II	8992623.0
7330at6231	III	III	11958600.5	III	6844748.5
7340at6231	V	V	764469.0	V	18112212.5
7345at6231	I	I	11564261.5	I	9328115.5
7351at6231	I	I	12489395.0	I	4244512.5
7352at6231	I	I	6754573.0	I	18110020.0
7353at6231	III	III	4634133.0	III	9413755.5
7363at6231	III	III	9594993.5	III	5041339.5
7367at6231	I	I	10836089.0	I	4546003.0
7371at6231	V	V	9244589.0	V	2233126.0
7381at6231	V	V	10720795.0	V	8197936.5
7384at6231	II	II	3620973.5	II	5007186.0
7385at6231	I	I	13669999.5	I	4566628.0
7393at6231	IV	IV	7421605.5	IV	13051388.5
7401at6231	II	II	7447373.5	II	249593.5
7402at6231	V	V	7331273.0	V	19762413.5
7416at6231	I	I	6297581.5	I	2165381.5
7418at6231	I	I	8411041.0	I	6533628.5
7422at6231	III	III	8582592.5	III	5081712.0
7423at6231	X	X	16994094.0	X	1010036.5
7430at6231	I	I	14945604.5	I	7191177.5
7447at6231	IV	IV	3632916.5	IV	20084817.0
7449at6231	I	V	13642963.5	V	20465744.5
7460at6231	III	III	11504088.5	V	17693475.5
7469at6231	II	II	5621776.0	II	21205930.5
7473at6231	II	II	7544902.0	II	7294118.5
7474at6231	V	V	2876576.5	V	5169976.0
7478at6231	V	V	2873158.5	V	10558156.5
7479at6231	II	II	7201137.5	II	1701243.0
7480at6231	II	II	9567596.5	II	18164959.5
7481at6231	X	X	12071832.5	X	14272491.0
7492at6231	I	I	13418225.0	I	7744175.5
7500at6231	IV	I	5849816.0	IV	8050704.0
7507at6231	X	X	1422903.0	X	6738844.0
7520at6231	IV	IV	599385.5	IV	1513548.5
7521at6231	III	III	11747264.5	III	9922616.5
7524at6231	unassigned	II	8886218.0	II	12540449.0
7525at6231	I	I	3286397.5	I	6307934.0
7528at6231	I	I	6266190.5	I	5558496.5
7540at6231	V	V	2581743.0	V	248023.5
7546at6231	I	I	14934966.5	I	7196646.0
7555at6231	I	I	6467235.5	I	9191320.5
7557at6231	III	II	14607343.5	II	11499363.5
7558at6231	III	III	16101119.5	III	334400.0
7560at6231	IV	IV	8912983.5	IV	18169894.0
7561at6231	V	V	3170582.0	V	20552418.5
7565at6231	III	III	9675983.0	III	10329626.5
7566at6231	X	X	8221049.0	X	1406014.0
7571at6231	III	III	8235898.5	III	5849896.5
7573at6231	I	I	5998249.5	I	8238682.0
7579at6231	I	I	7363687.0	I	15770292.0
7586at6231	IV	I	7464044.5	IV	17426074.5
7601at6231	X	X	11189450.0	X	9911339.0
7606at6231	X	X	17165380.0	X	1109995.0
7615at6231	III	III	11130835.5	III	15087998.0
7617at6231	X	X	11258940.5	X	9823921.0
7626at6231	I	I	4723790.0	I	8623518.0
7628at6231	II	II	10847630.0	II	12016526.5
7633at6231	X	X	6764063.5	X	1427250.0
7637at6231	II	II	13574660.5	II	13586055.0
7651at6231	II	II	5999580.0	II	16696295.5
7663at6231	III	I	11199619.5	I	17200393.0
7664at6231	IV	IV	9562234.5	IV	7289527.5
7665at6231	IV	IV	1129391.0	IV	11268170.0
7669at6231	III	III	10273277.5	III	9407656.0
7670at6231	II	II	9563590.0	II	20595176.5
7672at6231	IV	IV	8285865.5	IV	5770631.0
7674at6231	unassigned	IV	3065415.0	IV	7479797.0
7675at6231	II	II	17152215.5	II	13442881.0
7678at6231	III	III	14703003.0	III	8343938.5
7681at6231	unassigned	I	15293443.0	I	2972521.0
7696at6231	IV	IV	9630829.0	IV	19873044.0
7701at6231	X	X	4495575.5	X	7127730.0
7702at6231	II	II	13377721.5	II	14132233.5
7703at6231	III	III	5760243.0	III	19703593.5
7706at6231	III	III	1169783.0	III	13688640.0
7713at6231	V	V	12347537.0	V	18231608.0
7716at6231	III	III	2127583.5	III	19800252.0
7720at6231	III	III	1960526.0	III	12368368.5
7729at6231	IV	IV	11514134.0	IV	14889021.5
7736at6231	IV	IV	16003120.5	IV	17161925.5
7738at6231	I	I	3194723.0	I	1754746.0
7743at6231	III	III	10070492.0	III	6602360.0
7746at6231	V	V	678976.0	V	13362765.0
7761at6231	unassigned	III	6020005.0	III	6093540.5
7763at6231	V	V	17333315.5	V	9151699.0
7764at6231	III	III	11045966.5	III	8741312.0
7772at6231	I	I	12290982.5	I	12273699.0
7788at6231	I	I	5750547.0	I	12494953.0
7800at6231	II	II	13686305.0	II	9894616.0
7806at6231	II	II	9543980.0	II	20890244.5
7810at6231	V	V	5692588.0	V	8884129.5
7811at6231	X	X	16116051.0	X	1750016.5
7814at6231	I	I	8101259.5	I	7439319.5
7825at6231	II	II	5454197.5	II	9617159.0
7839at6231	II	II	15398728.0	II	9475540.5
7847at6231	X	X	9492734.0	X	11335079.0
7849at6231	I	I	5536821.0	I	9795787.5
7851at6231	I	I	7607330.0	I	6065863.0
7885at6231	III	III	11231858.0	III	7926081.0
7889at6231	III	III	15065639.0	III	11299065.5
7895at6231	IV	IV	12526645.0	IV	7298280.5
7912at6231	IV	IV	9846043.0	IV	9919520.0
7913at6231	III	III	10270924.0	III	9406678.0
7921at6231	III	III	11749974.5	III	9923603.5
7926at6231	III	III	8803123.5	III	9873208.5
7927at6231	III	III	6008546.5	III	6101618.5
7955at6231	II	II	10033049.5	II	15107935.5
7961at6231	II	II	6747249.0	II	3276235.0
7970at6231	X	X	9970150.5	X	10380992.0
7975at6231	III	III	14716487.0	X	54914.5
7983at6231	V	V	2587266.5	V	256215.0
7987at6231	II	II	12704995.5	II	11320701.0
7991at6231	III	III	15265148.5	III	7953613.0
7992at6231	IV	IV	11838547.0	IV	17860314.5
7993at6231	II	II	11491345.5	II	2645671.5
8002at6231	III	III	5125346.0	III	11152922.5
8005at6231	I	I	6470105.5	I	9765455.5
8006at6231	V	V	2629804.5	V	7544298.0
8007at6231	I	I	8745448.5	I	11266699.5
8009at6231	III	III	778936.5	III	11246181.5
8019at6231	III	I	1796531.5	III	19815894.5
8021at6231	III	III	6714074.5	III	18726906.0
8025at6231	II	II	6777635.0	II	3289155.5
8033at6231	V	V	11802686.5	V	6944341.0
8036at6231	I	I	13272410.5	I	6113183.5
8037at6231	IV	IV	13440706.5	X	13693291.0
8040at6231	I	I	10358212.0	I	9706586.5
8044at6231	X	X	4839780.0	X	251553.0
8052at6231	III	III	5952027.0	III	12775337.0
8055at6231	I	I	12215225.0	I	12386680.5
8058at6231	I	SCAFFOLD_676	4735.5	I	8778268.5
8060at6231	III	III	11059318.5	III	7333970.0
8061at6231	I	I	5477694.5	I	493570.5
8063at6231	III	III	5575642.0	III	9852896.0
8068at6231	II	II	14194338.5	II	28665.5
8072at6231	II	II	6929410.0	II	317765.5
8073at6231	IV	IV	5561102.5	IV	8971741.5
8081at6231	II	II	8684151.0	II	9544164.0
8084at6231	IV	IV	14590904.5	IV	17617031.0
8086at6231	X	X	15213909.0	X	8729712.0
8088at6231	I	I	3334762.0	I	1740753.0
8090at6231	X	X	4677823.0	X	8062904.0
8093at6231	II	II	7671272.0	II	12585533.0
8094at6231	I	I	2672532.5	I	8773078.0
8110at6231	V	SCAFFOLD_646	1480.0	V	19880390.0
8116at6231	II	II	1704188.0	II	10908078.0
8117at6231	V	V	17389062.5	V	9180986.0
8124at6231	II	II	3055208.0	II	18868530.0
8130at6231	III	III	6259278.0	III	318149.0
8134at6231	III	III	16092237.5	III	19705082.0
8139at6231	II	II	14188374.5	II	12143406.5
8156at6231	IV	IV	12538146.5	IV	7310182.0
8183at6231	V	V	13069704.5	V	11335314.0
8184at6231	III	III	11936518.5	III	9896267.5
8187at6231	IV	IV	10368540.5	IV	7526771.5
8190at6231	II	II	13384595.5	II	14139116.5
8195at6231	I	I	11560566.0	I	4400412.5
8215at6231	V	V	6075346.5	V	9081204.0
8221at6231	III	III	3132574.0	III	15121395.0
8225at6231	I	I	13490072.5	I	15837205.0
8228at6231	III	III	4409507.5	III	11060126.0
8231at6231	I	I	9635899.5	I	4423740.5
8238at6231	V	V	11429913.5	V	6312719.0
8242at6231	III	III	11929400.5	III	18043043.0
8246at6231	III	III	10891182.0	III	7683359.0
8249at6231	III	III	68016.5	III	10110954.0
8250at6231	IV	IV	1665264.5	IV	9181203.5
8258at6231	V	V	1971364.5	V	20186726.0
8273at6231	III	III	15705486.0	III	8129173.0
8275at6231	IV	IV	4539244.5	IV	10979446.0
8283at6231	I	I	15797245.5	I	5885963.0
8295at6231	II	II	6745270.5	II	3274668.5
8300at6231	IV	IV	6871815.5	IV	11411484.5
8301at6231	I	I	3592883.0	III	9869818.5
8304at6231	X	X	15029001.5	X	8483298.5
8309at6231	II	II	9598455.5	III	12878966.5
8312at6231	II	II	4197636.5	II	20403852.0
8314at6231	III	III	7044123.5	III	15915946.0
8316at6231	IV	IV	6986996.0	IV	8772056.5
8326at6231	X	X	7613207.5	V	226159.5
8329at6231	I	I	5949961.5	I	13857339.5
8337at6231	III	III	7108361.0	III	19842053.5
8340at6231	IV	IV_unlock_3	48556.0	IV	14671830.5
8341at6231	X	X	1388662.5	X	4870827.0
8342at6231	I	I	8095120.5	I	7435782.5
8344at6231	IV	IV	13825310.5	IV	10833047.0
8348at6231	II	SCAFFOLD_457	2972.5	II	9420353.5
8363at6231	II	II	9933521.5	II	13744423.5
8377at6231	X	X	11280427.5	X	9799655.5
8392at6231	I	I	6267705.0	I	5560306.5
8395at6231	III	III	15447826.5	III	9753174.0
8408at6231	IV	IV	10275444.5	IV	9951990.5
8417at6231	I	I	6083849.5	I	9175873.5
8433at6231	II	II	4932283.0	II	8196204.5
8446at6231	I	II	13527599.5	I	3492658.0
8447at6231	III	III	2157580.5	V	8787621.5
8448at6231	I	I	3605666.0	I	8185454.0
8450at6231	IV	IV	7547682.0	IV	8326422.0
8452at6231	IV	IV	8626919.5	IV	1958065.5
8453at6231	IV	IV	12531997.0	IV	7302190.0
8457at6231	III	III	11443485.5	III	7667312.5
8471at6231	III	III	3466591.5	III	7375284.5
8473at6231	II	II	10066750.0	II	5873082.5
8476at6231	unassigned	III	14358668.0	III	8578852.0
8478at6231	V	V	17465692.0	V	7094993.5
8480at6231	I	I	9670533.0	I	6411907.5
8482at6231	I	I	14476221.0	I	12806787.5
8486at6231	II	II	13589671.5	II	13575191.0
8492at6231	II	II	14336433.5	II	11006727.0
8494at6231	X	X	8677112.0	X	17365782.5
8502at6231	II	II	8770294.0	II	11938406.0
8506at6231	I	I	12385527.5	I	9045105.5
8508at6231	X	X	10263499.0	X	12866516.0
8511at6231	IV	IV	14930260.0	IV	4093632.0
8517at6231	III	III	770732.5	III	11241612.0
8518at6231	IV	V	15335410.0	V	4949789.5
8519at6231	III	III	5114377.0	III	10871689.0
8522at6231	III	III	8978134.0	III	6073961.5
8545at6231	IV	IV	9918788.5	IV	7140985.0
8552at6231	V	V	9418567.5	V	20929636.5
8561at6231	V	V	756132.5	V	18094662.0
8565at6231	X	X	18083112.5	X	8331695.5
8577at6231	V	V	2623494.5	V	7542242.0
8579at6231	III	III	7188105.0	III	4639050.5
8588at6231	IV	IV	2837015.0	IV	2718172.5
8602at6231	V	V	7159222.0	V	3927323.0
8603at6231	I	I	6618517.0	I	5493661.5
8615at6231	II	II	8239690.5	II	2607187.5
8618at6231	II	II	3766409.0	II	6649749.0
8619at6231	IV	IV	12716613.0	IV	7342946.0
8625at6231	I	I	9079300.5	I	526657.5
8643at6231	V	V	12527530.0	V	16081118.5
8647at6231	I	I	11416920.5	I	5423489.0
8664at6231	X	X	16944474.5	X	4332983.0
8669at6231	III	III	10475989.5	III	7270482.5
8675at6231	X	IV	13943930.0	IV	10911481.0
8676at6231	X	X	15996230.5	X	6201281.5
8687at6231	II	II	8879825.5	II	12531633.5
8691at6231	I	I	9388397.0	I	12569069.5
8692at6231	I	I	7678529.5	I	15146737.5
8700at6231	I	I	14006440.5	I	2720019.5
8708at6231	I	III	8282439.5	X	15077307.5
8712at6231	I	I	11567364.0	I	2808459.0
8714at6231	III	III	5260546.5	III	8224799.0
8737at6231	V	V	14685243.5	V	11109240.5
8739at6231	II	II	17185110.5	II	13458562.0
8746at6231	V	V	12638300.5	V	3328683.0
8750at6231	IV	IV	12379823.5	IV	6195642.0
8755at6231	II	SCAFFOLD_366	7243.0	II	13516644.0
8767at6231	IV	IV	1590572.0	IV	9333512.5
8776at6231	I	I	8907467.5	I	3591934.0
8780at6231	III	I	5650783.0	I	6889206.0
8781at6231	II	II	7958787.0	II	7737336.5
8794at6231	I	I	14518848.0	I	2102752.5
8796at6231	IV	IV	4394177.0	IV	6593511.5
8810at6231	IV	IV	9048956.0	IV	9001613.5
8817at6231	III	III	877892.5	III	19781394.0
8827at6231	IV	IV	9245765.0	IV	12600679.0
8834at6231	I	I	8125720.0	I	7463281.0
8837at6231	I	I	1218465.5	I	9425053.5
8842at6231	III	III	12519442.0	III	8091766.5
8850at6231	III	III	8310221.5	III	8957799.0
8856at6231	V	V	4293847.0	V	12180338.0
8862at6231	I	I	472739.0	I	2545635.0
8878at6231	III	III	11681567.5	III	9861683.5
8879at6231	V	V	14348880.0	V	11408286.5
8888at6231	V	V	6861283.0	V	1405119.5
8902at6231	I	I	8000354.0	I	3613767.0
8911at6231	IV	IV	9888890.0	IV	10485012.0
8914at6231	I	I	1443320.5	I	7150971.0
8917at6231	I	I	5021872.0	I	2864357.5
8918at6231	IV	IV	10485684.0	IV	10563143.0
8926at6231	II	II	14053316.0	II	2133913.5
8934at6231	III	III	3313135.0	III	7398625.5
8946at6231	III	III	14168557.5	III	6038459.5
8949at6231	I	I	1810971.5	I	1276464.0
8969at6231	II	II	9632595.0	II	17537168.5
8983at6231	II	II	8285758.0	II	533450.5
8994at6231	IV	IV	15688876.5	IV	15623141.0
9003at6231	unassigned	V	6708841.5	V	9385958.0
9005at6231	III	III	15819175.5	III	8768569.5
9014at6231	I	I	8643198.0	I	7478312.5
9039at6231	X	X	8862915.5	X	15274433.0
9040at6231	V	V	12144213.5	V	9454658.5
9041at6231	III	III	12402387.0	III	10892123.5
9048at6231	II	II	5071539.5	II	6210676.0
9049at6231	III	III	485312.0	III	11113348.0
9051at6231	III	IV	13925906.0	IV	10926619.0
9055at6231	X	X	5016030.5	X	614232.5
9059at6231	X	X	3860431.5	X	7977057.0
9066at6231	III	III	14383410.5	III	9731256.0
9072at6231	IV	IV_unlock_3	39361.5	IV	13043386.5
9077at6231	X	III	10614036.0	III	6514632.5
9081at6231	I	I	15647231.5	I	10129562.0
9082at6231	II	II	14505820.5	II	12268689.5
9092at6231	I	I	13077674.0	I	4378305.5
9097at6231	II	II	15397901.5	II	9474301.0
9098at6231	III	III	15664940.0	III	7422090.5
9150at6231	III	III	12134712.5	III	12784734.0
9164at6231	III	III	1391904.5	III	5732034.0
9166at6231	III	III	10236762.0	III	6027373.5
9173at6231	III	III	5362542.0	III	5100143.0
9187at6231	IV	IV	13556212.0	IV	1610170.5
9192at6231	X	X	9105407.5	X	15166081.0
9200at6231	IV	IV	15670297.5	IV	16855052.5
9206at6231	I	I	5776482.0	I	1731960.0
9208at6231	X	X	15136780.5	X	4969672.0
9213at6231	III	III	16097107.5	III	372527.0
9221at6231	IV	IV_unlock_3	35369.5	IV	13026730.0
9229at6231	I	I	11819767.0	I	9030141.0
9236at6231	III	III	10379064.5	III	7031776.5
9240at6231	II	IV	11569036.0	IV	12226803.5
9243at6231	III	III	13554003.0	III	1313246.5
9244at6231	III	III	2492154.5	III	10549043.5
9253at6231	III	III	11833837.0	III	19399597.0
9260at6231	I	I	4754914.0	I	8602738.5
9262at6231	unassigned	I	8981106.5	I	230448.0
9270at6231	V	V	12591739.0	IV	14916207.5
9275at6231	IV	IV	7550740.5	IV	8323146.5
9278at6231	IV	IV	9371072.0	IV	12797045.5
9279at6231	IV	IV	9914898.0	IV	7145364.5
9299at6231	V	V	2673119.5	V	4231592.0
9300at6231	V	V	4513080.5	V	6707628.5
9313at6231	V	V	4968780.0	V	9325956.0
9327at6231	X	X	4362896.5	X	7483645.5
9329at6231	III	III	2737497.0	III	12117764.5
9332at6231	III	III	5144430.5	III	9030989.5
9333at6231	I	I	6134875.5	I	3811168.0
9343at6231	I	I	2959390.5	I	18159091.5
9354at6231	III	III	15449100.5	III	19775962.5
9367at6231	I	I	7858874.0	I	7512302.5
9370at6231	V	V	16650891.0	V	15627646.5
9387at6231	II	II	2691215.5	II	12804951.0
9390at6231	X	X	9119570.5	X	15121579.5
9403at6231	III	III	5124557.0	III	10799049.5
9425at6231	II	II	11719189.5	II	4052352.5
9436at6231	IV	IV	12781631.5	IV	7594181.5
9440at6231	I	I	10500710.0	I	8466970.5
9441at6231	III	III	13774805.5	III	4377152.5
9443at6231	III	III	13576343.5	III	3442972.0
9448at6231	X	X	7719068.5	X	10836448.0
9451at6231	III	IV	9963991.5	III	16719176.5
9453at6231	III	IV	5548950.5	IV	12629242.5
9458at6231	III	III	5004445.0	III	4796323.5
9463at6231	X	X	15815150.5	X	11979231.5
9466at6231	IV	IV	5096769.0	IV	7049991.5
9467at6231	X	X	2726226.5	X	9149776.5
9478at6231	V	V	14771056.0	V	12425665.0
9486at6231	V	V	3086554.0	V	2650778.0
9491at6231	unassigned	I	11010874.0	I	8667535.5
9494at6231	I	I	9861143.5	I	7565886.5
9499at6231	V	V	12766620.0	V	9436506.5
9500at6231	V	V	14862545.0	V	8788789.0
9504at6231	III	III	13005442.0	III	8585376.5
9512at6231	III	III	10102580.0	III	5200815.0
9515at6231	III	III	2951014.5	III	13044112.0
9516at6231	II	II	8682269.5	II	9546376.5
9526at6231	I	I	3714191.5	I	16596264.5
9532at6231	I	I	4317076.0	I	1886437.5
9534at6231	III	III	11625921.5	III	1629800.0
9541at6231	IV	IV	3693808.0	IV	15232335.0
9547at6231	V	V	1773323.0	V	8368391.0
9548at6231	III	III	15544684.5	III	9205203.0
9557at6231	IV	IV	8006002.5	IV	6930450.5
9559at6231	I	I	5703223.0	I	9460593.0
9563at6231	III	III	8694005.5	III	6484441.5
9564at6231	I	I	13306797.5	I	5930245.5
9574at6231	III	III	15137484.0	III	8987805.0
9579at6231	II	II	14605721.5	II	11501227.5
9582at6231	II	II	14472163.5	II	2913719.5
9588at6231	X	II	5765574.5	III	4611788.5
9615at6231	I	I	5954681.0	I	15671247.5
9618at6231	unassigned	III	5233442.5	III	16572770.0
9630at6231	I	I	7111590.0	I	6608817.5
9632at6231	II	V	17106663.0	II	10258188.5
9639at6231	I	I	7646523.5	I	16203336.0
9649at6231	III	III	1020362.0	III	19778335.0
9657at6231	II	II	13295867.0	II	7484537.5
9662at6231	V	V	12181378.0	V	13444985.5
9669at6231	IV	IV	15233980.0	IV	10348165.5
9671at6231	V	V	9264471.0	V	1934478.0
9672at6231	IV	IV	11444344.5	IV	18829573.0
9676at6231	I	I	10341565.0	I	9701831.5
9677at6231	II	II	5278264.5	II	8547379.5
9681at6231	I	I	15296318.0	I	2975069.0
9714at6231	I	I	14944915.5	I	7192183.5
9717at6231	III	III	5643832.0	III	740979.5
9719at6231	I	I	4615451.5	I	1218520.5
9736at6231	II	II	6082661.0	II	5793862.5
9739at6231	V	V	2875559.5	V	10556037.0
9748at6231	III	III	12138153.0	III	12788845.0
9774at6231	V	V	3524598.0	V	14532110.0
9785at6231	I	I	15312559.5	I	2065816.5
9788at6231	II	I	8744576.5	I	11268713.5
9792at6231	X	III	3413827.0	III	16851679.5
9802at6231	IV	IV	15674077.5	IV	16862794.0
9828at6231	IV	IV	11265810.0	IV	13278738.5
9840at6231	X	X	7400094.5	X	6664108.0
9847at6231	III	III	1937332.0	III	11133970.5
9898at6231	III	III	9920213.0	III	5001896.5
9899at6231	II	II	5457462.5	II	9615381.0
9903at6231	IV	IV	15697985.0	IV	10503494.0
9915at6231	II	II	829533.5	II	8011952.5
9922at6231	III	III	6362602.5	III	1257644.5
9936at6231	IV	IV	215987.0	IV	6533780.0
9937at6231	IV	IV	5100562.0	IV	7048339.0
9938at6231	II	II	9170584.0	II	616443.5
9940at6231	X	X	4409433.0	X	7292996.5
9954at6231	IV	IV	5970009.5	IV	7826432.5
9956at6231	II	II	5638330.5	II	15337628.0
9959at6231	V	V	7719418.5	V	12045598.5
9967at6231	III	III	14156958.5	III	17904156.5
9976at6231	I	I	7171442.5	I	2136630.5
9986at6231	III	III	6275435.0	III	19193452.0
9998at6231	II	II	527275.5	II	18159358.5
9999at6231	III	III	12136500.5	III	12786732.0
10010at6231	II	II	9780799.0	II	15698342.5
10018at6231	I	I	9992547.5	I	349077.0
10032at6231	II	II	11546396.0	II	6406413.5
10044at6231	I	I	11568434.0	I	2809978.0
10045at6231	IV	IV	5869042.5	IV	7553398.5
10076at6231	II	II	7673869.5	II	12583054.0
10081at6231	I	I	9592751.0	I	4455723.0
10084at6231	II	II	10785271.0	II	14062621.0
10099at6231	II	III	4535637.5	II	10570066.0
10117at6231	II	II	10954624.5	II	12880165.0
10121at6231	I	I	12861364.5	I	4141845.0
10127at6231	I	I	8117530.0	I	7456230.0
10128at6231	IV	IV	12598963.0	IV	10146663.5
10177at6231	X	X	4321973.0	X	7430963.5
10185at6231	V	II	10486580.5	V	2885402.5
10190at6231	II	II	12768353.5	II	12637094.5
10197at6231	I	I	15338566.5	I	2041405.5
10222at6231	I	I	11073720.0	I	7039922.5
10237at6231	IV	IV	8782557.0	III	17856734.0
10249at6231	II	I	1358994.0	I	2393480.0
10251at6231	I	I	5538861.0	I	9796562.5
10259at6231	I	I	15911386.0	I	5386196.0
10260at6231	IV	IV	5868089.0	IV	7554332.0
10271at6231	I	I	3346127.0	I	4294678.5
10273at6231	IV	IV	16002099.0	IV	17167099.0
10289at6231	I	I	3606942.0	I	8183706.5
10313at6231	II	II	9139176.0	II	10145646.0
10321at6231	III	III	5002227.5	III	4798288.5
10340at6231	X	X	4704477.5	X	8077619.0
10350at6231	IV	IV	282102.0	IV	1473004.0
10353at6231	I	I	3446654.0	I	2432239.0
10354at6231	II	II	15018978.5	II	11100755.5
10356at6231	IV	IV	12595633.5	IV	10143195.0
10373at6231	IV	IV	1692462.0	IV	8555760.0
10379at6231	III	II	2018182.5	II	10639364.5
10388at6231	III	III	10465953.0	III	5854983.5
10389at6231	V	V	6239698.5	V	3375757.5
10441at6231	I	I	14511413.5	I	2091996.5
10448at6231	II	II	7183003.5	II	20906575.0
10449at6231	II	II	12208292.5	II	11089354.0
10461at6231	II	II	2177668.5	II	8421838.0
10464at6231	unassigned	III	9369316.5	III	7053901.0
10473at6231	IV	V	1772099.5	III	13075665.0
10513at6231	I	I	11014639.5	I	8669005.0
10521at6231	X	X	16870096.5	X	8854139.0
10534at6231	I	I	10884033.0	I	4542401.5
10541at6231	III	III	8421043.0	III	9390569.0
10545at6231	III	III	880228.0	III	19783238.5
10555at6231	I	I	6393475.0	I	10801184.5
10562at6231	III	III	14190897.5	III	7446920.0
10575at6231	I	I	8097893.0	I	7436857.5
10584at6231	unassigned	III	8632015.5	III	9014900.0
10610at6231	III	III	13574649.5	III	3444881.5
10615at6231	I	I	4583060.0	I	1186918.0
10627at6231	IV	I	2018774.0	IV	13040496.0
10631at6231	I	I	12552163.5	I	7294530.5
10655at6231	unassigned	I	3404473.5	I	8549705.0
10678at6231	II	I	9787244.0	II	21308890.0
10679at6231	V	V	6996629.0	V	7959438.5
10698at6231	III	III	1076876.5	III	9255362.0
10699at6231	I	I	12860331.0	I	8692310.0
10709at6231	V	V	2248097.5	V	10503224.5
10717at6231	II	II	5998182.0	II	16698223.5
10732at6231	V	V	4480878.0	V	6018291.5
10735at6231	III	III	11726201.5	III	9370981.5
10755at6231	II	III	12085227.5	III	6577688.5
10769at6231	IV	IV	6797953.0	IV	19286220.0
10777at6231	V	V	2739081.5	V	722761.0
10791at6231	I	I	4686402.5	I	3311130.5
10794at6231	IV	IV	8248819.5	IV	5849038.5
10822at6231	X	X	3549700.0	X	6087963.0
10853at6231	III	III	5505770.0	III	9819895.0
10864at6231	III	III	11920463.0	III	18030303.5
10898at6231	I	I	3759438.0	I	6225361.0
10907at6231	I	I	7009928.0	I	5513714.0
10928at6231	I	I	2161513.0	I	14340731.0
10935at6231	III	III	7813532.5	III	9286477.0
10953at6231	I	I	7295021.0	I	7339864.0
10979at6231	X	X	679995.5	X	15943967.5
11021at6231	V	V	11991771.5	V	16977680.5
11046at6231	I	I	5120304.0	I	10197765.5
11066at6231	I	I	5273460.0	I	10146596.0
11082at6231	III	III	11107115.0	III	8780351.0
11111at6231	III	III	14937327.5	III	9479609.5
11115at6231	V	IV_unlock_3	49115.5	IV	14672503.0
11124at6231	IV	IV	8812919.5	IV	9363031.5
11126at6231	III	III	4425506.5	III	17895168.0
11127at6231	IV	IV	6813725.0	IV	9910676.5
11187at6231	V	V	4853777.5	V	14202010.5
11192at6231	III	III	4529072.0	III	9336178.0
11194at6231	I	I	11831183.5	II	7169723.5
11267at6231	V	V	7391697.0	V	8204768.0
11289at6231	X	X	15223892.5	X	8733750.5
11295at6231	I	I	14050209.0	I	9139342.5
11303at6231	IV	IV	7973688.0	IV	7023093.0
11314at6231	III	III	3818193.5	III	6417301.5
11372at6231	I	I	6386393.0	I	199129.5
11382at6231	X	X	3724767.5	X	8007125.5
