0at6231	IV	IV	2285950.5	IV	18485260.5
4at6231	I	V	4625612.5	IV	7156227.0
6at6231	V	V	8010490.0	V	697845.5
7at6231	III	III	7315238.0	III	10453562.0
9at6231	III	III	13506669.0	III	6361079.5
18at6231	I	I	7772171.5	I	9724521.0
19at6231	V	V	15083370.5	V	11885833.0
20at6231	II	II	8091024.5	II	7150570.0
21at6231	V	V	17811742.5	V	8000109.0
22at6231	I	I	17916030.5	I	174570.0
23at6231	III	III	9740402.5	III	5633226.5
25at6231	X	X	17615421.5	X	8561662.5
28at6231	III	III	15055074.0	III	8308132.5
29at6231	V	IV	10232425.5	IV	8601569.0
31at6231	V	V	16825463.5	V	8102112.0
32at6231	X	X	16883996.0	X	7782796.0
35at6231	V	V	8397019.5	V	17239253.0
39at6231	X	X	15826821.0	X	7944913.0
40at6231	V	V	1422408.0	V	9980464.0
43at6231	I	I	17474754.5	I	8936698.5
45at6231	III	III	12041829.5	III	9889877.5
48at6231	I	I	517171.0	I	6527823.0
49at6231	X	X	2796473.5	X	12493533.0
55at6231	III	III	7163892.5	III	10485347.5
57at6231	I	I	8053963.5	I	9662260.5
60at6231	IV	IV	18083958.5	IV	5854012.5
63at6231	IV	IV	9793925.5	IV	10450468.0
67at6231	X	X	1491609.0	X	11670271.5
68at6231	I	I	5529304.5	I	10622106.5
72at6231	III	III	14806640.5	III	7843889.5
74at6231	I	I	14080969.5	I	3158261.5
76at6231	I	I	15038043.5	I	5292105.5
86at6231	X	X	5835933.5	X	11368778.5
90at6231	IV	IV	18012431.5	IV	5758723.5
91at6231	IV	IV	13078607.5	IV	3113807.5
96at6231	IV	IV	12668408.5	IV	9677814.5
97at6231	V	V	11897196.5	V	9025253.0
101at6231	X	X	11026085.5	X	2318474.0
107at6231	II	II	6395954.5	II	8845512.0
112at6231	X	X	6450513.0	X	12995649.0
117at6231	I	I	16937191.5	I	5538462.5
119at6231	unassigned	I	9617689.5	I	1427302.0
121at6231	I	I	476890.0	I	6498991.0
125at6231	V	V	11437333.5	V	6651371.5
127at6231	X	X	16899598.0	X	7768182.5
131at6231	II	II	6505540.0	II	13537565.0
132at6231	III	III	13008482.0	III	6632997.5
137at6231	III	III	297279.5	III	3456228.5
139at6231	X	X	3805097.0	X	10658454.5
144at6231	IV	IV	12170704.5	IV	11851458.5
146at6231	II	II	6376162.5	II	8790364.5
147at6231	X	X	8435884.5	X	14956892.5
149at6231	II	II	7195960.5	II	10658543.5
151at6231	III	III	16140916.0	III	8655301.0
152at6231	II	II	908547.5	II	8498648.0
161at6231	II	II	672430.5	II	12578818.5
165at6231	X	X	9739498.5	X	459029.0
166at6231	III	III	7434093.0	III	16752791.0
170at6231	III	III	11306108.0	III	5995649.5
172at6231	IV	IV	8015412.0	IV	7129895.0
174at6231	III	III	11186884.5	III	7237431.0
175at6231	I	I	1719188.0	I	17579193.5
181at6231	II	II	4814588.5	II	6832239.5
183at6231	III	III	11110108.5	III	7288816.0
184at6231	II	II	10623564.0	II	8440820.0
185at6231	III	III	12778523.0	III	5480432.5
189at6231	X	X	9191780.5	X	16746419.5
190at6231	II	II	13630868.5	II	18317208.0
194at6231	IV	IV	15258538.0	IV	10742770.5
196at6231	III	III	15238072.0	III	8362047.5
197at6231	II	II	9896597.0	II	10124372.0
198at6231	II	II	410228.5	II	440652.0
201at6231	II	II	6574874.5	II	513088.5
204at6231	I	I	14101114.0	I	3176322.0
210at6231	III	III	15793135.5	III	8556517.0
211at6231	III	III	10475217.5	III	9520257.5
216at6231	I	I	7902502.0	I	9205080.5
217at6231	V	V	18517819.5	V	3215771.5
219at6231	II	II	3061010.5	II	12393028.0
223at6231	III	III	11558866.0	III	6913429.5
225at6231	II	II	11531753.5	II	13767732.5
229at6231	I	I	3571869.0	I	9791446.5
232at6231	X	X	17683409.5	X	8504125.0
233at6231	IV	IV	12272082.0	IV	11810563.0
238at6231	I	I	8422893.5	I	929171.0
241at6231	I	I	13913259.5	I	6390435.5
243at6231	IV	IV	13300777.0	IV	11225447.0
252at6231	X	X	14915751.0	X	4034923.0
255at6231	III	III	11469708.5	III	7013580.0
256at6231	II	II	6980410.0	II	13224015.5
257at6231	V	V	9372580.0	V	4212523.0
265at6231	III	III	18428588.5	III	647422.5
267at6231	III	III	12827707.5	III	6748831.0
270at6231	V	V	18593406.5	V	3055647.5
277at6231	II	V	13990335.0	V	5262173.0
279at6231	III	III	14625099.5	III	7900549.5
286at6231	V	V	11313281.5	V	9627462.5
287at6231	V	V	9649394.5	V	15707744.5
288at6231	I	I	14397919.0	I	6273407.5
293at6231	III	III	13803326.5	III	6858758.5
294at6231	I	I	11166311.0	I	6791505.0
299at6231	III	III	8524446.0	III	19833768.0
300at6231	III	III	17541759.5	III	2054074.0
301at6231	IV	IV	8198527.0	IV	8805537.5
302at6231	II	II	6793235.5	II	13453926.0
318at6231	I	I	4722544.5	I	10058064.0
319at6231	II	II	13864386.0	II	20989518.5
321at6231	I	I	7617664.0	I	15371054.0
322at6231	X	X	7474162.0	X	13901529.0
323at6231	IV	IV	17290390.0	IV	6587741.0
327at6231	unassigned	I	14759904.0	I	5845403.0
334at6231	III	III	10283851.5	III	9358942.5
344at6231	V	IV	8730977.0	IV	14519364.5
345at6231	III	III	11718834.0	III	7120500.0
346at6231	I	I	11353559.0	I	7107976.5
347at6231	II	II	16163734.0	II	17641757.0
348at6231	IV	IV	6887789.0	IV	5711774.0
350at6231	IV	IV	3411522.5	IV	18394347.0
359at6231	I	I	7757392.5	I	7459965.5
364at6231	IV	IV	571170.0	IV	16894575.5
366at6231	I	I	11465737.0	I	7045657.0
369at6231	IV	IV	9330686.5	IV	8873452.0
373at6231	III	III	2896011.0	III	10690038.0
375at6231	X	X	7022524.5	X	13421217.5
378at6231	I	I	6321269.5	I	11665560.0
382at6231	II	II	10614119.5	II	8432284.0
384at6231	II	II	7441426.5	II	11410782.5
390at6231	II	II	623879.5	II	8627164.0
394at6231	X	X	7587001.0	X	14051542.0
402at6231	X	X	331817.5	X	9134099.0
403at6231	X	X	10660302.0	X	1902663.5
405at6231	II	II	12884441.0	II	14611415.0
411at6231	I	I	14016084.0	I	3063984.5
416at6231	V	V	16689385.0	V	8257377.5
420at6231	unassigned	V	9928152.0	V	16126098.0
421at6231	X	X	932666.5	X	9199421.5
422at6231	I	I	16068431.5	I	4577063.0
423at6231	III	III	6221224.0	III	4112517.5
425at6231	IV	IV	9062486.5	IV	2466330.5
428at6231	III	III	12103818.5	III	7560696.0
430at6231	I	I	11190971.0	I	6804972.0
432at6231	X	X	9439082.5	X	697363.5
435at6231	III	III	18601635.0	III	720818.0
436at6231	X	X	14584172.5	X	4496546.5
438at6231	X	X	7932789.0	X	14607033.5
439at6231	X	X	7433161.0	X	14123686.5
446at6231	II	II	12017042.0	II	14466798.5
450at6231	II	II	7040137.0	II	13170897.0
451at6231	III	III	13171040.5	III	6546076.5
452at6231	IV	IV	13800722.0	IV	12552510.5
454at6231	V	V	10657137.5	V	19909653.0
455at6231	V	V	9227772.0	V	12914542.0
459at6231	IV	IV	10517923.0	IV	9220484.5
461at6231	III	III	11426068.0	III	7057133.5
462at6231	I	I	12318123.0	I	8664119.5
473at6231	V	V	10767068.0	V	19072728.5
479at6231	III	III	6465777.5	III	19549747.0
482at6231	V	V	7050390.5	V	13521402.5
487at6231	V	V	15645500.5	V	7291033.5
488at6231	I	I	12178043.0	I	8570680.0
489at6231	I	I	6996472.5	I	10155861.5
490at6231	V	V	221844.5	V	7887133.0
493at6231	X	X	6360260.5	X	12889779.5
494at6231	II	II	13175480.0	II	15398080.0
495at6231	IV	IV	9196706.5	IV	6484210.5
499at6231	III	V	6244540.0	V	3689300.0
501at6231	II	II	7543668.5	II	11326469.0
503at6231	I	I	4234415.0	I	11828765.0
509at6231	I	I	13238940.0	I	2245448.0
514at6231	II	IV	8749830.0	IV	14501383.5
516at6231	III	X	11003687.5	X	2277754.5
518at6231	III	III	11922699.5	III	9982786.5
522at6231	I	I	14204325.0	I	3281575.5
523at6231	I	I	11902881.0	I	7255156.5
525at6231	II	II	8862296.5	II	10750111.5
527at6231	III	III	5568597.0	III	18482471.0
529at6231	III	III	314902.5	III	3784316.5
531at6231	I	I	17063433.0	I	5408775.5
532at6231	I	I	14526173.0	I	6120652.5
534at6231	II	II	10751965.5	II	11663395.0
536at6231	II	II	7482101.0	II	11375588.0
537at6231	II	II	8013016.0	II	7325919.5
539at6231	V	V	12249694.5	V	8868490.5
543at6231	I	I	13295251.5	I	2599492.5
544at6231	V	V	13220291.0	V	6252374.5
545at6231	X	X	17634317.0	X	8546774.0
546at6231	IV	IV	8223766.0	IV	8450781.0
547at6231	V	V	6233772.5	V	8576824.0
548at6231	II	I	1521214.0	I	17320962.5
551at6231	II	II	10175636.5	II	11431543.0
559at6231	III	III	13819805.0	III	8197717.0
562at6231	I	I	11909937.5	I	7251874.0
568at6231	X	X	13862277.5	X	867644.5
569at6231	V	V	11937862.0	V	9003059.0
570at6231	IV	IV	13824236.5	IV	12583246.5
572at6231	II	II	2486203.5	II	12010030.5
575at6231	X	X	7911147.0	X	14581967.5
581at6231	I	I	14342464.5	I	6311507.0
585at6231	II	II	2406856.0	II	11984712.5
590at6231	I	I	673792.0	I	1727787.5
593at6231	II	II	4586633.0	II	2655282.5
594at6231	I	I	6535966.5	I	15133049.0
596at6231	X	X	16843718.5	X	7825278.5
597at6231	III	III	13855178.5	III	8212184.5
600at6231	X	X	18016455.0	X	8715124.0
603at6231	III	III	6854042.5	III	10326812.5
604at6231	II	II	8796423.5	II	10799843.0
605at6231	III	III	17385242.5	III	2413989.0
606at6231	V	V	12179997.0	V	8842566.5
609at6231	II	II	752513.5	II	7053577.5
612at6231	IV	IV	5555634.5	IV	17511283.0
613at6231	I	I	12806229.5	I	3928006.5
620at6231	III	III	18336603.5	III	2730660.5
625at6231	X	X	14397013.0	X	4756011.0
627at6231	II	II	3734765.0	II	4818100.0
629at6231	III	III	9955738.5	III	5844296.5
631at6231	I	I	13579651.5	I	3553992.0
632at6231	III	III	18852185.5	III	453599.0
634at6231	IV	IV	11014739.5	IV	246786.5
635at6231	IV	IV	10993804.0	IV	210122.5
638at6231	IV	IV	7523591.0	IV	7646145.5
639at6231	III	III	18190959.5	III	2561042.5
641at6231	IV	IV	12436806.0	IV	11037408.0
642at6231	V	V	8646659.5	V	12409687.5
644at6231	I	I	9792656.0	I	6591315.0
645at6231	II	II	824254.5	II	7862203.5
646at6231	I	I	16307240.0	I	5054607.0
650at6231	II	II	8787825.5	II	10720939.0
655at6231	II	II	11209071.5	II	9624820.5
657at6231	II	II	9035852.5	II	5668543.0
659at6231	IV	IV	12772158.5	IV	9173023.0
662at6231	IV	IV	16818306.5	IV	1581139.5
665at6231	I	I	11394215.5	I	7085789.0
670at6231	I	I	15372693.5	I	17921122.5
675at6231	I	I	7009359.0	I	10253994.5
683at6231	V	V	5022890.0	V	10751027.5
687at6231	III	III	18732815.0	III	914691.5
693at6231	III	III	10486503.0	III	9529152.5
700at6231	III	III	12311952.5	III	4045123.5
701at6231	V	V	16796899.0	V	8114082.5
702at6231	II	II	10641952.0	II	8459484.0
704at6231	II	II	13476589.0	II	17917209.5
708at6231	V	V	2413860.0	V	9779527.5
710at6231	II	II	17949654.5	II	21411848.0
712at6231	II	I	16250494.0	I	5093135.0
716at6231	III	III	16853446.5	III	9005781.0
718at6231	X	X	16953219.5	X	7728852.0
721at6231	I	I	1831375.5	I	17145887.0
722at6231	III	III	13324511.0	III	6463824.0
724at6231	III	III	4844025.0	III	3086131.5
725at6231	II	II	8055125.0	II	7221642.5
728at6231	IV	IV	10365791.5	IV	8775828.5
734at6231	III	III	10376552.0	III	9431188.0
735at6231	X	X	8460724.5	X	14905727.0
736at6231	II	II	9174925.5	II	2054391.5
740at6231	I	IV	8170244.0	IV	9424427.5
741at6231	I	III	10764250.0	III	9750578.0
743at6231	V	V	258899.0	V	1185432.0
746at6231	II	II	8625911.5	II	11555918.5
753at6231	II	II	14748972.5	II	18913812.5
754at6231	II	II	7162305.0	II	10683147.5
759at6231	IV	IV	9665395.5	IV	10327022.5
764at6231	X	X	15481780.5	X	6825882.5
765at6231	II	II	6740430.5	II	13497710.0
772at6231	II	II	9436078.0	II	7505922.0
777at6231	I	I	10108947.5	I	531786.5
780at6231	II	II	18288262.0	II	20425304.5
781at6231	X	X	14316682.5	X	4873222.5
782at6231	III	III	13309597.5	III	6471422.5
786at6231	IV	IV	12939123.0	IV	9940878.0
787at6231	V	V	8477145.0	V	10622667.5
788at6231	X	X	5755756.5	X	11293183.5
790at6231	X	X	12676507.0	X	270679.0
792at6231	III	III	6585520.5	III	19395194.5
794at6231	II	II	272121.5	II	4342931.5
798at6231	I	I	12794736.0	I	3699295.0
800at6231	II	II	10659117.0	II	8481342.0
801at6231	X	X	16492661.0	X	7187409.0
802at6231	X	X	15766252.5	X	6988526.0
803at6231	III	III	6994700.0	III	10196351.5
810at6231	II	II	2247554.0	II	11910399.0
813at6231	II	II	7085925.5	II	13104951.0
814at6231	X	X	7527903.5	X	13970495.5
815at6231	III	III	604656.5	III	11716833.5
816at6231	X	X	9249631.0	X	16552858.0
817at6231	II	II	12164852.0	II	14264318.0
821at6231	III	III	12666428.0	III	5335550.5
825at6231	II	II	5217377.0	II	9102377.0
826at6231	III	III	8682113.0	III	10949608.5
829at6231	III	III	12390224.0	III	5013351.5
837at6231	III	III	5857662.5	III	979328.5
838at6231	III	III	10168533.0	III	9273850.5
842at6231	III	III	14035127.5	III	8105007.5
844at6231	IV	IV	17372033.0	IV	6679128.0
845at6231	V	V	7801464.0	V	8343110.0
849at6231	I	I	14473953.0	I	6166556.5
850at6231	V	V	11974480.0	V	8979799.5
851at6231	IV	IV	17424140.0	IV	6745060.0
853at6231	I	I	17685493.0	I	7832446.5
857at6231	V	V	244923.5	V	1163695.5
860at6231	III	III	16935163.0	III	9039899.0
862at6231	II	II	1225875.5	II	12828803.0
868at6231	V	V	14981331.5	V	10796700.0
869at6231	III	III	16611103.5	III	8926820.5
872at6231	V	V	8168368.5	V	11218665.5
875at6231	IV	IV	15690571.0	IV	3860089.5
876at6231	X	X	13476807.5	X	16270386.0
879at6231	X	X	7143227.5	X	13568386.5
881at6231	I	I	7932518.5	I	9241383.0
885at6231	V	V	9365976.5	V	4203447.0
890at6231	V	V	12834656.0	V	5977159.0
899at6231	I	I	10118342.0	I	537627.0
900at6231	III	III	10274093.5	III	9353170.0
902at6231	V	V	7617872.5	V	345050.0
903at6231	III	III	12523763.5	III	5119960.0
904at6231	X	X	11635236.5	X	3356755.0
908at6231	V	V	13101553.5	V	6189520.0
912at6231	V	V	5528037.0	V	7000678.5
914at6231	unassigned	II	7130946.0	II	13053889.5
916at6231	I	I	16841896.5	I	5461979.0
917at6231	V	V	10564738.5	V	14377137.0
918at6231	I	I	13230117.5	I	2257724.5
920at6231	II	II	6733923.5	II	13501260.0
921at6231	IV	IV	8526276.5	IV	11263211.0
922at6231	IV	IV	16905457.5	IV	1646060.5
925at6231	III	III	10868614.5	III	7480348.5
933at6231	V	V	13821876.5	V	11038837.5
934at6231	IV	IV	13721538.0	IV	20144933.0
937at6231	I	I	10322648.0	I	9405105.0
939at6231	II	II	11065652.0	II	12228935.5
943at6231	V	V	425841.5	V	5471493.5
944at6231	IV	IV	7763846.0	IV	7442442.0
951at6231	III	III	15590514.5	III	8480461.0
952at6231	X	X	7452064.0	X	14095788.5
957at6231	II	II	1060908.0	II	12888269.5
958at6231	II	II	8813080.5	II	10783156.5
960at6231	III	III	481701.5	III	13081452.0
961at6231	X	X	16096300.0	X	8109581.5
962at6231	I	I	12734391.5	I	7402416.5
963at6231	III	III	9045199.0	III	6807175.0
965at6231	X	X	1389150.0	X	11891827.5
968at6231	II	II	6329636.5	II	8754041.0
969at6231	I	I	17268887.5	I	9491520.0
982at6231	V	V	6140592.5	V	3385983.5
984at6231	X	X	11143589.0	X	2468611.0
987at6231	III	III	16984699.5	III	9067668.0
989at6231	II	II	5274015.0	II	10216420.0
993at6231	V	V	17898504.5	V	7937578.0
994at6231	X	X	5510409.5	X	10142614.5
995at6231	V	V	9140276.5	V	13012287.0
997at6231	II	II	12186712.5	II	14241534.5
998at6231	X	X	739448.5	X	9695805.0
1003at6231	II	II	9121447.0	II	3510689.5
1008at6231	II	II	8006870.5	II	7308496.5
1013at6231	X	X	17182072.5	X	7515897.5
1014at6231	V	V	12127772.0	V	8891121.0
1017at6231	III	III	11275700.0	III	5972707.5
1018at6231	III	III	8708325.5	III	11167858.5
1019at6231	IV	IV	14628893.5	IV	8136331.5
1022at6231	IV	IV	16494564.0	IV	6203182.0
1024at6231	II	II	7558876.0	II	11311637.5
1032at6231	III	III	6788602.0	III	19207497.5
1034at6231	III	III	11231276.0	III	7195285.5
1035at6231	II	II	18310367.0	II	20481172.5
1037at6231	IV	IV	498729.0	IV	14968460.0
1040at6231	II	II	631800.5	II	12538014.5
1042at6231	X	X	11608747.5	X	3310102.5
1045at6231	I	I	3849385.0	I	6409047.5
1047at6231	III	III	6236687.0	III	4090396.0
1053at6231	X	I	6758501.0	I	13673816.0
1055at6231	III	III	18834773.5	III	488642.5
1056at6231	I	I	16672817.5	I	4785067.5
1057at6231	IV	IV	9839774.5	IV	10493581.5
1060at6231	III	III	9426373.5	III	10883837.5
1066at6231	X	X	17102089.0	X	7594104.5
1072at6231	IV	IV	4949655.5	IV	15242837.5
1073at6231	II	II	17556006.0	II	16844810.5
1075at6231	X	X	17541884.5	X	8605904.0
1076at6231	I	I	12121790.0	I	8543761.0
1078at6231	V	V	8991056.0	V	20797041.5
1082at6231	II	II	1728310.5	II	6943917.5
1083at6231	V	V	18221025.5	V	2770844.5
1086at6231	IV	IV	10333671.0	IV	9328972.5
1087at6231	I	I	7859537.5	I	9179162.0
1088at6231	II	II	1134962.5	II	12859107.0
1093at6231	II	II	46539.0	II	8524470.5
1099at6231	X	III	13206924.0	III	6524641.0
1101at6231	I	I	4343307.0	I	16285932.0
1104at6231	III	II	7248707.5	II	10609442.5
1109at6231	V	II	12799851.0	V	12841653.0
1112at6231	V	V	7331029.0	V	13628734.0
1113at6231	I	I	15540354.5	I	7554502.0
1115at6231	III	III	12331994.0	III	4937037.0
1118at6231	III	III	4318841.5	III	16340117.0
1121at6231	X	X	11533719.0	X	3173960.0
1122at6231	IV	IV	10798255.5	IV	1990057.5
1123at6231	X	X	7816218.0	X	14437096.0
1125at6231	V	V	1384991.5	V	9955500.0
1128at6231	V	V	5542811.5	V	6989867.5
1129at6231	IV	IV	7795543.5	IV	7414112.0
1131at6231	III	III	12903487.0	III	6693619.0
1133at6231	IV	IV	9871251.0	IV	10521428.5
1134at6231	I	I	6510027.0	I	15313869.0
1135at6231	V	V	5370116.0	V	7067007.5
1140at6231	IV	IV	7742831.0	IV	7466071.5
1142at6231	I	I	11025403.5	I	7194371.0
1144at6231	III	III	6841176.0	III	10168129.5
1147at6231	I	I	11513252.0	I	7021471.0
1148at6231	III	III	18092315.5	III	1292892.5
1150at6231	I	I	14298515.5	I	6350159.5
1152at6231	III	III	10808670.0	III	7530078.0
1155at6231	I	I	3502880.0	I	4277700.0
1156at6231	III	III	12170556.0	III	7642017.5
1157at6231	IV	I	6824211.0	I	10460278.5
1158at6231	II	II	8076709.5	II	7174717.5
1159at6231	III	III	13298760.0	III	6477599.0
1160at6231	I	I	8306735.5	I	243267.5
1161at6231	I	II	7229997.5	II	10627008.0
1169at6231	III	III	17010335.5	III	9081900.0
1173at6231	II	IV	15614881.0	II	6196929.5
1174at6231	I	I	7709141.5	I	12936324.5
1177at6231	III	III	14264802.0	III	7998359.0
1179at6231	I	I	7052203.0	I	10363356.0
1180at6231	V	X	5902265.0	X	11412785.5
1181at6231	X	X	11943245.0	X	6176970.0
1182at6231	X	X	16305149.0	X	7350727.5
1183at6231	III	X	7984951.0	X	12530220.0
1187at6231	V	V	5342994.0	V	899964.5
1193at6231	III	III	11018538.5	III	7370660.5
1194at6231	V	V	14021237.0	V	5287676.0
1196at6231	V	I	17381209.0	I	8809688.0
1199at6231	II	II	8520048.5	II	8381785.5
1200at6231	II	II	2993363.5	II	12129706.5
1202at6231	III	III	239216.0	III	3763858.0
1205at6231	III	IV	8590442.0	IV	2261413.0
1207at6231	V	V	8769640.5	V	20933552.5
1211at6231	I	I	13127438.5	I	4068213.0
1215at6231	V	V	9833899.5	V	16385401.5
1219at6231	IV	IV	13317506.5	IV	11212279.0
1222at6231	X	X	12640775.0	X	285748.0
1223at6231	IV	IV	6680639.0	IV	5162621.0
1228at6231	V	V	267992.0	V	1193355.5
1230at6231	IV	IV	9432790.5	IV	8975549.5
1233at6231	X	X	10603565.5	X	1778547.0
1235at6231	IV	IV	7978694.5	IV	7205386.0
1247at6231	II	II	10351487.0	II	6440050.5
1250at6231	V	V	5380051.5	V	7077360.5
1252at6231	I	I	1773485.5	I	17214563.5
1255at6231	III	III	19005376.5	III	830570.5
1262at6231	IV	IV	1398654.5	IV	17128436.0
1263at6231	I	I	12752458.5	I	3984582.0
1264at6231	IV	IV	9414388.0	IV	8956302.5
1266at6231	IV	IV	11540440.0	IV	495033.0
1270at6231	I	I	17358145.5	I	8831741.0
1272at6231	III	III	9249808.5	III	11303938.0
1273at6231	V	V	9408281.5	V	4058683.0
1275at6231	I	I	9591044.0	I	1874946.0
1278at6231	II	II	11108943.0	II	12257293.5
1279at6231	X	X	9480380.5	X	656575.5
1281at6231	III	III	7373426.5	III	14909748.5
1285at6231	X	X	208405.5	X	9003385.5
1288at6231	I	I	7701625.0	I	18484939.0
1293at6231	I	I	8078638.0	I	9648764.5
1301at6231	I	I	8899749.0	I	12378681.5
1314at6231	II	II	7379645.0	II	10499214.0
1315at6231	IV	V	6955985.0	V	9557324.0
1316at6231	III	III	8865605.5	III	12266056.0
1317at6231	V	V	6345646.0	V	9141739.5
1318at6231	II	II	11465539.0	II	13715613.0
1320at6231	V	V	3502872.0	V	5648006.0
1322at6231	I	I	14123383.0	I	3190796.5
1326at6231	IV	IV	17497059.0	IV	9548725.5
1327at6231	III	III	17757156.5	III	2900478.5
1331at6231	IV	V	6857778.0	V	9397233.0
1332at6231	V	V	11465412.5	V	6626611.0
1346at6231	V	V	12470385.5	V	8770812.5
1347at6231	IV	IV	11006900.0	IV	230712.5
1350at6231	II	II	6314786.5	II	8732204.5
1352at6231	III	III	11069669.5	III	7325173.0
1355at6231	II	IV	186086.5	IV	14796955.5
1358at6231	II	II	5479807.5	II	10265511.0
1360at6231	II	II	6904959.0	II	13358308.5
1361at6231	I	I	17213592.5	I	8487064.5
1362at6231	V	V	6829549.5	V	9423491.5
1366at6231	IV	IV	10401813.0	IV	8729976.5
1369at6231	III	I	13397079.5	I	2156312.0
1373at6231	I	I	16740832.0	I	4847002.0
1374at6231	I	II	17178266.5	II	20808776.5
1375at6231	I	I	2913526.0	I	4139463.5
1376at6231	V	V	17176098.0	V	8185531.0
1378at6231	III	III	8586910.0	III	11056143.0
1381at6231	I	I	7992462.0	I	9699794.5
1383at6231	I	I	15382027.5	I	17942681.5
1395at6231	II	II	8781789.0	II	13050233.0
1400at6231	V	V	8149074.0	V	11664726.5
1401at6231	IV	I	16352105.5	I	5014649.0
1404at6231	IV	IV	14541788.5	IV	8181096.0
1405at6231	I	I	10546460.0	I	8495586.0
1407at6231	V	V	2512308.0	V	12122837.5
1409at6231	IV	IV	8162260.0	IV	8257836.5
1411at6231	IV	IV	9744032.5	IV	10400521.0
1412at6231	II	II	11566673.0	II	13799389.5
1413at6231	I	I	1795797.0	I	17186266.5
1416at6231	V	V	11245332.0	V	20500510.0
1417at6231	I	I	2760039.5	I	11215020.0
1427at6231	I	I	15100991.0	I	7127146.5
1430at6231	X	X	2622624.0	X	12324788.5
1432at6231	X	X	17008187.0	X	7672259.5
1434at6231	III	III	10849545.5	III	7494088.5
1437at6231	I	I	11010689.5	I	7189459.5
1438at6231	I	I	6782662.0	I	14289225.0
1441at6231	III	III	3669835.5	III	13438960.5
1444at6231	II	II	2524264.0	II	12026720.0
1449at6231	III	III	11087171.0	III	7303854.0
1450at6231	X	X	1447401.5	X	11819592.5
1452at6231	I	I	14942862.0	I	5182059.5
1453at6231	I	I	6967785.5	I	10338988.5
1454at6231	III	III	13942856.0	III	8150282.5
1457at6231	I	I	13061592.5	I	2396476.5
1459at6231	V	V	6371194.0	V	9158694.5
1463at6231	V	V	2959166.0	V	2360506.0
1466at6231	I	I	8127893.5	I	9609271.0
1471at6231	V	V	7077348.0	V	13465841.0
1473at6231	I	I	13600106.0	I	3520075.0
1478at6231	V	V	6990501.5	V	9585895.5
1482at6231	III	III	18768565.0	III	859700.5
1484at6231	I	I	15389585.0	I	17964687.0
1489at6231	I	I	6489729.5	I	15038936.5
1490at6231	X	X	14475111.5	X	4684500.0
1491at6231	IV	IV	13962969.5	IV	5980798.0
1495at6231	X	X	8013031.0	X	14663980.0
1498at6231	IV	IV	11890882.0	IV	602770.0
1499at6231	I	I	10685663.0	I	595931.5
1504at6231	III	III	15871101.5	III	8584721.0
1506at6231	II	II	8029829.0	II	7265343.0
1509at6231	III	III	7209752.0	III	10344358.5
1514at6231	IV	IV	5574749.0	IV	17543296.0
1517at6231	X	X	11422466.0	X	2929209.0
1518at6231	I	I	16149820.0	I	4655962.5
1519at6231	X	X	8021140.5	X	14677066.5
1530at6231	X	X	15959686.5	X	8011863.5
1533at6231	IV	IV	344966.5	IV	20216708.0
1535at6231	V	IV	8534549.5	IV	11991630.0
1537at6231	III	III	16194436.5	III	8712392.0
1543at6231	II	II	12098970.0	II	14326208.0
1546at6231	V	V	8066908.0	V	625380.0
1548at6231	III	III	11529932.5	III	6940240.5
1551at6231	III	III	5936217.5	III	2938935.5
1552at6231	I	I	17504686.0	I	8970412.0
1556at6231	I	I	12345919.0	I	8677503.5
1566at6231	X	X	10956592.0	X	2217036.5
1571at6231	II	II	7453100.5	II	11394599.0
1572at6231	III	III	17694664.0	III	1837817.5
1574at6231	IV	IV	5520046.5	IV	17435055.0
1576at6231	X	X	367593.5	X	9168229.5
1587at6231	X	X	411711.5	X	9340871.5
1590at6231	II	II	6640974.5	II	9000206.5
1592at6231	I	I	10956475.5	I	7210039.5
1594at6231	I	I	16905123.5	I	5519891.5
1596at6231	I	I	14217326.5	I	3298180.0
1598at6231	X	X	10927196.5	X	2178389.0
1601at6231	IV	IV	1024432.0	IV	13507101.0
1602at6231	I	IV	12215289.0	IV	12059358.0
1603at6231	V	V	11675189.5	V	6418213.0
1604at6231	V	V	9078464.5	V	20568916.0
1605at6231	V	V	15744133.0	V	11945494.5
1608at6231	II	II	10930110.0	II	2892552.5
1611at6231	X	X	9003906.0	X	16960102.0
1613at6231	II	II	9605792.0	II	11016889.0
1617at6231	II	II	13219756.0	II	15352443.0
1620at6231	I	I	14318458.0	I	6329647.5
1635at6231	III	III	15006328.5	III	8299979.0
1636at6231	X	X	12039372.0	X	5991460.5
1638at6231	IV	IV	9303965.0	IV	8851010.0
1639at6231	IV	IV	12537733.0	IV	11196799.5
1642at6231	IV	IV	10599459.0	IV	9304498.0
1643at6231	III	III	5999127.0	III	1689482.5
1645at6231	I	I	5287810.5	I	11517085.0
1647at6231	II	II	6155953.0	II	9384400.0
1649at6231	I	I	8433324.0	I	917364.5
1653at6231	I	I	1957946.0	I	11202245.0
1656at6231	III	III	10647821.0	III	9655195.0
1663at6231	V	V	13163393.0	V	6215540.0
1666at6231	III	III	18103751.5	III	1276579.0
1669at6231	V	V	11249853.5	V	20497070.5
1670at6231	V	V	6205999.5	V	17058699.0
1671at6231	V	V	11420373.0	V	6665663.0
1673at6231	I	I	8641572.0	I	12981561.5
1682at6231	I	I	17593126.0	I	7738895.0
1683at6231	III	III	6659261.5	III	18038077.0
1686at6231	V	V	7061613.5	V	13504581.5
1687at6231	IV	IV	8328857.0	IV	8558997.0
1691at6231	V	V	6967544.0	V	9567487.0
1698at6231	II	II	7532808.0	II	11337120.5
1701at6231	X	X	8174290.5	X	15456626.0
1702at6231	I	I	17316480.5	I	9443341.0
1704at6231	II	II	10939055.0	II	2848180.5
1705at6231	X	X	14862499.5	X	4091672.5
1706at6231	II	II	2378310.0	II	11968072.5
1708at6231	I	I	11753239.5	I	7325007.5
1712at6231	II	II	6772563.5	II	13467409.5
1713at6231	III	III	7767973.5	III	16570679.0
1717at6231	III	IV	8642994.5	IV	1655017.0
1724at6231	III	III	1401626.0	III	12763559.5
1739at6231	IV	IV	11363680.5	IV	3272945.5
1743at6231	X	X	16620648.0	X	7107703.0
1750at6231	IV	IV	9104710.0	IV	2546386.0
1754at6231	I	I	14037977.0	I	3106692.5
1757at6231	I	I	18013173.5	I	1211730.5
1759at6231	II	II	199116.5	II	12983044.5
1760at6231	V	V	9856876.5	V	16492323.5
1761at6231	II	II	6207757.0	II	9233195.5
1762at6231	V	V	11162377.0	V	20428885.5
1770at6231	V	V	9487553.5	V	1891063.0
1771at6231	IV	IV	13614227.5	IV	11396404.0
1778at6231	I	I	14799370.0	I	5816009.5
1780at6231	II	II	8770598.0	II	13041015.0
1785at6231	III	III	268919.0	III	3697470.5
1794at6231	II	II	10935042.5	II	2856462.0
1797at6231	II	II	9198616.0	II	5410768.5
1801at6231	V	V	9359942.5	V	4188794.0
1816at6231	X	X	14510671.5	X	4627397.5
1821at6231	X	X	13526609.5	X	16336831.5
1823at6231	III	III	13263133.5	III	6493628.0
1831at6231	I	I	11934902.5	I	7238705.0
1835at6231	X	X	6188470.5	X	12807551.5
1838at6231	V	V	10371123.5	V	14286769.0
1847at6231	IV	IV	2848809.0	IV	18084383.5
1849at6231	III	III	6527132.0	III	19609166.5
1852at6231	III	III	10430175.5	III	9472887.0
1856at6231	I	I	17999111.0	I	1199827.0
1857at6231	III	III	7491884.0	III	14441474.0
1865at6231	II	V	14917803.5	V	10594551.5
1868at6231	III	III	5916293.5	III	2909870.0
1870at6231	IV	IV	4533518.0	IV	19817347.0
1871at6231	I	I	17569438.5	I	9034988.5
1872at6231	III	III	3702194.0	III	15422617.5
1873at6231	X	X	5667252.0	X	11229254.5
1877at6231	III	III	6847290.5	III	10182794.5
1884at6231	X	X	14098909.5	X	5145104.0
1885at6231	X	X	15029273.0	X	6689205.0
1890at6231	V	V	16428846.0	V	7449781.5
1894at6231	IV	IV	13284231.5	IV	11255276.5
1895at6231	IV	IV	6166161.5	IV	19679529.5
1900at6231	V	V	10438396.0	V	14240746.5
1914at6231	II	II	11411683.0	II	13674094.0
1915at6231	III	III	11942560.0	III	9963032.5
1918at6231	IV	IV	9685044.0	IV	10343562.5
1920at6231	II	II	11621038.5	II	13836154.5
1921at6231	III	III	10329038.5	III	9388262.0
1927at6231	X	X	13436514.5	X	16203401.5
1931at6231	I	I	10616848.5	I	1239663.5
1942at6231	II	II	6073244.5	II	9306533.5
1952at6231	III	III	11416319.0	III	7065270.0
1956at6231	X	X	2116090.0	X	9999232.0
1963at6231	III	III	414005.0	III	7823823.5
1964at6231	X	X	12352944.0	X	5769883.0
1966at6231	X	X	2390349.5	X	9808096.5
1967at6231	I	I	15209620.5	I	18165343.5
1968at6231	III	III	6654937.5	III	18032422.5
1971at6231	I	I	15251218.5	I	18128934.0
1978at6231	I	I	15148161.0	I	18238402.5
1979at6231	I	I	5119685.0	I	14435762.5
1980at6231	I	I	13848975.5	I	2996586.0
1991at6231	unassigned	X	4731724.0	X	10084122.5
1998at6231	III	III	7863066.5	III	14336839.0
2000at6231	III	III	7856806.5	III	14319042.0
2008at6231	X	X	10838176.0	X	2080917.0
2012at6231	I	I	16343928.0	I	5021396.0
2014at6231	II	II	15273635.0	II	16336168.0
2018at6231	V	V	7120437.0	V	13394571.5
2019at6231	II	II	6922523.0	II	13347702.0
2021at6231	I	V	18604757.0	V	3337417.0
2022at6231	X	X	11493756.5	X	3097771.0
2023at6231	I	I	13099731.0	I	2434573.0
2026at6231	IV	IV	15822519.5	IV	4041326.0
2028at6231	II	II	9142595.0	II	3575436.0
2032at6231	I	I	10772721.0	I	9124621.5
2035at6231	V	I	12019378.5	I	8853699.5
2037at6231	X	X	12769873.0	X	171678.5
2038at6231	V	V	7496241.0	V	13887489.5
2041at6231	I	I	7468200.5	I	15871393.5
2042at6231	II	II	8853920.5	II	10755320.0
2052at6231	III	III	7685822.0	III	17763117.5
2058at6231	III	III	7218176.5	III	4370395.5
2064at6231	I	I	17994659.0	I	1195859.5
2072at6231	I	I	13461943.5	I	2067631.0
2073at6231	I	I	12031261.5	I	8858723.5
2075at6231	V	V	10941342.5	V	19354010.0
2077at6231	V	V	7756745.5	V	18318942.0
2080at6231	II	II	7388590.0	II	10493239.0
2085at6231	X	X	17298696.5	X	8209545.5
2089at6231	II	II	6550250.5	II	6643847.5
2092at6231	I	I	6894517.5	I	13883922.5
2093at6231	X	X	1274112.5	X	12064631.5
2096at6231	III	III	6835774.0	III	19091683.5
2099at6231	III	III	11498756.0	III	6964901.5
2102at6231	II	II	7871978.0	II	9492096.5
2103at6231	II	II	6953694.0	II	13322343.0
2104at6231	II	II	9500143.0	II	5045141.0
2105at6231	III	III	10545174.0	III	9581905.0
2107at6231	III	III	11596253.5	III	6193100.0
2112at6231	V	V	7523288.0	V	13934665.5
2115at6231	X	X	8845209.0	X	17242091.5
2116at6231	X	X	14519998.5	X	4619730.5
2120at6231	III	III	9457077.5	III	12191423.0
2125at6231	X	X	1062066.5	X	12261921.0
2126at6231	IV	IV	12713493.5	IV	9739267.5
2128at6231	V	V	12774082.5	V	7596408.5
2131at6231	V	V	3385052.5	V	5783920.0
2132at6231	unassigned	V	5978899.5	V	3631292.0
2133at6231	II	II	9104834.5	II	3463549.5
2137at6231	V	V	10167933.0	V	12819292.0
2152at6231	V	V	9449493.5	V	2226274.5
2159at6231	X	X	12439560.0	X	5392506.5
2160at6231	II	IV	11755953.0	IV	2132024.5
2164at6231	II	II	14991291.0	II	17053330.5
2170at6231	II	III	10679806.5	III	9669640.5
2173at6231	II	II	11028254.0	II	12190335.5
2178at6231	III	III	11994283.5	III	9935920.0
2182at6231	I	I	15427666.5	I	17718331.0
2185at6231	X	X	1307734.5	X	11989792.5
2187at6231	I	I	13615017.0	I	3496924.5
2198at6231	III	III	10206939.5	III	9299445.5
2204at6231	IV	IV	3577157.0	IV	18218463.5
2206at6231	X	X	15949743.0	X	8001340.0
2208at6231	X	X	505051.5	X	9471170.5
2209at6231	IV	III	11590879.5	III	6201695.5
2213at6231	I	I	8937464.5	I	12405086.5
2228at6231	I	I	12878445.5	I	3826879.5
2229at6231	I	I	4754788.0	I	10026408.0
2232at6231	I	I	17009371.5	I	5364836.5
2233at6231	IV	IV	8895991.0	IV	1138380.5
2236at6231	V	V	13333341.5	V	6540508.0
2240at6231	I	I	3271419.0	I	6783736.5
2247at6231	unassigned	X	3093151.0	X	11017357.0
2251at6231	X	X	12077968.0	X	5935282.0
2255at6231	I	I	13445784.5	I	2089083.5
2257at6231	III	III	14360275.0	III	7994955.0
2263at6231	IV	IV	12679212.5	IV	9685409.5
2267at6231	I	I	16023823.0	I	4515390.5
2268at6231	V	IV	11660453.5	IV	4440121.0
2270at6231	IV	IV	9659557.5	IV	10322102.5
2274at6231	V	V	8296084.0	V	16781780.5
2277at6231	II	II	17830630.0	II	21496391.0
2279at6231	III	III	12056166.0	III	9877568.5
2281at6231	II	II	15505836.5	II	19850942.0
2285at6231	I	V	11047797.0	V	9636658.0
2286at6231	III	III	5008455.0	III	15531110.5
2287at6231	III	III	10420979.5	III	9464092.0
2288at6231	II	II	96152.0	II	8557230.0
2294at6231	V	V	6124804.5	IV	19928644.5
2295at6231	III	IV	8924148.0	IV	1091686.0
2297at6231	II	II	18347025.0	II	20101141.0
2302at6231	X	X	10796003.0	X	2041257.5
2304at6231	III	III	8543292.0	III	19852096.5
2306at6231	III	II	12530200.0	II	14676994.5
2308at6231	X	X	16257419.0	X	7388525.0
2311at6231	I	I	954380.0	I	7660655.0
2312at6231	III	III	11727559.0	III	7128961.0
2313at6231	IV	IV	10108591.0	IV	9998434.5
2316at6231	II	II	1717286.5	II	6952731.5
2319at6231	I	I	10009202.5	I	226469.0
2321at6231	V	V	9631731.0	V	15680089.5
2324at6231	III	III	10744864.5	III	9737225.5
2327at6231	X	X	11205278.5	X	2523088.0
2329at6231	III	III	10138715.0	III	9249193.0
2332at6231	I	I	2353696.0	I	9768374.5
2338at6231	IV	IV	350115.0	IV	20209538.0
2339at6231	I	I	10135978.5	I	550556.0
2342at6231	I	I	11554376.5	I	6991615.0
2345at6231	X	II	15345208.5	II	16232826.5
2351at6231	I	I	14553286.5	I	6102674.5
2353at6231	I	I	15399089.0	I	17900880.0
2357at6231	V	V	4175216.0	V	5000899.5
2367at6231	III	III	12451919.5	III	4847118.5
2368at6231	V	IV	2462306.0	IV	12942526.5
2369at6231	V	V	4816799.5	V	10723992.0
2370at6231	X	X	17785540.5	X	8461439.0
2378at6231	IV	IV	15086981.5	IV	7819047.5
2380at6231	III	III	3525848.0	III	13349415.0
2383at6231	II	II	456285.5	II	12529601.0
2384at6231	III	III	10176495.5	III	9277662.5
2387at6231	II	II	1199755.0	II	12839920.5
2390at6231	I	I	10642242.0	I	623161.0
2393at6231	IV	IV	4432287.5	IV	19845428.5
2401at6231	II	II	17309006.0	II	18733169.5
2403at6231	X	X	9197801.0	X	16607693.0
2408at6231	II	II	6363673.0	II	8773344.0
2409at6231	I	I	7403388.5	I	15695264.0
2410at6231	I	I	6543023.5	I	15117529.5
2411at6231	IV	IV	9155475.0	IV	2389371.5
2418at6231	I	I	17788772.5	I	8187364.0
2419at6231	V	V	10444576.5	V	14249781.0
2420at6231	II	II	6973247.0	II	13237606.5
2422at6231	I	I	7754563.5	I	18494705.0
2424at6231	III	III	12178931.5	III	7651269.0
2426at6231	III	III	3376996.0	III	11841386.0
2427at6231	III	III	15322080.5	III	8396047.5
2431at6231	unassigned	V	8857855.0	V	20850890.0
2436at6231	III	III	6591630.5	III	19389098.0
2437at6231	II	II	7153616.5	II	10692975.5
2441at6231	II	II	4562154.0	II	2115744.0
2453at6231	X	X	2004981.5	X	11773776.0
2454at6231	IV	IV	9109248.0	IV	2553099.0
2458at6231	III	III	10185293.5	III	9284336.5
2460at6231	V	V	11066603.5	V	20267459.0
2464at6231	V	V	5595038.0	V	6954195.5
2467at6231	X	X	7975014.5	X	12535509.0
2469at6231	II	II	15265491.5	II	16325311.0
2471at6231	I	I	15912773.5	I	4448523.0
2473at6231	I	I	16526449.5	I	4969024.0
2474at6231	X	X	13884057.0	X	883346.5
2475at6231	V	V	8920897.5	V	20657418.0
2476at6231	V	V	14999465.0	V	10789186.5
2478at6231	III	III	1267656.5	III	13034420.0
2480at6231	X	X	16064387.0	X	8084005.0
2494at6231	I	I	8886744.5	I	12801546.0
2495at6231	III	III	12511421.5	III	5103965.0
2498at6231	I	I	17295349.0	I	9455532.0
2515at6231	III	III	12196906.0	III	7663063.5
2516at6231	III	III	18109939.0	III	1265363.5
2523at6231	I	I	10021418.0	I	218088.5
2524at6231	I	I	16083297.0	I	4587064.0
2527at6231	IV	IV	16518597.5	IV	6175069.5
2531at6231	III	III	11180242.5	III	7242397.0
2538at6231	I	I	16200311.5	I	4607484.5
2539at6231	IV	IV	13214561.5	IV	12186133.5
2546at6231	V	II	15073992.5	II	21133786.5
2547at6231	X	X	1653317.0	X	9713359.0
2551at6231	III	I	13392979.0	III	338628.5
2557at6231	II	II	7422020.5	II	10464274.5
2562at6231	V	V	10450149.5	V	14169571.5
2565at6231	V	V	9738966.5	V	15620400.0
2568at6231	X	X	9816478.0	X	5221033.0
2569at6231	III	III	18119858.0	III	1116670.0
2573at6231	III	III	9780642.5	III	5681808.0
2574at6231	X	X	6368188.5	X	12896221.0
2577at6231	IV	IV	10585630.5	IV	9293561.0
2582at6231	III	III	3012803.0	III	10518019.5
2595at6231	III	III	12607294.0	III	5257161.5
2601at6231	IV	IV	7562342.0	IV	7701830.0
2605at6231	X	X	6203954.5	X	12818044.5
2611at6231	III	III	2339706.5	III	10739737.5
2614at6231	II	II	13240410.5	II	15330904.5
2622at6231	IV	IV	8089969.5	IV	7035860.5
2627at6231	II	II	6652091.5	II	8990846.0
2628at6231	V	V	10669600.0	V	19936335.5
2629at6231	I	I	10094045.5	I	521143.5
2634at6231	I	III	11292673.5	III	5985235.0
2635at6231	V	V	12032241.0	V	8941644.5
2643at6231	II	II	6776144.0	II	13464521.0
2652at6231	I	I	15551605.5	I	7545234.0
2653at6231	IV	V	8754763.0	V	3553611.0
2660at6231	II	II	11615405.5	II	13831142.5
2661at6231	X	X	881792.0	X	9229381.5
2667at6231	I	I	17810269.0	I	7949470.0
2678at6231	III	III	15371990.0	III	8403820.5
2687at6231	X	X	10419838.0	X	1572094.5
2689at6231	X	X	8186069.5	X	15435808.0
2707at6231	IV	IV	8074204.0	IV	7017339.0
2710at6231	X	X	7927015.0	X	14600497.5
2712at6231	II	II	5507510.0	II	7735155.0
2714at6231	V	V	10257907.5	V	14839156.0
2725at6231	III	III	12087792.0	III	6819689.5
2732at6231	III	III	7478839.0	III	17788666.0
2754at6231	I	I	13621080.0	I	3490126.0
2756at6231	I	I	7450387.0	I	15811619.5
2757at6231	I	I	9780110.0	I	6571913.5
2760at6231	I	I	5889711.0	I	344148.5
2761at6231	II	II	16874742.0	II	15210937.0
2764at6231	II	II	9329922.0	II	3254727.5
2765at6231	X	X	14199730.0	X	5033546.0
2769at6231	V	V	10375220.0	V	14296407.5
2772at6231	IV	IV	13546469.5	IV	4232929.5
2773at6231	V	V	7384214.5	V	13696624.0
2778at6231	I	I	15494368.0	I	7575979.0
2786at6231	III	V	801201.0	V	7539625.5
2792at6231	III	III	11907665.5	III	9996207.0
2795at6231	I	I	4376728.5	I	16334137.5
2802at6231	I	I	8018882.0	I	9713864.5
2805at6231	III	IV	7458520.0	IV	12643303.5
2815at6231	I	I	12677100.5	I	7425664.0
2817at6231	III	III	2575844.5	III	11520092.5
2830at6231	III	III	8300006.0	III	13660283.0
2833at6231	V	V	18587135.0	V	3072711.0
2844at6231	X	X	14853704.0	X	4106304.0
2845at6231	III	III	9494625.5	III	12233114.5
2847at6231	V	V	18413481.5	V	10083566.0
2848at6231	V	V	5292209.5	V	18497631.0
2858at6231	II	II	4324731.5	II	8155063.5
2865at6231	III	III	12366279.5	III	5049407.0
2873at6231	III	III	12327784.5	III	4073828.5
2875at6231	V	V	11169944.0	V	13176387.0
2885at6231	IV	IV	13066094.0	V	11747836.0
2889at6231	V	V	8994813.0	V	20799871.0
2890at6231	IV	IV	13648985.5	IV	19901395.0
2891at6231	I	I	5102532.0	I	14403151.5
2893at6231	I	I	12521591.5	I	9306296.5
2896at6231	I	I	3837602.0	I	6405640.0
2900at6231	IV	IV	9771492.5	IV	10423532.0
2906at6231	X	X	17240370.0	X	8166267.0
2914at6231	III	III	1222942.0	III	13011113.5
2918at6231	X	X	9730097.0	X	465293.5
2927at6231	III	III	3684002.5	III	13448685.0
2931at6231	V	V	8665135.5	V	12433661.5
2933at6231	IV	IV	17880664.0	IV	12465535.0
2943at6231	IV	IV	7608209.0	IV	10778004.0
2946at6231	I	I	15824342.0	I	4375268.0
2948at6231	I	I	8295712.5	I	9528902.5
2950at6231	V	V	10225721.0	V	14793739.5
2951at6231	I	I	8001606.0	I	9741338.0
2952at6231	X	X	14332987.5	X	4861187.0
2957at6231	V	V	11111144.0	V	20336075.0
2959at6231	II	II	18178422.5	II	20300019.5
2961at6231	V	V	11777958.0	V	18885674.5
2962at6231	X	X	8259291.0	X	15320792.5
2970at6231	IV	IV	10293663.5	IV	9368102.0
2972at6231	V	V	10154535.0	V	12788970.0
2982at6231	V	V	7877578.5	V	18754124.0
2989at6231	III	III	9200124.5	III	19923514.0
2990at6231	X	X	10567558.0	X	1742897.0
2992at6231	V	V	2360165.0	V	10257420.0
2997at6231	III	III	13051033.5	III	6608298.0
2999at6231	I	I	13328145.5	I	2536736.5
3008at6231	X	X	1770967.0	X	9750994.5
3010at6231	X	X	1467835.5	X	11834624.0
3012at6231	I	I	16048109.5	I	4563445.0
3024at6231	X	X	10876006.5	X	2127396.0
3031at6231	III	III	15724610.0	III	8531381.0
3035at6231	III	III	8698333.5	III	10933605.0
3037at6231	X	X	14024744.5	X	1007359.5
3039at6231	I	I	11973835.5	I	7226902.0
3040at6231	III	IV	8602762.5	IV	2233084.5
3047at6231	II	II	13187670.5	II	15391291.0
3051at6231	III	III	15843727.0	III	8573427.0
3059at6231	II	II	6857447.0	II	13397977.5
3063at6231	III	III	10497481.5	III	9562913.0
3070at6231	I	I	15274918.5	I	18107943.0
3074at6231	V	V	3105608.0	V	215879.5
3077at6231	X	X	8380133.5	X	15067099.5
3084at6231	III	III	18997479.0	III	94590.0
3085at6231	V	V	12008606.0	V	8959821.0
3086at6231	I	I	4811948.5	I	10449985.0
3088at6231	I	I	13649629.0	I	2845539.5
3089at6231	V	V	6083478.5	V	17871881.5
3091at6231	X	X	13888014.0	X	886217.0
3097at6231	X	X	14163132.0	X	5073668.5
3103at6231	X	X	6209679.5	X	12822006.0
3108at6231	I	II	5809542.5	II	6596095.0
3112at6231	III	III	17713932.0	III	1883615.0
3122at6231	X	X	17465431.0	X	8645215.0
3125at6231	I	I	7840458.0	I	9163241.0
3129at6231	II	II	3969131.5	II	4182783.0
3153at6231	IV	IV	1834131.0	IV	17836637.0
3156at6231	II	II	3268475.5	II	8228560.0
3157at6231	I	I	14118777.0	I	3187348.0
3158at6231	V	V	12954126.0	V	6040184.5
3167at6231	II	II	17980554.5	II	21379449.0
3171at6231	IV	IV	6215954.0	IV	19309000.5
3182at6231	II	II	14427782.0	II	19084764.0
3183at6231	V	V	10195473.5	V	14720064.5
3191at6231	X	X	562060.0	X	9540321.0
3193at6231	III	III	6396204.0	III	4779206.5
3205at6231	II	II	4861794.0	II	95091.0
3209at6231	IV	IV	17444017.5	IV	6767328.0
3211at6231	II	II	4389752.5	II	4747912.5
3214at6231	II	II	15298479.5	II	16370617.0
3215at6231	II	II	16238044.0	II	18071935.0
3218at6231	IV	IV	5194846.5	IV	18992748.0
3219at6231	I	I	16699593.0	I	4809592.5
3223at6231	III	III	2719971.0	III	11538936.5
3225at6231	V	V	13971823.5	V	5255081.5
3226at6231	II	I	14746625.0	II	15728117.5
3228at6231	IV	IV	8475831.5	IV	11551419.5
3230at6231	IV	IV	9338333.5	IV	8882396.0
3231at6231	III	III	13303428.5	III	6474722.5
3232at6231	III	III	10000418.0	III	5880619.5
3233at6231	I	I	12820748.0	I	3898370.0
3235at6231	I	I	5508568.0	I	10598157.5
3237at6231	IV	IV	16733067.0	IV	1509201.5
3239at6231	III	III	18569856.0	III	205611.5
3240at6231	IV	IV	7621746.5	IV	10787974.5
3251at6231	II	II	7415419.0	II	10468547.0
3254at6231	III	III	15079292.0	III	8318585.5
3259at6231	I	I	14233174.0	I	3313284.0
3260at6231	I	I	15810222.5	I	18298399.0
3270at6231	I	I	11147679.0	I	9735174.0
3275at6231	III	III	5796216.0	III	18398895.0
3276at6231	X	X	6199064.5	X	12815155.5
3281at6231	V	V	7968145.5	V	733202.0
3288at6231	III	III	12245927.5	III	7686820.5
3291at6231	II	II	7933736.0	II	11788903.5
3292at6231	II	II	11100916.0	II	12253885.0
3293at6231	I	I	8921466.5	I	12394959.5
3295at6231	I	I	13830988.5	I	3426193.0
3300at6231	IV	IV	364161.5	IV	20188914.0
3302at6231	I	I	11325953.0	I	7148837.5
3308at6231	II	II	9456201.0	II	5401706.5
3312at6231	II	II	10817694.0	II	7574612.5
3321at6231	III	III	12580531.5	III	5203102.0
3324at6231	V	V	10261399.5	V	14832433.5
3325at6231	II	II	5322193.0	II	10252725.5
3326at6231	I	I	7464311.0	I	15866012.5
3330at6231	X	X	15390043.5	X	6290789.5
3335at6231	I	I	16161262.5	I	4643239.0
3340at6231	II	II	7396528.5	II	10484996.0
3345at6231	X	X	2615610.5	X	12320565.0
3347at6231	X	X	4655196.0	X	11483541.5
3349at6231	V	V	11651402.0	V	6440070.0
3350at6231	III	III	4967601.5	III	15466069.5
3360at6231	IV	IV	11359427.0	IV	3263941.5
3365at6231	II	II	12749447.0	II	15161962.0
3369at6231	I	I	8764972.5	I	1829325.5
3373at6231	V	V	11019206.0	V	18939981.0
3376at6231	I	I	7833368.0	I	9166540.0
3377at6231	III	III	11258055.0	III	7169127.0
3378at6231	I	I	9118612.5	I	12519401.5
3379at6231	I	I	9013661.0	I	12486057.5
3381at6231	I	I	17349406.5	I	8839928.0
3388at6231	X	X	8681444.0	X	15973476.0
3393at6231	II	II	1654505.0	II	8928134.5
3396at6231	III	III	12805761.0	III	6766341.5
3398at6231	V	V	9877531.5	V	16575730.0
3400at6231	III	III	11933762.0	III	9972517.0
3401at6231	II	II	3127534.5	II	8304074.5
3404at6231	X	X	12150504.0	X	5849980.5
3408at6231	X	X	10872304.5	X	2123498.5
3411at6231	I	I	14646563.5	I	5971741.5
3412at6231	II	II	11606732.0	II	13824178.5
3414at6231	III	III	14177804.0	III	8025264.0
3417at6231	V	V	272418.0	V	1196960.5
3419at6231	III	III	11200160.0	III	7227657.0
3420at6231	I	I	10045600.5	I	689365.0
3422at6231	V	III	12624839.0	III	5280626.0
3433at6231	I	I	13713041.0	I	2797595.0
3434at6231	X	X	16498186.0	X	7182493.5
3442at6231	X	X	14752203.5	X	4236403.0
3444at6231	III	III	15149193.5	III	8334941.5
3445at6231	IV	IV	937265.0	IV	13536318.0
3450at6231	I	I	15689946.5	I	18450423.0
3452at6231	III	III	10506037.0	III	9557568.5
3464at6231	X	X	2097011.0	X	11647764.0
3472at6231	X	X	17491183.0	X	8629735.0
3473at6231	II	II	11222692.5	II	9638010.5
3474at6231	IV	IV	14256005.5	IV	740420.0
3486at6231	V	V	17993840.5	V	8059431.0
3487at6231	I	I	3866081.0	I	6414468.0
3490at6231	X	X	583543.5	X	9559790.0
3493at6231	V	V	10904024.0	V	19260661.0
3496at6231	III	II	17518855.0	II	21290536.0
3502at6231	IV	V	987098.0	V	7697036.0
3509at6231	III	III	8517777.5	III	19827707.5
3516at6231	I	I	16695488.5	I	4803930.5
3523at6231	X	X	8165837.0	X	15468448.5
3524at6231	V	V	10238727.0	V	14823408.5
3529at6231	III	III	16744595.5	III	8971154.0
3531at6231	X	X	595056.5	X	9569919.5
3534at6231	III	III	14938932.0	III	8267610.5
3545at6231	V	V	8471245.0	V	10618999.5
3547at6231	II	II	8211604.0	II	1569500.0
3550at6231	X	X	12492670.0	X	415891.0
3553at6231	I	I	14236357.5	I	3315606.0
3558at6231	I	I	16686742.5	I	4798608.0
3561at6231	V	V	7977677.0	V	727747.5
3570at6231	IV	IV	12303400.5	IV	11776824.0
3572at6231	III	III	15069972.5	III	8315002.5
3574at6231	V	X	12764148.5	X	176482.0
3577at6231	I	I	11802898.5	I	7310892.5
3581at6231	III	III	18611858.0	III	735693.0
3582at6231	V	V	8034160.0	V	659256.0
3583at6231	X	X	5311121.5	X	11557538.0
3584at6231	II	II	6082153.5	III	1731145.0
3585at6231	I	I	9337003.5	I	8010383.5
3587at6231	IV	IV	1173042.0	IV	17084052.5
3593at6231	IV	IV	4484078.0	IV	19800350.5
3594at6231	II	II	11215056.5	II	9628521.5
3601at6231	III	III	6815076.0	III	19145523.5
3607at6231	V	V	10832067.5	V	19576475.5
3609at6231	I	I	13077531.0	I	2407045.5
3611at6231	I	I	15844003.0	I	4393032.5
3612at6231	I	I	14914416.5	I	5160281.0
3626at6231	II	II	17904745.5	II	21541440.0
3629at6231	X	X	5991495.0	X	12605690.5
3630at6231	V	V	6809206.0	V	9441743.0
3635at6231	II	II	7125777.5	II	13058622.0
3637at6231	I	I	7240565.0	I	12357537.0
3638at6231	IV	IV	6281919.5	IV	15679510.0
3640at6231	V	V	7959336.5	V	740571.5
3642at6231	II	II	10503129.5	II	13588690.5
3644at6231	I	I	4958191.5	I	13987434.0
3666at6231	V	V	10180825.0	V	12853644.0
3667at6231	III	III	7193592.5	III	10507471.0
3669at6231	I	I	13331669.5	I	2532836.0
3671at6231	I	I	14417147.5	I	6256339.0
3676at6231	I	I	4606363.5	I	9998939.5
3678at6231	I	I	16177448.5	I	4625630.5
3679at6231	X	X	9523985.0	X	625420.5
3688at6231	IV	IV	4983927.0	IV	15203480.5
3696at6231	IV	IV	15811902.5	IV	3964662.0
3698at6231	X	X	15847079.5	X	7962383.0
3699at6231	I	I	13141557.5	I	4049837.0
3701at6231	III	III	4436655.5	III	13962918.0
3712at6231	I	I	7653623.0	I	18529913.5
3718at6231	II	II	7956795.5	II	2940271.5
3719at6231	IV	IV	1214471.5	IV	17038152.5
3723at6231	IV	IV	18103801.5	IV	5916380.0
3741at6231	IV	IV	8381516.0	IV	11269987.0
3746at6231	X	X	12357730.5	X	5775844.0
3748at6231	II	II	10240514.5	II	11485774.0
3754at6231	X	X	5575107.0	X	11128483.0
3760at6231	III	III	11984632.0	III	9945198.0
3771at6231	X	X	17144318.5	X	7548706.0
3774at6231	III	III	9059066.0	III	6816861.0
3776at6231	III	III	11662171.5	III	6116894.5
3780at6231	III	III	16995895.0	III	9072061.0
3781at6231	III	III	9870998.0	III	5788459.0
3793at6231	I	I	964109.5	I	7655259.0
3794at6231	I	I	9583053.0	I	711961.0
3798at6231	V	V	2024731.5	V	5925143.0
3802at6231	II	II	12405954.0	II	14773979.5
3816at6231	I	I	7246995.0	I	12366322.0
3827at6231	I	III	7395204.5	III	14091037.0
3828at6231	IV	IV	93042.5	IV	14826310.5
3830at6231	V	V	7656496.0	V	18242135.5
3835at6231	IV	IV	7790593.0	IV	7417835.5
3836at6231	III	III	9468272.0	III	12205137.0
3842at6231	III	III	9977228.5	III	5859554.5
3843at6231	II	II	1212670.0	II	12833608.5
3845at6231	X	X	15446769.0	X	6209692.0
3850at6231	X	X	12509459.5	X	397577.0
3852at6231	I	I	12373212.5	I	8689392.5
3853at6231	II	II	7365229.0	II	10513630.0
3857at6231	II	II	15305443.5	II	16379645.5
3863at6231	I	I	13573167.5	I	3562945.0
3869at6231	I	I	8749733.0	I	1863277.5
3871at6231	V	V	7142314.5	V	13358304.5
3878at6231	X	X	10104404.0	X	1314408.5
3879at6231	I	I	16778134.5	I	5588030.0
3880at6231	I	I	13686642.5	I	2735936.0
3885at6231	III	III	5368088.5	III	18600189.0
3887at6231	V	V	15617221.5	V	7276518.5
3891at6231	IV	IV	18317848.0	IV	2937694.0
3892at6231	III	III	11154631.5	III	7249179.5
3894at6231	I	I	15489080.0	I	7578513.5
3901at6231	III	III	16331403.0	III	8777664.5
3903at6231	I	I	5776784.5	I	10747842.0
3907at6231	I	I	3239576.5	I	6775863.0
3908at6231	V	V	6845458.0	V	9406865.5
3919at6231	III	III	7180917.5	III	10498283.0
3927at6231	X	X	16893398.0	X	7773371.5
3929at6231	III	III	5953795.5	III	2965797.0
3930at6231	II	II	9001303.5	II	5609372.5
3931at6231	III	III	16101724.5	III	8666394.0
3933at6231	III	III	18125681.0	III	1124665.5
3935at6231	V	V	9071013.5	V	20731696.0
3939at6231	V	V	6740818.0	V	9320526.0
3944at6231	II	II	844950.0	II	7878638.5
3947at6231	X	X	1316517.0	X	11984003.0
3954at6231	IV	IV	14724272.0	IV	8047075.0
3957at6231	III	III	8596879.5	III	11034743.5
3960at6231	III	III	9879640.5	III	5792382.5
3963at6231	II	II	9345098.0	II	3281252.0
3968at6231	III	III	7460674.5	III	17834963.5
3969at6231	V	V	4088856.0	V	11211309.0
3970at6231	I	I	15986623.0	I	4544622.5
3971at6231	IV	IV	15026878.5	IV	7882398.5
3976at6231	I	I	14815051.0	I	5831387.5
3987at6231	IV	IV	12511598.5	IV	10977813.5
3989at6231	X	X	9619537.5	X	562285.0
3990at6231	X	X	2211245.5	X	9908926.5
3992at6231	III	III	5600605.5	III	18436986.0
3993at6231	X	X	9851592.5	X	1060542.0
3995at6231	I	I	14952362.5	I	5195190.0
4001at6231	II	II	6418362.0	II	6497958.5
4002at6231	III	III	12710472.5	III	5398472.0
4003at6231	IV	IV	11623981.5	IV	4498720.5
4008at6231	II	II	2014389.0	II	12309532.5
4013at6231	unassigned	X	10402003.5	X	1558373.5
4026at6231	II	III	1114727.5	III	12920573.5
4028at6231	II	II	5538117.0	II	7730157.5
4030at6231	IV	IV	13220512.5	IV	12189170.5
4039at6231	V	V	767522.0	V	11770112.0
4046at6231	III	III	12211545.5	III	7677870.5
4050at6231	III	III	3006946.5	III	10515211.5
4054at6231	V	V	9685227.5	V	15828088.0
4055at6231	X	X	14354063.0	X	4829475.5
4059at6231	II	III	8858003.5	II	7471683.5
4061at6231	III	III	9422518.5	III	10888577.0
4063at6231	I	I	12891152.0	I	3813694.5
4069at6231	V	V	11745642.0	V	6347142.0
4071at6231	III	III	9070914.5	III	9792994.0
4072at6231	II	II	5937936.5	II	9916499.0
4075at6231	IV	IV	1992509.5	IV	16016946.5
4076at6231	IV	IV	13854980.5	IV	12539237.0
4088at6231	III	III	10120699.5	III	9232261.5
4089at6231	IV	IV	9424244.0	IV	8969208.5
4093at6231	X	X	7478014.0	X	13907280.0
4098at6231	I	I	11522700.5	I	7015381.5
4104at6231	III	III	11862937.0	III	10034341.5
4106at6231	I	I	7591111.5	I	15406117.5
4108at6231	I	I	13701628.5	I	2787178.5
4120at6231	III	III	11535502.5	III	6936125.0
4123at6231	V	V	10015856.5	V	15432325.0
4125at6231	III	III	10724536.0	III	9717775.5
4128at6231	V	V	7864361.5	V	18772409.0
4130at6231	III	III	14766083.5	III	7861984.0
4132at6231	I	I	15555017.0	I	7542758.5
4147at6231	II	II	9395582.5	II	7424031.5
4150at6231	IV	IV	17102245.5	IV	10853871.5
4151at6231	I	I	15954304.5	I	4484895.5
4153at6231	III	III	11448246.5	III	7037634.5
4155at6231	IV	IV	12471276.0	IV	11007461.0
4161at6231	IV	IV	10145447.0	IV	10117335.0
4166at6231	I	I	11387756.5	I	7089799.5
4168at6231	I	I	2192949.5	I	4302662.5
4173at6231	I	I	15899720.5	I	4437017.5
4176at6231	IV	IV	16807752.0	IV	1574917.5
4178at6231	V	V	7703790.5	V	18176769.0
4181at6231	III	III	18928175.5	III	127940.5
4182at6231	I	I	16575637.5	I	5636027.0
4183at6231	III	III	10531049.5	III	9570913.5
4192at6231	II	II	17793297.0	II	21269686.0
4202at6231	I	I	10992977.5	I	7181293.0
4208at6231	I	I	16808023.5	I	5440680.5
4209at6231	V	V	10329309.5	V	14541607.0
4211at6231	III	III	11096602.5	III	7296287.5
4213at6231	I	I	387580.0	I	495156.5
4225at6231	II	II	14671663.5	II	18616394.0
4226at6231	I	I	11727886.0	I	7342841.0
4231at6231	unassigned	II	690861.5	II	12588291.0
4238at6231	III	III	7172820.0	III	10492758.5
4242at6231	IV	IV	7934236.0	IV	7273157.0
4246at6231	I	I	17561632.5	I	9026682.0
4258at6231	II	I	7130876.5	I	10407225.5
4269at6231	IV	IV	10761304.5	IV	1935983.0
4272at6231	IV	IV	13808988.5	IV	12561199.0
4275at6231	X	X	11880393.0	X	3798529.5
4277at6231	III	III	7935717.0	III	10153739.5
4282at6231	X	X	12082506.0	X	5928157.0
4285at6231	III	III	6712868.0	III	17489855.0
4296at6231	II	II	12444725.0	II	14739378.5
4301at6231	I	I	7445582.0	I	15792399.5
4303at6231	IV	IV	9261785.5	IV	9485352.5
4307at6231	X	X	8342596.5	X	15117208.5
4310at6231	I	I	13164796.5	I	1374414.5
4316at6231	III	III	10066786.0	III	5959776.5
4318at6231	III	III	12370207.0	III	5044972.5
4320at6231	IV	IV	18311741.0	IV	2946964.0
4333at6231	V	V	11072141.5	V	20279409.5
4337at6231	II	II	6219520.5	II	9436368.5
4338at6231	unassigned	IV	5044821.0	IV	15198070.0
4340at6231	X	X	6890963.0	X	13334094.5
4345at6231	II	II	10366989.5	II	6411717.5
4355at6231	X	X	9842433.5	X	5166053.5
4357at6231	V	V	16167276.5	V	8442681.5
4359at6231	I	I	12999875.5	I	2295121.5
4364at6231	III	III	7493115.0	III	14448969.5
4368at6231	IV	IV	10135912.0	IV	10103367.0
4389at6231	IV	IV	10410859.0	IV	8724287.5
4404at6231	III	II	5882059.5	III	795788.0
4405at6231	II	II	9009214.0	II	5593071.0
4407at6231	II	II	209050.5	II	12989990.0
4412at6231	II	II	6824434.0	II	13428437.0
4415at6231	III	III	10540339.0	III	9578008.0
4417at6231	IV	IV	12656552.5	IV	9669578.5
4422at6231	III	III	18584758.0	III	617658.5
4424at6231	I	I	17029396.0	I	5380734.5
4427at6231	X	X	11639787.5	X	3361226.5
4428at6231	II	II	11548707.0	II	13786480.0
4430at6231	III	IV	8606996.0	IV	2221003.0
4435at6231	I	I	8458438.0	I	1881019.0
4444at6231	IV	IV	17595116.0	IV	9626484.5
4454at6231	II	II	15284501.5	II	16356219.0
4458at6231	unassigned	III	5531805.5	III	18799120.0
4461at6231	I	I	12761900.0	I	3971185.5
4468at6231	II	I	3045347.5	I	4285824.0
4469at6231	III	III	12438862.0	III	4815475.0
4476at6231	V	V	7972912.0	V	730517.5
4483at6231	V	V	11175171.5	V	13167253.0
4487at6231	III	III	14777371.5	III	7856355.0
4489at6231	I	I	2661235.5	I	11277972.5
4492at6231	III	III	17993025.5	III	1383966.5
4496at6231	V	V	7986220.0	V	720584.0
4498at6231	X	X	15405551.5	X	6276400.0
4504at6231	V	V	13414131.5	V	6502252.5
4509at6231	II	II	3134937.5	II	8301548.0
4512at6231	I	I	13289166.0	I	2522266.5
4516at6231	II	II	9334544.0	II	3264187.0
4519at6231	I	I	3481426.0	I	9801703.0
4521at6231	II	II	10530352.5	II	13610361.0
4525at6231	III	III	7039420.0	III	10331641.5
4526at6231	X	X	7132205.5	X	13554103.0
4532at6231	II	II	10411288.0	II	6353484.5
4536at6231	III	III	9052823.5	III	6812417.0
4540at6231	II	II	9525891.0	II	11097040.5
4542at6231	I	I	12839738.5	I	3871218.5
4548at6231	V	V	9572208.0	V	20786717.5
4549at6231	V	V	4184278.0	V	5012032.0
4551at6231	IV	IV	8956436.5	IV	1046590.0
4559at6231	I	I	15496937.5	I	7574503.5
4561at6231	II	II	6827014.5	II	13426489.0
4572at6231	IV	IV	8764014.5	IV	14485291.0
4579at6231	II	II	8578478.0	II	10944006.0
4581at6231	II	II	13351462.5	II	17763397.0
4585at6231	V	V	11054808.0	V	20248608.5
4586at6231	I	I	3712183.0	I	73633.5
4588at6231	V	V	10877055.0	V	19740870.5
4590at6231	III	III	18560540.0	III	282999.5
4593at6231	II	II	10356597.5	II	6430406.5
4597at6231	X	X	15536368.0	X	6778696.5
4598at6231	I	I	13428819.0	I	2117343.0
4602at6231	I	I	8674743.5	I	12951221.0
4607at6231	V	V	17774942.0	V	7971576.5
4611at6231	I	I	13752765.5	I	2747339.0
4612at6231	II	II	8886368.5	II	10729146.0
4621at6231	II	II	7325790.0	II	10549267.0
4622at6231	III	III	10690909.5	III	9673044.5
4635at6231	III	III	13068898.0	III	6598734.0
4639at6231	IV	IV	7492883.0	IV	7592905.0
4642at6231	X	X	11503397.5	X	3115212.0
4650at6231	II	II	12478338.5	II	14724743.0
4657at6231	I	I	7529062.5	I	13815274.0
4669at6231	X	X	18288041.5	X	8883593.0
4670at6231	X	X	14858372.5	X	4100156.0
4673at6231	IV	IV	17404086.0	IV	6723286.5
4675at6231	III	III	12835038.5	III	6742275.5
4680at6231	II	II	3977889.5	II	4170450.0
4690at6231	III	III	11476616.5	III	7007980.0
4692at6231	I	I	15660170.5	I	7486758.5
4702at6231	I	I	17373101.5	I	8819768.0
4703at6231	III	III	9182253.0	III	19927284.0
4722at6231	II	II	12939299.0	II	14580235.0
4723at6231	II	II	11469436.5	II	13718220.5
4726at6231	III	III	4869820.0	III	3118946.5
4731at6231	III	III	6194956.0	III	4209794.5
4735at6231	I	I	602792.0	I	503845.5
4739at6231	III	III	8603061.0	III	11032125.5
4746at6231	V	V	11932045.0	V	9007290.0
4747at6231	II	III	12844895.5	III	6733679.0
4750at6231	I	I	9437990.0	I	8233393.5
4752at6231	II	II	16362866.5	II	18149466.5
4757at6231	III	III	5987070.5	III	1661288.0
4760at6231	III	III	18435127.0	III	638758.0
4763at6231	I	I	5995749.0	I	11768389.0
4766at6231	I	I	17241892.0	I	9514508.5
4771at6231	II	II	10359968.5	II	6423255.5
4775at6231	X	X	8363083.5	X	15089072.0
4777at6231	I	I	17642710.0	I	7857532.5
4779at6231	V	V	530505.5	V	5339702.5
4780at6231	I	I	7663988.0	I	18511135.5
4786at6231	II	II	5266359.5	II	10207996.5
4793at6231	X	V	2343675.0	V	10250468.5
4794at6231	V	V	9569227.5	V	20784628.5
4798at6231	III	III	15993728.5	III	8641669.5
4799at6231	II	II	3361997.5	II	12427609.0
4802at6231	I	I	3660459.0	I	4296562.0
4804at6231	I	I	11924843.5	I	7243343.5
4806at6231	III	III	7225388.5	III	4358763.0
4815at6231	V	V	8717936.0	V	11617640.5
4816at6231	II	II	15054501.0	II	17380851.0
4825at6231	III	III	12853574.0	III	6713806.0
4834at6231	V	V	4820481.5	V	10726207.5
4848at6231	III	III	16151140.0	III	8653231.5
4856at6231	I	I	9017851.5	I	12491695.5
4859at6231	III	III	12395864.0	III	5003828.0
4861at6231	II	II	7604514.5	II	11280222.0
4863at6231	I	I	17668580.5	I	7836198.0
4873at6231	II	II	18397036.5	II	20190402.5
4877at6231	I	I	12849278.0	I	3861114.0
4879at6231	X	X	2217419.0	X	9904325.5
4881at6231	III	III	2951516.5	III	10653305.5
4883at6231	X	X	10098529.0	X	1280706.0
4887at6231	I	I	15557787.0	I	7540915.0
4895at6231	II	II	5744718.0	II	9862389.5
4900at6231	II	II	11182455.5	II	11526438.0
4903at6231	II	II	15849924.0	II	21200552.5
4905at6231	V	V	9909250.0	V	16153505.0
4906at6231	V	V	7376387.0	V	13681421.5
4919at6231	V	V	8234911.5	V	17527572.5
4925at6231	III	III	8103599.5	III	10822805.0
4932at6231	IV	IV	17408730.5	IV	6737490.5
4940at6231	III	III	12077818.5	III	6829640.5
4942at6231	III	III	11144830.5	III	7259643.5
4951at6231	V	V	805251.5	V	7542260.5
4961at6231	II	II	9813085.5	II	630007.0
4968at6231	V	V	7669525.0	V	18225124.5
4973at6231	V	V	6778106.0	V	9364813.5
4977at6231	I	I	14242384.5	I	3320486.0
4978at6231	III	III	9051052.0	III	6810523.0
4982at6231	II	II	14726514.5	II	18936161.0
4983at6231	X	X	12004527.0	X	6101323.0
4988at6231	IV	IV	9298993.0	IV	8847955.5
4992at6231	II	II	7385600.0	II	10495509.0
5001at6231	II	II	4617786.0	II	2731544.5
5009at6231	unassigned	IV	7496537.0	IV	7595693.0
5011at6231	X	X	14464979.5	X	4698683.0
5013at6231	I	I	7629102.5	I	15336844.0
5016at6231	V	V	7420048.0	V	13745788.0
5017at6231	IV	IV	12413288.5	IV	11053513.0
5019at6231	V	V	6292474.5	V	9084783.0
5021at6231	I	I	16433455.5	I	4898923.0
5034at6231	II	II	7371906.0	II	10503529.0
5038at6231	III	III	10749010.5	III	9741472.0
5044at6231	III	III	10097683.0	III	9212830.0
5045at6231	V	V	9702633.0	V	15865938.0
5057at6231	X	X	13617057.5	X	16376986.0
5062at6231	III	III	8361971.0	III	13602437.5
5067at6231	X	X	13961419.5	X	945707.0
5070at6231	I	I	5130736.5	I	14478427.0
5071at6231	X	X	7370425.0	X	13822670.0
5074at6231	III	III	18084929.5	III	1301139.0
5082at6231	I	I	16853486.0	I	5472949.0
5083at6231	III	III	11346578.5	III	6039955.0
5088at6231	I	I	10151619.5	I	560355.0
5090at6231	I	I	7582531.0	I	15424649.0
5091at6231	V	V	9736398.0	V	15624982.0
5103at6231	IV	IV	6867140.5	IV	137953.5
5113at6231	II	II	6605750.0	II	12933907.0
5117at6231	III	III	18787539.5	III	381386.0
5127at6231	IV	IV	12926649.5	IV	9948579.0
5131at6231	III	III	15313354.0	III	8387380.0
5132at6231	X	X	9305283.0	X	797209.5
5135at6231	III	III	3447414.0	III	13284477.0
5136at6231	II	V	9946388.0	V	16078865.0
5142at6231	I	I	15606246.0	I	7518596.5
5147at6231	II	II	10596635.0	II	8417852.5
5158at6231	III	III	11412749.0	III	7068568.0
5165at6231	X	X	7624811.0	X	14404279.5
5179at6231	II	II	11039050.0	II	12199935.5
5188at6231	V	V	16660306.0	V	8232539.0
5189at6231	III	III	9862187.0	III	5782770.5
5190at6231	IV	IV	15136339.5	IV	7849255.5
5191at6231	III	III	11793775.0	III	10101212.0
5198at6231	II	III	13105492.5	III	6586446.5
5199at6231	I	I	11040284.5	I	7204688.0
5200at6231	IV	IV	3760912.0	IV	11425343.0
5202at6231	I	I	8893267.5	I	12794310.0
5207at6231	II	II	8446235.5	II	7973801.5
5208at6231	X	X	9161028.5	X	16875848.5
5229at6231	V	V	6178454.5	V	3445139.0
5240at6231	I	I	13406304.0	I	2145811.0
5248at6231	III	III	13316442.5	III	6466921.0
5249at6231	II	II	9710699.5	II	5929802.0
5256at6231	I	I	13466878.5	I	2063702.5
5261at6231	III	III	7886252.0	III	14188065.0
5268at6231	I	I	15485015.5	I	7580504.0
5269at6231	III	IV	7450102.0	IV	12637661.0
5276at6231	I	I	544598.5	I	6545320.5
5280at6231	I	I	11780797.0	I	7335867.5
5283at6231	II	II	5756057.5	II	9855206.5
5285at6231	II	II	8752645.0	II	13019870.0
5289at6231	X	X	10675381.5	X	1853474.5
5290at6231	II	II	12754662.5	II	15151451.0
5291at6231	III	III	7361404.0	III	14870361.5
5294at6231	II	II	10789624.5	II	11619558.5
5295at6231	II	II	5961504.0	II	9934819.5
5296at6231	X	X	2365264.0	X	9828707.0
5297at6231	IV	IV	5970831.5	IV	19038292.5
5298at6231	V	V	9159349.5	V	12677718.5
5306at6231	IV	IV	3748439.0	IV	11421960.0
5309at6231	III	III	706933.5	III	3242687.5
5311at6231	I	I	15611209.5	I	7515174.5
5318at6231	IV	IV	16721948.5	IV	1495756.0
5319at6231	V	V	14992804.0	V	10792542.5
5324at6231	X	X	12658690.5	X	280132.0
5330at6231	I	I	10606223.5	I	3710075.0
5334at6231	II	II	9018878.0	II	5638491.5
5340at6231	III	III	10290913.5	III	9367632.0
5342at6231	IV	IV	7878523.0	IV	7319075.5
5344at6231	V	V	1911982.0	V	12301111.0
5347at6231	II	II	11406028.5	III	2531106.5
5351at6231	II	II	18228858.0	II	18232773.0
5357at6231	II	II	7492566.5	II	11365575.5
5363at6231	X	X	6025932.0	X	12671245.5
5364at6231	I	I	12817712.5	I	3902873.5
5365at6231	I	I	11533233.0	I	7004401.5
5373at6231	V	V	12056206.0	V	8922834.0
5379at6231	I	I	5573572.0	I	10661449.5
5387at6231	III	III	12458595.0	III	4871632.5
5398at6231	V	V	9461624.0	V	2244400.0
5406at6231	II	II	645221.0	II	12544314.5
5415at6231	II	II	226878.5	II	13578834.0
5420at6231	III	III	12029406.5	III	9901285.0
5441at6231	X	X	7084682.0	X	13507944.0
5451at6231	unassigned	I	17405675.5	I	8878109.0
5452at6231	II	II	4801871.5	II	6852692.0
5458at6231	III	III	13835142.5	III	8203778.5
5465at6231	IV	IV	16371314.0	IV	6358616.0
5466at6231	I	I	15866494.0	I	4410471.5
5470at6231	I	I	17966062.5	I	1154019.0
5480at6231	X	X	6719704.5	X	13151006.0
5481at6231	I	I	13121172.0	I	1942398.5
5482at6231	II	II	8779008.5	II	13047302.5
5484at6231	I	I	8909045.0	I	12383349.0
5487at6231	II	II	6213736.5	II	9241691.5
5488at6231	X	X	8049348.0	X	15717058.5
5490at6231	III	III	10902334.0	III	7458223.0
5499at6231	IV	IV	10348452.0	IV	8785469.5
5500at6231	I	III	10710214.5	III	9689002.5
5501at6231	V	III	18989169.0	III	47440.0
5502at6231	X	X	16574183.0	X	7147861.5
5505at6231	I	I	13208484.0	I	1272325.5
5510at6231	V	V	10754423.0	V	19115023.5
5513at6231	X	X	8082372.0	X	15611148.0
5514at6231	I	I	6070714.0	I	11813150.0
5515at6231	I	III	13686003.5	IV	12631243.5
5517at6231	III	III	16867136.0	III	9016445.0
5521at6231	I	I	14828040.0	I	5748674.0
5522at6231	X	X	11653005.5	X	3394383.5
5542at6231	I	I	14489068.0	I	6150507.5
5545at6231	II	V	1325413.0	III	12882569.5
5548at6231	II	II	9012520.5	II	5589822.5
5556at6231	II	II	4852578.0	II	21277.0
5566at6231	I	I	12887957.5	I	3817762.0
5569at6231	II	II	4062303.0	II	4063585.0
5572at6231	IV	IV	8372869.5	IV	11278426.5
5574at6231	II	II	3562911.5	II	8088132.5
5576at6231	V	V	1977708.0	V	10183652.0
5579at6231	III	III	18922095.5	III	418862.5
5581at6231	I	I	1862705.0	I	17091472.0
5585at6231	I	I	17369753.5	I	8822239.5
5594at6231	X	X	10158893.5	X	1384620.0
5598at6231	unassigned	III	2784847.5	III	10730033.5
5607at6231	III	III	5340792.5	III	18636822.0
5608at6231	I	I	10935349.0	I	12051579.0
5610at6231	I	IV	13550671.5	I	415018.0
5611at6231	I	I	11452825.5	I	7052417.5
5614at6231	IV	IV	13778117.0	IV	12590573.0
5616at6231	unassigned	V	6161099.5	V	3413113.0
5621at6231	I	I	14706304.0	I	5907424.0
5626at6231	III	III	219200.0	III	3513027.5
5643at6231	X	X	14653972.0	X	4402304.5
5655at6231	I	I	647796.5	I	1705817.5
5660at6231	V	V	7336027.5	V	13634851.5
5664at6231	V	V	6752162.5	V	9333111.5
5668at6231	III	III	1538229.0	III	12591203.0
5671at6231	III	III	10509443.0	III	9554708.0
5676at6231	I	I	14240553.0	I	3321890.5
5680at6231	V	V	4746661.0	V	8709706.0
5685at6231	X	X	15623663.0	X	6949612.0
5693at6231	IV	IV	7808296.0	IV	7395721.5
5694at6231	V	V	4134553.5	V	11169172.0
5703at6231	I	I	5568275.0	I	10653386.0
5705at6231	I	I	15946576.5	I	4476747.5
5707at6231	III	III	14508900.0	III	7928650.0
5714at6231	IV	IV	13399728.5	IV	11676335.5
5715at6231	I	I	15140363.0	I	18246456.0
5717at6231	V	V	10887947.5	V	19766582.5
5718at6231	IV	IV	755364.5	X	8337544.5
5725at6231	I	I	763398.0	I	8379222.0
5726at6231	II	II	7077154.0	II	13125800.0
5739at6231	II	II	8650471.0	II	9595269.0
5740at6231	I	I	14854468.5	I	5719145.5
5741at6231	III	III	9916198.0	III	5814188.5
5750at6231	II	II	7394092.5	II	10487407.0
5752at6231	II	II	8396758.0	II	8010077.5
5754at6231	X	X	6904629.0	X	13350635.0
5755at6231	X	X	8699146.0	X	15952235.5
5761at6231	I	I	16009218.0	I	4529230.0
5769at6231	III	III	12287047.5	III	3971134.5
5771at6231	V	V	15149718.5	V	16998995.0
5773at6231	I	I	14245198.0	I	3318769.5
5779at6231	II	II	1124896.0	II	12862900.0
5785at6231	I	I	17338448.5	I	8851696.0
5789at6231	I	I	11711295.0	I	7351197.5
5793at6231	II	II	15357102.5	II	16176507.5
5800at6231	I	I	7422241.0	I	15740925.5
5805at6231	V	V	11157094.5	V	20421234.5
5807at6231	IV	IV	7750737.5	IV	7456865.5
5811at6231	I	I	5468593.5	I	10534638.0
5812at6231	X	X	1471465.5	X	11837855.0
5818at6231	III	III	18684125.0	III	540322.0
5822at6231	II	II	7504124.5	II	11359590.5
5834at6231	III	III	10928964.5	III	7436938.5
5839at6231	II	II	17966398.5	II	21391086.5
5842at6231	X	V	17569702.0	V	301003.0
5854at6231	IV	IV	8094289.0	IV	7042857.5
5855at6231	IV	IV	10175479.5	IV	10144998.0
5856at6231	IV	IV	9074534.0	IV	2488237.5
5858at6231	III	III	1625012.0	III	12570617.0
5864at6231	I	I	13519419.5	I	3719019.0
5868at6231	I	I	14520263.0	I	6124736.0
5869at6231	I	IV	13765434.0	IV	12598385.5
5872at6231	X	X	13599842.0	X	16305250.5
5875at6231	V	V	13306773.0	V	6559386.0
5882at6231	III	III	8050176.0	III	11151910.5
5888at6231	III	III	18054811.0	III	1371642.0
5891at6231	III	III	10769956.0	III	9754627.5
5895at6231	I	I	17865170.5	I	585532.0
5900at6231	I	I	7297524.0	I	14684228.0
5909at6231	V	V	3297013.0	V	6567177.0
5913at6231	II	II	15292625.0	II	16365458.5
5915at6231	III	III	12882792.0	III	6708936.5
5916at6231	III	III	15894542.5	III	8597939.0
5919at6231	II	V	1316416.0	III	12889234.0
5923at6231	III	III	6332079.0	III	4615062.0
5928at6231	II	II	8125717.5	II	7094980.0
5930at6231	II	II	7291605.5	II	10571864.0
5945at6231	III	III	6522586.5	III	19613379.5
5952at6231	I	I	18003889.5	I	1203824.0
5957at6231	I	I	9419648.0	I	8207758.0
5962at6231	III	III	12760771.0	III	5464161.5
5965at6231	II	II	801899.5	II	7829818.5
5978at6231	I	I	690769.0	I	7700320.5
5979at6231	II	II	6016534.5	II	9992459.0
5988at6231	V	X	9345840.5	X	768088.5
5996at6231	V	V	5724638.5	V	3821192.5
6021at6231	II	II	2468092.0	II	12005557.5
6022at6231	III	III	17806730.0	III	2447131.0
6023at6231	I	I	16425997.5	I	4896173.0
6028at6231	III	III	328140.0	III	3816680.0
6031at6231	III	III	8650097.0	III	10979743.5
6032at6231	IV	IV	9269437.5	IV	9479973.0
6036at6231	IV	IV	8397398.0	IV	11619001.0
6037at6231	II	II	11615714.0	II	13831527.5
6041at6231	I	I	13471286.0	I	2062320.5
6046at6231	IV	IV	8559639.5	IV	4114279.0
6052at6231	II	II	14970764.5	II	16998629.0
6057at6231	IV	IV	7707942.0	IV	7507812.5
6060at6231	III	III	12707615.5	III	5394707.0
6065at6231	I	I	11494159.5	I	7028321.0
6080at6231	III	III	8435297.5	III	15988031.5
6081at6231	V	V	10628150.5	V	20217868.0
6082at6231	IV	IV	8930291.5	IV	1084009.0
6083at6231	II	II	866244.0	II	7906855.0
6102at6231	X	X	13850732.5	X	859522.5
6103at6231	IV	IV	7737141.0	IV	7472623.0
6104at6231	X	X	12248648.0	X	5648454.5
6105at6231	IV	IV	1259608.0	IV	17170877.0
6106at6231	II	II	10804804.0	II	7549939.5
6111at6231	I	I	14443133.5	I	6220657.0
6122at6231	III	III	11281601.5	III	5976263.0
6132at6231	IV	IV	7914797.0	IV	7277103.5
6134at6231	I	I	14657704.5	I	5962170.0
6137at6231	II	II	11284781.0	II	9684017.5
6138at6231	I	I	9022739.5	I	12589369.0
6146at6231	II	II	9761550.0	II	9464393.0
6148at6231	IV	IV	12915880.5	IV	9956209.5
6156at6231	III	III	6567969.5	III	19710618.0
6167at6231	I	I	1129740.0	I	17682751.0
6172at6231	V	III	8800577.0	III	11335084.0
6176at6231	IV	IV	15008454.5	IV	7892452.0
6182at6231	IV	IV	10793680.5	IV	1985792.0
6186at6231	III	III	10412482.0	III	9460302.0
6192at6231	V	V	16090359.5	V	8169666.5
6197at6231	X	X	6175112.0	X	12795931.5
6207at6231	I	I	13680339.5	I	2906392.0
6209at6231	V	V	4741585.5	V	8712322.5
6214at6231	I	I	14363211.0	I	6289302.0
6218at6231	X	X	17903768.5	X	8374806.0
6222at6231	IV	IV	7891377.5	IV	7305851.0
6233at6231	II	II	10512257.5	II	13596510.0
6234at6231	V	V	15266582.0	V	7386501.5
6237at6231	V	I	10296772.0	I	9441297.5
6240at6231	unassigned	I	10062777.0	I	673768.5
6250at6231	IV	II	17148354.5	II	20957635.5
6265at6231	V	V	14853719.5	V	10577997.0
6269at6231	III	IV	13268214.0	IV	12231963.0
6270at6231	I	I	13808190.5	I	2625551.5
6293at6231	IV	IV	18145460.5	IV	12420419.0
6299at6231	I	I	14892333.5	I	5684397.5
6302at6231	unassigned	V	17150172.5	V	8196195.0
6303at6231	V	V	1938847.5	V	10212892.5
6305at6231	II	II	1049886.5	II	12893362.0
6309at6231	III	III	5586800.5	III	18461083.0
6310at6231	III	III	17224664.0	III	9178489.5
6311at6231	II	II	8725216.0	II	6150028.0
6318at6231	III	III	12318352.0	III	4065720.0
6328at6231	III	III	11878416.5	III	10020947.5
6338at6231	III	III	8837376.0	III	12304615.0
6340at6231	III	III	7825049.0	III	14261108.0
6348at6231	X	X	14485281.5	X	4669734.0
6350at6231	I	I	17548064.0	I	9020488.5
6360at6231	I	I	12403049.0	I	8709381.5
6366at6231	III	III	4425373.0	III	13978397.0
6374at6231	IV	IV	13701698.5	IV	20166996.5
6379at6231	II	II	3802475.5	II	5271477.5
6387at6231	V	V	1773272.0	V	11342836.0
6415at6231	III	III	18114595.0	III	1256175.5
6423at6231	V	V	17922426.0	V	6835463.5
6427at6231	II	II	11219273.5	II	9636036.5
6434at6231	IV	IV	13707329.0	IV	20162338.5
6438at6231	X	X	13409180.0	X	16248873.5
6439at6231	V	V	7271931.0	V	13195512.5
6440at6231	I	I	15305372.5	I	18065346.0
6448at6231	II	II	9470412.5	II	4956773.5
6451at6231	II	II	6608123.5	II	12935385.5
6462at6231	III	III	14491773.5	III	7937273.5
6479at6231	V	V	10113574.0	V	15145219.5
6481at6231	X	X	3508103.0	X	10831836.0
6482at6231	II	II	15024204.0	II	17326630.0
6487at6231	III	II	17488737.0	II	21273520.5
6496at6231	I	I	16882772.0	I	5498261.5
6503at6231	X	X	499995.0	X	9444691.5
6507at6231	III	III	14062141.0	III	8090705.0
6514at6231	V	V	10651048.0	V	19896053.0
6523at6231	II	II	12615795.0	X	1295785.5
6531at6231	X	X	14489131.0	X	4665877.0
6532at6231	II	II	15868160.0	II	21212924.5
6553at6231	III	III	1175292.0	III	12970780.5
6557at6231	II	II	252735.0	II	13557609.0
6566at6231	III	III	6668011.0	III	18055097.5
6569at6231	III	III	10635486.5	III	9644347.5
6570at6231	X	X	8335404.5	X	15126965.5
6571at6231	III	III	12082840.5	III	6823272.0
6590at6231	I	I	16595415.5	I	5657910.0
6594at6231	X	X	7779869.0	X	14256567.0
6597at6231	I	I	3698393.5	I	67210.5
6599at6231	III	III	9974480.5	III	5857282.5
6600at6231	III	III	11372254.5	III	6071869.5
6601at6231	II	II	1848939.5	II	253253.5
6610at6231	III	III	14692196.0	III	7882140.5
6614at6231	II	II	7467927.0	II	11379819.5
6630at6231	V	V	14488578.5	V	8728509.5
6635at6231	IV	IV	13069296.5	V	11745013.5
6636at6231	II	II	7538008.0	II	11333402.5
6637at6231	III	III	18773486.5	III	854393.5
6642at6231	I	I	11831647.5	I	7297279.5
6649at6231	II	II	5905408.0	II	9881496.5
6652at6231	II	II	451274.5	II	12640516.0
6662at6231	unassigned	X	7357648.5	I	6483509.0
6663at6231	I	I	8777800.0	I	1829847.0
6666at6231	I	I	13206364.5	I	1274684.0
6675at6231	I	I	16335802.0	I	5026727.0
6678at6231	unassigned	I	15236403.5	I	18142538.5
6679at6231	III	III	16325579.0	III	8774707.5
6683at6231	X	X	7833142.0	X	14457561.0
6686at6231	I	I	6311760.0	I	11678131.5
6687at6231	X	X	11626734.0	X	3342076.0
6689at6231	II	II	11195009.0	II	9613290.5
6690at6231	V	V	8709458.0	V	11629899.0
6693at6231	V	V	3062604.0	V	234716.5
6704at6231	IV	IV	14161002.0	IV	6881981.0
6706at6231	I	I	15271417.0	I	18111272.5
6707at6231	III	III	7075880.0	III	10388098.5
6708at6231	III	IV	15527677.5	IV	2186069.5
6709at6231	II	II	1722443.5	II	6948092.0
6711at6231	IV	IV	8087034.0	IV	7031529.0
6716at6231	V	V	7473629.5	V	13832915.5
6736at6231	II	IV	8647045.0	IV	12659336.5
6745at6231	V	V	10021607.5	V	15421276.5
6752at6231	V	V	2844358.5	V	4603062.0
6753at6231	IV	IV	240171.0	IV	14670861.0
6756at6231	IV	IV	17263987.5	IV	6538511.5
6757at6231	V	V	9480294.5	V	1907740.5
6764at6231	III	III	6424415.0	III	4949121.5
6765at6231	V	III	10023198.5	III	5905098.0
6768at6231	I	I	7793160.0	I	9751863.5
6772at6231	III	III	7926547.0	IV	2899787.5
6778at6231	II	II	1377815.5	II	12753545.5
6783at6231	unassigned	IV	5046857.0	IV	15196164.0
6806at6231	III	III	13035293.5	III	6617832.0
6812at6231	V	V	11696716.5	V	6398262.5
6813at6231	III	III	333421.0	III	3825917.5
6815at6231	I	I	9560810.0	I	717932.0
6816at6231	X	X	7739231.5	X	14210615.5
6827at6231	I	I	9127747.5	I	12512359.5
6830at6231	III	III	11672198.5	III	6107312.5
6833at6231	V	V	3236016.0	V	5894372.0
6835at6231	III	III	8687042.5	III	10945286.0
6838at6231	V	V	8265287.5	V	16870700.5
6843at6231	II	II	7081119.0	II	13122923.5
6846at6231	V	V	18174088.5	V	2706188.5
6848at6231	III	III	12434769.5	III	4802813.5
6857at6231	IV	IV	16605436.5	IV	6052861.0
6860at6231	unassigned	III	18107571.5	III	1267274.0
6861at6231	I	I	16254297.0	I	5090412.5
6862at6231	III	III	4689508.0	III	11631387.5
6875at6231	I	I	16602342.0	I	5664087.0
6876at6231	IV	IV	9951619.5	IV	10603083.5
6877at6231	III	III	1549470.0	III	12597276.5
6879at6231	X	X	7136638.0	X	13559802.5
6880at6231	I	I	16043695.0	I	4554996.0
6886at6231	V	V	7054680.0	V	13516247.5
6898at6231	II	II	9828688.5	II	10059464.0
6900at6231	IV	IV	8084780.5	IV	7027100.5
6902at6231	I	I	11043532.5	I	7207512.0
6907at6231	I	V	757519.5	V	11782799.0
6914at6231	IV	IV	15211093.5	IV	7717639.0
6917at6231	II	II	10801846.5	II	7544094.5
6924at6231	X	X	17020777.0	X	7657231.5
6932at6231	IV	IV	7299519.0	IV	13731811.0
6941at6231	III	III	10696500.5	III	9678858.5
6942at6231	IV	IV	12905288.0	IV	10645605.0
6943at6231	IV	IV	6861192.0	IV	141466.5
6945at6231	V	V	16219678.5	V	8429488.0
6946at6231	I	I	15624298.5	I	7508608.5
6947at6231	I	I	3258750.0	I	6780271.5
6949at6231	III	III	12445366.0	III	4831229.0
6960at6231	IV	IV	10917837.5	IV	1281576.0
6967at6231	III	III	16258194.0	III	8743692.0
6977at6231	I	I	15597542.5	I	7524676.5
6979at6231	III	III	8598256.0	III	11033450.5
6984at6231	III	III	13330722.0	III	6461401.5
6989at6231	III	III	18914411.0	III	348220.5
6991at6231	I	I	8199996.5	I	9574706.5
6998at6231	II	II	11205082.0	II	9620510.5
7002at6231	I	I	11408984.5	I	7072394.0
7003at6231	X	X	8114483.5	V	8729980.5
7004at6231	I	I	12867187.0	I	3838322.5
7005at6231	I	I	17375401.5	I	8818078.5
7007at6231	I	I	8878961.0	I	12240487.5
7008at6231	III	III	15977988.0	III	8636011.5
7009at6231	I	I	7870703.0	I	9185826.5
7010at6231	II	II	5510555.0	II	7733259.0
7020at6231	II	II	12961337.5	II	14567019.5
7026at6231	II	II	17472089.0	II	21328948.5
7029at6231	IV	IV	12423028.0	IV	11045934.5
7045at6231	V	III	10033405.0	III	5926732.5
7046at6231	V	V	10920265.5	V	19298664.0
7050at6231	V	V	7659968.0	V	18237152.0
7056at6231	X	X	15694284.0	X	6876853.5
7061at6231	II	II	10225399.0	II	11469936.0
7063at6231	III	III	11731326.5	III	7131568.0
7068at6231	I	I	16108916.0	I	4697446.5
7071at6231	unassigned	II	14755931.5	II	18903622.5
7076at6231	V	V	5546319.0	V	6987014.5
7086at6231	IV	IV	15138539.0	IV	7850962.5
7088at6231	II	II	8260054.0	II	3155263.0
7089at6231	I	I	16092633.5	I	4593557.5
7094at6231	X	X	15790203.5	X	7019028.0
7108at6231	IV	IV	14011920.5	IV	13416105.5
7109at6231	II	II	13079570.0	II	15506411.5
7110at6231	X	X	8357654.0	X	15098700.0
7114at6231	III	III	10147010.0	III	9257096.5
7116at6231	V	V	9136265.0	V	13018065.0
7119at6231	I	I	11003302.0	I	7185877.5
7123at6231	I	I	17047110.0	I	5393242.0
7125at6231	V	IV	143910.5	IV	14913696.0
7127at6231	V	V	13839440.0	V	11030454.5
7130at6231	IV	IV	16535148.0	IV	6138011.5
7146at6231	I	I	2556500.0	I	11067686.5
7148at6231	I	I	17683700.0	I	7818981.5
7151at6231	III	III	8541011.5	III	19846853.0
7161at6231	V	V	9293644.0	V	12644340.0
7163at6231	IV	IV	10540663.5	III	13836020.5
7175at6231	III	III	6038166.5	III	1619299.0
7182at6231	V	V	10871492.5	V	19726717.5
7183at6231	II	II	6285566.5	II	8713567.0
7186at6231	III	III	18147297.5	III	1219320.5
7187at6231	X	X	12549434.5	X	359063.0
7196at6231	V	V	6729961.5	V	9309778.0
7197at6231	I	I	7425876.5	I	15752386.0
7201at6231	X	X	4886104.0	X	11567527.0
7202at6231	IV	IV	617586.5	IV	16845015.0
7205at6231	IV	IV	12266565.0	IV	11814244.0
7216at6231	III	III	11849255.0	III	10046423.0
7223at6231	V	V	13978665.5	V	5258581.5
7224at6231	IV	IV	3554221.0	IV	18246472.5
7225at6231	III	III	12938970.0	III	6668891.5
7230at6231	III	III	7154954.5	III	10478153.0
7232at6231	I	I	5935947.0	I	11796302.0
7234at6231	III	III	12673383.5	III	5342007.0
7246at6231	IV	IV	4513623.5	IV	19807060.0
7250at6231	X	X	17250632.5	X	8176505.5
7251at6231	V	V	6742569.5	V	9324344.5
7252at6231	V	V	843368.5	V	11124935.0
7260at6231	I	I	2060196.0	I	14109453.0
7264at6231	IV	IV	4448531.5	IV	19838996.0
7265at6231	III	III	10212004.5	III	9301920.0
7266at6231	V	III	7400458.5	III	14095173.5
7269at6231	III	III	11732635.5	III	7132742.0
7275at6231	II	II	9475059.5	II	5133750.5
7278at6231	I	I	15599121.5	I	7523117.5
7280at6231	I	I	5164840.5	I	9927737.0
7281at6231	I	I	15940286.5	I	4472021.0
7286at6231	unassigned	III	11524678.5	III	6944694.5
7287at6231	II	II	10023463.0	II	5824220.0
7288at6231	I	I	15396613.5	I	17903848.5
7289at6231	II	II	9609353.0	II	11013306.0
7292at6231	I	I	12881580.0	I	3824188.5
7293at6231	III	III	12972202.0	III	6653024.0
7299at6231	I	I	15442730.0	I	17757514.0
7302at6231	X	X	9449821.0	X	686786.5
7305at6231	I	I	13364903.5	I	2185776.5
7311at6231	III	II	1518618.0	II	8988514.5
7319at6231	I	I	5487467.0	I	10576782.0
7322at6231	III	III	3317107.5	III	19745004.0
7327at6231	II	II	6648407.0	II	8992623.0
7330at6231	III	III	12223366.5	III	6844748.5
7340at6231	V	V	7741370.5	V	18112212.5
7345at6231	I	I	12480842.5	I	9328115.5
7347at6231	X	X	8457468.5	X	14914649.0
7351at6231	I	I	3434733.5	I	4244512.5
7353at6231	III	III	10352906.5	III	9413755.5
7363at6231	III	III	12373268.5	III	5041339.5
7367at6231	I	I	15984365.0	I	4546003.0
7371at6231	V	V	9454569.5	V	2233126.0
7381at6231	V	V	17142409.5	V	8197936.5
7384at6231	II	II	9503996.5	II	5007186.0
7385at6231	I	I	16053889.0	I	4566628.0
7401at6231	II	II	1846310.0	II	249593.5
7402at6231	V	V	10885052.5	V	19762413.5
7416at6231	I	I	13382928.5	I	2165381.5
7418at6231	I	I	531785.5	I	6533628.5
7419at6231	V	V	7117943.5	V	13402368.0
7422at6231	III	III	12496593.5	III	5081712.0
7423at6231	X	X	14032046.5	X	1010036.5
7430at6231	I	I	11018363.0	I	7191177.5
7447at6231	IV	IV	4375374.0	IV	20084817.0
7460at6231	III	V	6026161.0	V	17693475.5
7469at6231	II	II	15856892.0	II	21205930.5
7473at6231	II	II	7993447.5	II	7294118.5
7474at6231	V	V	582858.5	V	5169976.0
7475at6231	II	II	17977590.5	II	21383569.0
7478at6231	V	V	14809627.5	V	10558156.5
7479at6231	II	II	17921553.0	II	1701243.0
7480at6231	II	II	18321590.0	II	18164959.5
7481at6231	X	X	7786026.5	X	14272491.0
7492at6231	I	I	17599746.5	I	7744175.5
7500at6231	IV	IV	14731518.5	IV	8050704.0
7507at6231	X	X	15591491.5	X	6738844.0
7519at6231	V	V	5315421.5	V	811540.5
7520at6231	IV	IV	16736960.5	IV	1513548.5
7521at6231	III	III	12007399.5	III	9922616.5
7524at6231	unassigned	II	636714.0	II	12540449.0
7525at6231	I	I	14347944.5	I	6307934.0
7526at6231	IV	IV	12292907.5	IV	11787024.5
7528at6231	I	I	16965130.5	I	5558496.5
7540at6231	V	V	3047304.0	V	248023.5
7546at6231	I	I	11028927.0	I	7196646.0
7555at6231	I	I	7884024.0	I	9191320.5
7557at6231	III	II	10253996.5	II	11499363.5
7558at6231	III	III	18938283.0	III	334400.0
7560at6231	IV	IV	2765288.5	IV	18169894.0
7561at6231	V	V	9089432.0	V	20552418.5
7565at6231	III	III	6849825.5	III	10329626.5
7566at6231	X	X	10249089.0	X	1406014.0
7571at6231	III	III	9964061.5	III	5849896.5
7573at6231	I	I	12876198.5	I	8238682.0
7579at6231	I	I	7437097.0	I	15770292.0
7586at6231	IV	IV	5512774.0	IV	17426074.5
7601at6231	X	X	2207914.5	X	9911339.0
7606at6231	X	X	9909099.5	X	1109995.0
7615at6231	III	III	7235911.5	III	15087998.0
7617at6231	X	X	2371273.0	X	9823921.0
7626at6231	I	I	12262309.0	I	8623518.0
7627at6231	I	I	12505099.0	I	9319948.5
7628at6231	II	II	2502486.5	II	12016526.5
7633at6231	X	X	10267522.0	X	1427250.0
7651at6231	II	II	18517592.5	II	16696295.5
7662at6231	V	V	7396342.0	V	13710168.5
7663at6231	III	I	1781327.5	I	17200393.0
7664at6231	IV	IV	7909804.5	IV	7289527.5
7665at6231	IV	IV	8383321.0	IV	11268170.0
7669at6231	III	III	10347214.5	III	9407656.0
7670at6231	II	II	16150196.0	II	20595176.5
7672at6231	IV	IV	18022694.0	IV	5770631.0
7674at6231	unassigned	IV	7729982.5	IV	7479797.0
7675at6231	II	II	6806045.0	II	13442881.0
7678at6231	III	III	15181549.0	III	8343938.5
7681at6231	unassigned	I	13903555.0	I	2972521.0
7696at6231	IV	IV	13686129.5	IV	19873044.0
7701at6231	X	X	16600071.5	X	7127730.0
7702at6231	II	II	11842983.0	II	14132233.5
7703at6231	III	III	6574899.0	III	19703593.5
7706at6231	III	III	8312114.5	III	13688640.0
7707at6231	I	I	8075355.5	I	9650872.0
7716at6231	III	III	8490445.0	III	19800252.0
7720at6231	III	III	7985896.0	III	12368368.5
7729at6231	IV	IV	301467.5	IV	14889021.5
7736at6231	IV	IV	1252926.5	IV	17161925.5
7738at6231	I	I	8844341.5	I	1754746.0
7743at6231	III	III	13060662.5	III	6602360.0
7746at6231	V	V	7135921.0	V	13362765.0
7752at6231	V	V	9601598.0	V	15988899.0
7761at6231	unassigned	III	11398049.5	III	6093540.5
7763at6231	V	V	6355266.5	V	9151699.0
7764at6231	III	III	16254343.5	III	8741312.0
7772at6231	I	I	8873923.5	I	12273699.0
7788at6231	I	I	9154171.5	I	12494953.0
7795at6231	I	I	9310394.0	I	8053402.5
7800at6231	II	II	5913386.5	II	9894616.0
7806at6231	II	II	16969393.5	II	20890244.5
7810at6231	V	V	12138610.5	V	8884129.5
7811at6231	X	X	10578897.0	X	1750016.5
7814at6231	I	I	12638302.5	I	7439319.5
7824at6231	II	II	1098079.0	II	12872994.0
7825at6231	II	II	11200489.0	II	9617159.0
7839at6231	II	II	7909171.0	II	9475540.5
7847at6231	X	X	5793768.5	X	11335079.0
7849at6231	I	I	3523834.0	I	9795787.5
7851at6231	I	I	14590935.0	I	6065863.0
7885at6231	III	III	14512710.0	III	7926081.0
7889at6231	III	III	9267559.5	III	11299065.5
7891at6231	unassigned	X	9154668.5	I	5065788.5
7912at6231	IV	IV	12964742.5	IV	9919520.0
7913at6231	III	III	10346093.5	III	9406678.0
7921at6231	III	III	12006271.0	III	9923603.5
7926at6231	III	III	12064070.0	III	9873208.5
7927at6231	III	III	11406367.0	III	6101618.5
7943at6231	I	I	9508827.0	I	9069904.0
7955at6231	II	II	12778869.5	II	15107935.5
7961at6231	II	II	9340552.5	II	3276235.0
7970at6231	X	X	4416334.0	X	10380992.0
7975at6231	III	IV	13053940.0	X	54914.5
7983at6231	V	V	3033489.0	V	256215.0
7984at6231	II	II	5255269.0	II	10200451.5
7987at6231	II	II	7548722.5	II	11320701.0
7991at6231	III	III	14445170.0	III	7953613.0
7992at6231	IV	IV	1818030.5	IV	17860314.5
7993at6231	II	II	4579083.5	II	2645671.5
8002at6231	III	III	8740204.0	III	11152922.5
8005at6231	I	I	3172726.0	I	9765455.5
8006at6231	V	V	808400.5	V	7544298.0
8007at6231	I	I	2428876.0	I	11266699.5
8009at6231	III	III	9316435.5	III	11246181.5
8019at6231	III	III	8507081.5	III	19815894.5
8021at6231	III	III	4953300.0	III	18726906.0
8025at6231	II	II	9348393.0	II	3289155.5
8033at6231	V	V	5625627.5	V	6944341.0
8037at6231	IV	III	18076175.0	X	13693291.0
8040at6231	I	I	7998023.5	I	9706586.5
8044at6231	X	X	12701431.0	X	251553.0
8052at6231	III	III	10714577.0	III	12775337.0
8055at6231	I	I	8911220.5	I	12386680.5
8058at6231	I	I	17396621.5	I	8778268.5
8060at6231	III	III	11060482.0	III	7333970.0
8061at6231	I	I	392250.0	I	493570.5
8063at6231	III	III	9130647.0	III	9852896.0
8068at6231	II	II	4857062.5	II	28665.5
8072at6231	II	II	1785462.0	II	317765.5
8073at6231	IV	IV	9428155.0	IV	8971741.5
8081at6231	II	II	7817847.5	II	9544164.0
8086at6231	X	X	18034787.5	X	8729712.0
8087at6231	I	I	6048077.5	I	11720244.5
8088at6231	I	I	8461494.0	I	1740753.0
8090at6231	X	X	16031123.0	X	8062904.0
8093at6231	II	II	683855.0	II	12585533.0
8094at6231	I	I	12040554.0	I	8773078.0
8107at6231	IV	IV	13111763.5	IV	2995065.5
8110at6231	V	V	10645802.5	V	19880390.0
8117at6231	V	V	6396417.0	V	9180986.0
8124at6231	II	II	14769078.0	II	18868530.0
8130at6231	III	III	18460230.0	III	318149.0
8131at6231	III	III	12267604.0	III	3870038.0
8134at6231	III	III	6572125.0	III	19705082.0
8139at6231	II	II	3021176.0	II	12143406.5
8146at6231	V	V	9643594.5	V	15699051.5
8153at6231	III	III	17146820.5	III	9139907.0
8156at6231	IV	IV	7887791.0	IV	7310182.0
8183at6231	V	V	1790603.0	V	11335314.0
8184at6231	III	III	12034769.0	III	9896267.5
8187at6231	IV	IV	7693644.5	IV	7526771.5
8190at6231	II	II	11834734.0	II	14139116.5
8195at6231	I	I	15850277.0	I	4400412.5
8215at6231	V	V	6289199.0	V	9081204.0
8225at6231	I	I	7456636.0	I	15837205.0
8228at6231	III	III	8583137.5	III	11060126.0
8229at6231	III	III	10814451.5	III	7525759.5
8231at6231	I	I	15887619.5	I	4423740.5
8234at6231	X	X	16702021.0	X	7924040.0
8238at6231	V	V	13256883.0	V	6312719.0
8242at6231	III	III	6662723.5	III	18043043.0
8246at6231	III	III	12251705.0	III	7683359.0
8249at6231	III	III	11781016.5	III	10110954.0
8250at6231	IV	IV	12764653.5	IV	9181203.5
8258at6231	V	V	10611226.0	V	20186726.0
8273at6231	III	III	14002971.0	III	8129173.0
8275at6231	IV	IV	12509318.5	IV	10979446.0
8280at6231	I	I	5329584.0	I	11560967.5
8282at6231	X	X	9676609.5	X	516306.5
8283at6231	I	I	14719117.5	I	5885963.0
8288at6231	IV	IV	1386422.5	IV	13054939.5
8295at6231	II	II	9337969.0	II	3274668.5
8300at6231	IV	IV	3714640.0	IV	11411484.5
8304at6231	X	X	17746319.0	X	8483298.5
8309at6231	II	V	1321818.0	III	12878966.5
8312at6231	II	II	18282712.5	II	20403852.0
8314at6231	III	III	8448794.5	III	15915946.0
8316at6231	IV	IV	10369196.0	IV	8772056.5
8326at6231	X	V	3073845.5	V	226159.5
8328at6231	I	I	17395069.0	I	8779391.0
8329at6231	I	I	7543424.5	I	13857339.5
8337at6231	III	III	8532881.5	III	19842053.5
8340at6231	IV	IV	236518.5	IV	14671830.5
8342at6231	I	I	12648800.0	I	7435782.5
8344at6231	IV	IV	17138071.5	IV	10833047.0
8348at6231	II	II	6182071.5	II	9420353.5
8361at6231	IV	IV	14716281.5	IV	8043201.0
8362at6231	III	V	5267638.5	V	18334562.0
8363at6231	II	II	11504240.0	II	13744423.5
8377at6231	X	X	2400030.0	X	9799655.5
8379at6231	X	X	12392618.5	X	5471583.5
8392at6231	I	I	16968040.0	I	5560306.5
8395at6231	III	III	10767796.0	III	9753174.0
8399at6231	II	II	4385314.5	II	4741118.5
8408at6231	IV	IV	12920497.0	IV	9951990.5
8417at6231	I	I	7854324.0	I	9175873.5
8433at6231	II	II	3316743.0	II	8196204.5
8446at6231	I	I	13618526.0	I	3492658.0
8447at6231	III	V	12422222.5	V	8787621.5
8448at6231	I	I	17785661.0	I	8185454.0
8449at6231	IV	IV	436045.5	IV	13874490.0
8450at6231	IV	IV	10677871.5	IV	8326422.0
8452at6231	IV	IV	10771793.5	IV	1958065.5
8453at6231	IV	IV	7895711.5	IV	7302190.0
8457at6231	III	III	12199779.0	III	7667312.5
8467at6231	X	X	18031500.0	X	8727049.5
8469at6231	X	X	15353082.5	X	6337701.0
8471at6231	III	III	11011725.5	III	7375284.5
8473at6231	II	II	10052953.0	II	5873082.5
8476at6231	unassigned	III	15859938.5	III	8578852.0
8478at6231	V	V	5398812.5	V	7094993.5
8480at6231	I	I	3859587.0	I	6411907.5
8482at6231	I	I	8883202.5	I	12806787.5
8486at6231	II	II	241131.0	II	13575191.0
8491at6231	IV	IV	9215437.0	IV	9535153.0
8492at6231	II	II	9615860.0	II	11006727.0
8494at6231	X	X	8818328.5	X	17365782.5
8502at6231	II	II	2299294.5	II	11938406.0
8505at6231	I	I	5124333.0	I	14462354.5
8506at6231	I	I	17578538.0	I	9045105.5
8508at6231	X	X	6326186.0	X	12866516.0
8511at6231	IV	IV	8570034.0	IV	4093632.0
8517at6231	III	III	9324278.0	III	11241612.0
8518at6231	IV	V	5771170.0	V	4949789.5
8519at6231	III	III	9448828.0	III	10871689.0
8522at6231	III	III	11375034.0	III	6073961.5
8545at6231	IV	IV	8007161.5	IV	7140985.0
8552at6231	V	V	8787726.0	V	20929636.5
8560at6231	I	I	12859475.0	I	3846405.0
8561at6231	V	V	7751318.0	V	18094662.0
8565at6231	X	X	17958825.5	X	8331695.5
8577at6231	V	V	804890.0	V	7542242.0
8579at6231	III	III	6336539.0	III	4639050.5
8588at6231	IV	IV	12097466.5	IV	2718172.5
8595at6231	III	III	12126542.5	III	7585100.0
8602at6231	V	V	9322590.0	V	3927323.0
8603at6231	I	I	16877317.0	I	5493661.5
8615at6231	II	II	4517548.0	II	2607187.5
8619at6231	IV	IV	7860297.5	IV	7342946.0
8622at6231	III	III	13398136.5	III	6420324.5
8625at6231	I	I	10101652.5	I	526657.5
8636at6231	I	I	11171660.5	I	6795883.5
8643at6231	V	V	9943885.0	V	16081118.5
8647at6231	I	I	17083879.0	I	5423489.0
8664at6231	X	X	14686072.5	X	4332983.0
8669at6231	III	III	11128741.0	III	7270482.5
8675at6231	X	IV	17068599.0	IV	10911481.0
8676at6231	X	X	15451778.0	X	6201281.5
8687at6231	II	II	454290.5	II	12531633.5
8691at6231	I	I	9077512.0	I	12569069.5
8692at6231	I	I	6529795.5	I	15146737.5
8700at6231	I	I	13768841.0	I	2720019.5
8712at6231	I	I	13721512.0	I	2808459.0
8714at6231	III	III	13870368.5	III	8224799.0
8736at6231	X	X	7360095.0	X	13815948.0
8737at6231	V	V	13646615.5	V	11109240.5
8739at6231	II	II	6786714.5	II	13458562.0
8746at6231	V	V	18613759.5	V	3328683.0
8749at6231	I	I	8184044.5	I	9582205.5
8750at6231	IV	IV	16502239.0	IV	6195642.0
8755at6231	II	II	6711614.0	II	13516644.0
8767at6231	IV	IV	10328162.5	IV	9333512.5
8768at6231	X	X	11692535.5	X	3440031.5
8774at6231	I	I	8119674.0	I	9614568.5
8776at6231	I	I	13558760.0	I	3591934.0
8780at6231	III	I	11105003.0	I	6889206.0
8781at6231	II	II	5504860.5	II	7737336.5
8794at6231	I	I	13432818.5	I	2102752.5
8796at6231	IV	IV	17297482.0	IV	6593511.5
8810at6231	IV	IV	9453809.5	IV	9001613.5
8817at6231	III	III	8895010.0	III	19781394.0
8827at6231	IV	IV	13761014.0	IV	12600679.0
8834at6231	I	I	7745470.5	I	7463281.0
8837at6231	I	I	10395857.5	I	9425053.5
8842at6231	III	III	14060916.5	III	8091766.5
8850at6231	III	III	16717720.5	III	8957799.0
8856at6231	V	V	6586996.0	V	12180338.0
8862at6231	I	I	13321433.0	I	2545635.0
8869at6231	II	II	9990440.0	II	5776383.0
8878at6231	III	III	9138929.0	III	9861683.5
8879at6231	V	V	9214452.5	V	11408286.5
8888at6231	V	V	412472.5	V	1405119.5
8902at6231	I	I	13544016.0	I	3613767.0
8911at6231	IV	IV	9828853.5	IV	10485012.0
8914at6231	I	I	11330946.5	I	7150971.0
8917at6231	I	I	13661702.5	I	2864357.5
8918at6231	IV	IV	9914322.5	IV	10563143.0
8926at6231	II	II	4552265.5	II	2133913.5
8934at6231	III	III	10984569.5	III	7398625.5
8949at6231	I	I	13203893.5	I	1276464.0
8969at6231	II	II	16079806.0	II	17537168.5
8983at6231	II	II	6568472.5	II	533450.5
8994at6231	IV	IV	6288793.0	IV	15623141.0
9000at6231	II	II	4952711.0	II	7936205.5
9014at6231	I	I	15669582.0	I	7478312.5
9040at6231	V	V	6795587.5	V	9454658.5
9041at6231	III	III	9420020.0	III	10892123.5
9042at6231	IV	IV	4691307.0	IV	19733798.5
9048at6231	II	II	10488155.5	II	6210676.0
9049at6231	III	III	9404727.0	III	11113348.0
9051at6231	III	IV	17083051.5	IV	10926619.0
9055at6231	X	X	9541205.5	X	614232.5
9059at6231	X	X	15871702.5	X	7977057.0
9060at6231	I	I	7647496.0	I	18546285.5
9066at6231	III	III	10738572.0	III	9731256.0
9072at6231	IV	IV	1363936.5	IV	13043386.5
9077at6231	X	III	13221266.0	III	6514632.5
9081at6231	I	I	6946376.0	I	10129562.0
9082at6231	II	II	11119900.0	II	12268689.5
9092at6231	I	I	15828210.5	I	4378305.5
9097at6231	II	II	7912444.5	II	9474301.0
9098at6231	III	III	10947352.0	III	7422090.5
9120at6231	I	I	17535924.5	I	9007657.5
9150at6231	III	III	1386144.5	III	12784734.0
9163at6231	II	II	6782401.5	II	13461420.0
9164at6231	III	III	9840413.5	III	5732034.0
9166at6231	III	III	11333041.0	III	6027373.5
9187at6231	IV	IV	16865896.0	IV	1610170.5
9192at6231	X	X	8317849.5	X	15166081.0
9194at6231	IV	IV	15133980.0	IV	7847000.0
9200at6231	IV	IV	609860.0	IV	16855052.5
9206at6231	I	I	677925.0	I	1731960.0
9208at6231	X	X	14230985.5	X	4969672.0
9213at6231	III	III	18908873.5	III	372527.0
9221at6231	IV	IV	1347257.5	IV	13026730.0
9229at6231	I	I	17564938.5	I	9030141.0
9236at6231	III	III	11452746.5	III	7031776.5
9243at6231	III	III	18075918.5	III	1313246.5
9244at6231	III	III	3059068.5	III	10549043.5
9253at6231	III	III	6580325.5	III	19399597.0
9260at6231	I	I	12236992.0	I	8602738.5
9262at6231	unassigned	I	10002847.0	I	230448.0
9264at6231	II	II	10510611.0	II	13594970.0
9270at6231	V	IV	138146.5	IV	14916207.5
9275at6231	IV	IV	10674722.5	IV	8323146.5
9278at6231	IV	IV	2973109.0	IV	12797045.5
9279at6231	IV	IV	8003486.5	IV	7145364.5
9299at6231	V	V	9302930.5	V	4231592.0
9300at6231	V	V	12978336.5	V	6707628.5
9313at6231	V	V	6744397.0	V	9325956.0
9327at6231	X	X	16143387.5	X	7483645.5
9329at6231	III	III	9596604.5	III	12117764.5
9332at6231	III	III	16914609.5	III	9030989.5
9333at6231	I	I	12892882.5	I	3811168.0
9343at6231	I	I	15221626.5	I	18159091.5
9367at6231	I	I	15616082.5	I	7512302.5
9370at6231	V	V	9734100.5	V	15627646.5
9387at6231	II	II	1287700.5	II	12804951.0
9390at6231	X	X	8338219.0	X	15121579.5
9403at6231	III	III	8133731.0	III	10799049.5
9425at6231	II	II	4055305.5	II	4052352.5
9436at6231	IV	IV	7494805.5	IV	7594181.5
9440at6231	I	I	17232603.5	I	8466970.5
9441at6231	III	III	7214131.0	III	4377152.5
9443at6231	III	III	287318.0	III	3442972.0
9448at6231	X	X	3499200.5	X	10836448.0
9451at6231	III	III	7803291.0	III	16719176.5
9453at6231	III	IV	7443446.5	IV	12629242.5
9458at6231	III	III	12431751.5	III	4796323.5
9466at6231	IV	IV	8101328.5	IV	7049991.5
9467at6231	X	X	355038.5	X	9149776.5
9486at6231	V	V	18378234.0	V	2650778.0
9491at6231	unassigned	I	12324390.0	I	8667535.5
9494at6231	I	I	15520458.5	I	7565886.5
9499at6231	V	V	6816215.0	V	9436506.5
9500at6231	V	V	12419624.5	V	8788789.0
9504at6231	III	III	15872518.0	III	8585376.5
9512at6231	III	III	12578065.5	III	5200815.0
9515at6231	III	III	1108637.0	III	13044112.0
9516at6231	II	II	7814593.5	II	9546376.5
9526at6231	I	I	1305063.0	I	16596264.5
9532at6231	I	I	8525008.5	I	1886437.5
9534at6231	III	III	6029638.0	III	1629800.0
9541at6231	IV	IV	4960772.0	IV	15232335.0
9543at6231	III	III	17005595.5	III	9079223.0
9547at6231	V	V	16276527.0	V	8368391.0
9548at6231	III	III	10089968.5	III	9205203.0
9557at6231	IV	IV	14125135.5	IV	6930450.5
9559at6231	I	I	17288114.0	I	9460593.0
9563at6231	III	III	13283086.0	III	6484441.5
9564at6231	I	I	14682747.0	I	5930245.5
9574at6231	III	III	16816411.5	III	8987805.0
9579at6231	II	II	10256226.0	II	11501227.5
9582at6231	II	II	7946482.0	II	2913719.5
9588at6231	X	II	17358546.0	III	4611788.5
9611at6231	III	III	16056057.0	III	8691023.5
9613at6231	V	V	9035463.0	V	12666706.5
9615at6231	I	I	7393742.0	I	15671247.5
9618at6231	unassigned	III	7770823.0	III	16572770.0
9630at6231	I	I	9812977.0	I	6608817.5
9632at6231	II	II	5328945.5	II	10258188.5
9639at6231	I	I	4315523.5	I	16203336.0
9649at6231	III	III	8901675.0	III	19778335.0
9657at6231	II	II	9422344.0	II	7484537.5
9662at6231	V	V	7087658.5	V	13444985.5
9669at6231	IV	IV	9694938.0	IV	10348165.5
9671at6231	V	V	9428840.0	V	1934478.0
9672at6231	IV	IV	5919344.5	IV	18829573.0
9676at6231	I	I	7995724.0	I	9701831.5
9677at6231	II	II	82892.0	II	8547379.5
9681at6231	I	I	13906422.5	I	2975069.0
9714at6231	I	I	11021393.0	I	7192183.5
9719at6231	I	I	18023680.5	I	1218520.5
9736at6231	II	II	10006633.5	II	5793862.5
9739at6231	V	V	14805457.5	V	10556037.0
9748at6231	III	III	1380613.5	III	12788845.0
9774at6231	V	V	10324530.0	V	14532110.0
9785at6231	I	I	13464178.0	I	2065816.5
9788at6231	II	I	2431012.5	I	11268713.5
9792at6231	X	III	7563478.0	III	16851679.5
9802at6231	IV	IV	607536.0	IV	16862794.0
9828at6231	IV	IV	17820169.0	IV	13278738.5
9838at6231	II	II	14772559.5	II	18848534.5
9840at6231	X	X	15055277.5	X	6664108.0
9847at6231	III	III	8725252.5	III	11133970.5
9857at6231	V	V	9692150.5	V	15839738.5
9898at6231	III	III	12410897.0	III	5001896.5
9899at6231	II	II	11198071.5	II	9615381.0
9903at6231	IV	IV	9856835.5	IV	10503494.0
9915at6231	II	II	8394035.5	II	8011952.5
9922at6231	III	III	18116018.5	III	1257644.5
9923at6231	IV	IV	15205186.0	IV	7721346.0
9936at6231	IV	IV	17266977.5	IV	6533780.0
9937at6231	IV	IV	8100135.0	IV	7048339.0
9938at6231	II	II	9796414.0	II	616443.5
9940at6231	X	X	16419331.5	X	7292996.5
9959at6231	V	V	12559478.5	V	12045598.5
9967at6231	III	III	7445308.5	III	17904156.5
9976at6231	I	I	13416317.0	I	2136630.5
9986at6231	III	III	6795115.5	III	19193452.0
9987at6231	II	II	15270033.0	II	16331533.5
9998at6231	II	II	18326359.5	II	18159358.5
9999at6231	III	III	1383152.0	III	12786732.0
10010at6231	II	II	16945509.0	II	15698342.5
10018at6231	I	I	5896739.5	I	349077.0
10021at6231	III	III	14135753.0	III	8051434.5
10032at6231	II	II	10370103.5	II	6406413.5
10044at6231	I	I	13724148.0	I	2809978.0
10045at6231	IV	IV	7676166.0	IV	7553398.5
10063at6231	III	III	12706301.5	III	5393522.5
10076at6231	II	II	678725.5	II	12583054.0
10099at6231	II	II	7294639.5	II	10570066.0
10121at6231	I	I	2905066.5	I	4141845.0
10127at6231	I	I	7728750.5	I	7456230.0
10128at6231	IV	IV	10178085.0	IV	10146663.5
10139at6231	III	III	12411851.0	III	5000394.0
10150at6231	II	II	10278350.0	II	11518225.5
10165at6231	V	V	9642141.0	V	15695271.0
10170at6231	V	V	10028800.5	V	15400114.5
10177at6231	X	X	16206135.5	X	7430963.5
10185at6231	V	V	18428619.0	V	2885402.5
10190at6231	II	II	4918741.0	II	12637094.5
10222at6231	I	I	11478933.0	I	7039922.5
10237at6231	IV	I	4849228.0	III	17856734.0
10251at6231	I	I	3469400.5	I	9796562.5
10258at6231	III	III	13721166.5	III	6904648.5
10260at6231	IV	IV	7674951.0	IV	7554332.0
10271at6231	I	I	3653484.0	I	4294678.5
10273at6231	IV	IV	1257522.0	IV	17167099.0
10294at6231	IV	IV	7839149.0	IV	7362043.5
10313at6231	II	II	9666428.5	II	10145646.0
10321at6231	III	III	12432680.5	III	4798288.5
10340at6231	X	X	16056699.0	X	8077619.0
10344at6231	III	III	12762924.0	III	5465857.0
10350at6231	IV	IV	9021167.5	IV	1473004.0
10353at6231	I	I	13096708.5	I	2432239.0
10354at6231	II	II	9521470.5	II	11100755.5
10356at6231	IV	IV	10170858.5	IV	10143195.0
10373at6231	IV	IV	8324930.5	IV	8555760.0
10379at6231	III	II	7217695.5	II	10639364.5
10388at6231	III	III	9971325.5	III	5854983.5
10389at6231	V	V	6134587.5	V	3375757.5
10441at6231	I	I	13442607.5	I	2091996.5
10448at6231	II	II	17032588.5	II	20906575.0
10449at6231	II	II	9533001.0	II	11089354.0
10461at6231	II	II	10603145.5	II	8421838.0
10464at6231	unassigned	III	11430144.5	III	7053901.0
10473at6231	IV	III	475373.5	III	13075665.0
10513at6231	I	I	12332353.0	I	8669005.0
10532at6231	I	I	17176836.0	I	857487.5
10534at6231	I	I	15990722.0	I	4542401.5
10541at6231	III	III	10332252.0	III	9390569.0
10545at6231	III	III	8891209.0	III	19783238.5
10555at6231	I	I	5678860.5	I	10801184.5
10562at6231	III	III	10918041.5	III	7446920.0
10575at6231	I	I	12645765.0	I	7436857.5
10584at6231	unassigned	III	16861846.5	III	9014900.0
10610at6231	III	III	288222.5	III	3444881.5
10615at6231	I	I	17985933.0	I	1186918.0
10625at6231	IV	IV	7396059.5	IV	13164962.5
10627at6231	IV	IV	1358968.5	IV	13040496.0
10631at6231	I	I	11835047.0	I	7294530.5
10640at6231	I	I	10015291.0	I	222678.5
10655at6231	unassigned	I	12131048.0	I	8549705.0
10661at6231	I	I	6789974.0	I	14269322.5
10678at6231	II	X	9625169.0	II	21308890.0
10679at6231	V	V	17864273.0	V	7959438.5
10698at6231	III	III	10145221.0	III	9255362.0
10709at6231	V	V	17438032.0	V	10503224.5
10710at6231	IV	IV	14297541.5	IV	769084.0
10717at6231	II	II	18520286.5	II	16698223.5
10732at6231	V	V	12921697.5	V	6018291.5
10735at6231	III	III	10295259.0	III	9370981.5
10755at6231	II	III	13122999.0	III	6577688.5
10769at6231	IV	IV	4779359.5	IV	19286220.0
10777at6231	V	V	7983037.0	V	722761.0
10791at6231	I	I	14230514.0	I	3311130.5
10794at6231	IV	IV	18087625.0	IV	5849038.5
10822at6231	X	X	12015523.0	X	6087963.0
10827at6231	I	I	7303548.5	I	14704924.0
10848at6231	I	I	15968533.0	I	4497670.5
10853at6231	III	III	9099376.0	III	9819895.0
10864at6231	III	III	6652467.5	III	18030303.5
10898at6231	I	I	14439937.5	I	6225361.0
10907at6231	I	I	16897640.0	I	5513714.0
10918at6231	I	I	4937038.5	I	13997844.5
10928at6231	I	I	5069020.5	I	14340731.0
10935at6231	III	III	10188144.0	III	9286477.0
10953at6231	I	I	11734312.0	I	7339864.0
10979at6231	X	X	8702712.5	X	15943967.5
10987at6231	II	II	7808296.5	II	9551466.5
11021at6231	V	V	15166710.0	V	16977680.5
11034at6231	I	V	9379317.0	V	4217794.0
11036at6231	III	III	18759698.5	III	871052.0
11046at6231	I	I	6674288.0	I	10197765.5
11066at6231	I	I	7003540.5	I	10146596.0
11082at6231	III	III	16338683.5	III	8780351.0
11111at6231	III	III	10437620.0	III	9479609.5
11115at6231	V	IV	283351.5	IV	14672503.0
11124at6231	IV	IV	10299092.0	IV	9363031.5
11126at6231	III	III	7922483.0	III	17895168.0
11127at6231	IV	IV	12973867.0	IV	9910676.5
11179at6231	III	III	8411048.0	III	13523777.0
11187at6231	V	V	10411500.5	V	14202010.5
11192at6231	III	III	10256212.0	III	9336178.0
11194at6231	I	I	1275813.0	II	7169723.5
11229at6231	III	III	897844.5	III	14981183.0
11250at6231	X	X	15643233.0	X	6934422.5
11267at6231	V	V	17124256.0	V	8204768.0
11289at6231	X	X	18043081.5	X	8733750.5
11295at6231	I	I	10753252.5	I	9139342.5
11307at6231	V	V	16451256.5	V	7419664.0
11314at6231	III	III	13402798.5	III	6417301.5
11372at6231	I	I	10042454.0	I	199129.5
11385at6231	I	I	10909583.0	I	12087439.0
